FLT,VIP,LKF,RFC,ORG,VI1,TOF,REG,ITY,TAR,CAR,ABP,STP,STA,ETA,TDT,ATA,RCP,FSA,SDT,POP,OPE,NAT,FLX,MFF,SST
MU556,,MU556,加尔-昆明,CCU,,I,B6870,A320,,,,3:00,5:45,,,,,33-计划,2017/6/19,REG,REG,PAX,,,0
UW9948,,UW9947,马德拉斯-昆明,MAA,,I,B2330,A306,,,,3:00,6:50,,,,,33-计划,2017/6/19,REG,REG,PAX,,,0
MU5094,,MU5094,新加坡-昆明,SIN,,I,B1609,A320,,,,3:30,7:30,,,,,33-计划,2017/6/19,REG,REG,PAX,,,0
SC8886,,SC8886,曼谷-昆明,BKK,,I,B7087,B738,,,,4:05,5:55,,,,,33-计划,2017/6/19,REG,REG,PAX,,,0
8L9584,,8L9805,马尼拉-昆明,MNL,,I,B8446,A320,,,,4:40,8:05,,,,,33-计划,2017/6/19,REG,REG,PAX,,,0
MU2592,,MU5456,普吉-昆明,HKT,,I,B2229,A320,,,,5:30,8:25,,,,,33-计划,2017/6/19,REG,REG,PAX,,,0
CF9018,,CF9017,南京-昆明,NKG,,D,B2824,B757,,,,6:00,8:55,,,,,33-计划,2017/6/19,REG,REG,CGO,,,0
PN6393,,PN6393,重庆-昆明,CKG,,D,B8102,A320,,,,6:10,7:55,,,,,33-计划,2017/6/19,REG,REG,PAX,,,0
SC8829,,SC8829,青岛-昆明,TAO,,D,B1743,B738,,,,6:10,9:45,,,,,33-计划,2017/6/19,REG,REG,PAX,,,0
3U8206,,3U8205,广州-昆明,CAN,,D,B8329,A320,,,,6:15,8:45,,,,,33-计划,2017/6/19,REG,REG,PAX,,,0
8L9994,,8L9855,西安-昆明,XIY,,D,B7990,B738,,,,6:25,8:50,,,,,33-计划,2017/6/19,REG,REG,PAX,,,0
MU2567,,MU2567,广州-昆明,CAN,,D,B5701,B738,,,,6:30,9:05,,,,,33-计划,2017/6/19,REG,REG,PAX,,,0
EU2223,,EU2721,成都-昆明,CTU,,D,B6940,A320,,,,6:35,8:20,,,,,33-计划,2017/6/19,REG,REG,PAX,,,0
KY8286,,KY8273,广州-昆明,CAN,,D,B5672,B738,,,,6:45,9:15,,,,,33-计划,2017/6/19,REG,REG,PAX,,,0
8L9905,,8L9910,版纳-昆明,JHG,,D,B5249,B737,,,,6:50,7:50,,,,,33-计划,2017/6/19,REG,REG,PAX,,,1
MU5449,,MU5464,重庆-昆明,CKG,,D,B6799,A320,,,,6:50,8:25,,,,,33-计划,2017/6/19,REG,REG,PAX,,,0
MU5764,,MU5811,深圳-昆明,SZX,,D,B1792,B738,,,,6:55,9:25,,,,,33-计划,2017/6/19,REG,REG,PAX,,,0
8L9556,,8L9623,海口-昆明,HAK,,D,B1825,A320,,,,7:00,8:50,,,,,33-计划,2017/6/19,REG,REG,PAX,,,0
CZ3481,,CZ3481,广州-昆明,CAN,,D,B6202,A319,,,,7:00,9:18,,,,,33-计划,2017/6/19,REG,REG,PAX,,,0
CA1403,,CA1404,北京-昆明,PEK,,D,B5167,B738,,,,7:00,10:35,,,,,33-计划,2017/6/19,REG,REG,PAX,,,1
BK2797,,BK2798,长沙-昆明,HHA,,D,B1963,B738,,,,7:05,9:10,,,,,33-计划,2017/6/19,REG,REG,PAX,,,0
MU2359,,MU2360,西宁-昆明,XNN,,D,B6876,A320,,,,7:05,9:20,,,,,33-计划,2017/6/19,REG,REG,PAX,,,0
8L9652,,8L9991,郑州-昆明,CGO,,D,B7992,B738,,,,7:05,9:45,,,,,33-计划,2017/6/19,REG,REG,PAX,,,0
MU5852,,MU5759,成都-昆明,CTU,,D,B6148,B738,,,,7:10,8:55,,,,,33-计划,2017/6/19,REG,REG,PAX,,,0
ZH9411,,ZH9412,深圳-昆明,SZX,,D,B5361,B738,,,,7:10,9:40,,,,,33-计划,2017/6/19,REG,REG,PAX,,,0
SC4769,,SC4770,厦门-昆明,XMN,,D,B6985,B738,,,,7:10,9:50,,,,,33-计划,2017/6/19,REG,REG,PAX,,,0
MU5497,Y,MU5498,青岛-昆明,TAO,,D,B9946,A320,,,,7:10,10:50,,,,,33-计划,2017/6/19,REG,REG,PAX,,,0
8L9802,,8L9841,丽江-昆明,LJG,,D,B5810,B737,,,,7:15,8:15,,,,,33-计划,2017/6/19,REG,REG,PAX,,,0
OQ2327,,OQ2328,重庆-昆明,CKG,,D,B6183,A319,,,,7:15,8:43,,,,,33-计划,2017/6/19,REG,REG,PAX,,,1
MU2249,,MU2250,兰州-昆明,ZGC,,D,B8558,A320,,,,7:15,9:30,,,,,33-计划,2017/6/19,REG,REG,PAX,,,0
3U8661,,3U8259,成都-昆明,CTU,,D,B6719,A320,,,,7:20,9:00,,,,,33-计划,2017/6/19,REG,REG,PAX,,,0
MU5469,,MU5470,南昌-昆明,KHN,,D,B1865,A320,,,,7:20,9:50,,,,,33-计划,2017/6/19,REG,REG,PAX,,,0
QV815,,QV816,万象-昆明,VTE,,I,RDPL34223,A320,,,,7:20,9:50,,,,,33-计划,2017/6/19,REG,REG,PAX,,,0
CA1751,,CA1956,杭州-昆明,HGH,,D,B6023,A319,,,,7:25,10:30,,,,,33-计划,2017/6/19,REG,REG,PAX,,,1
9C8953,,9C8954,上海-昆明,SHA,,D,B6708,A320,,,,7:25,10:45,,,,,33-计划,2017/6/19,REG,REG,PAX,,,0
MU5747,,MU5973,版纳-昆明,JHG,,D,B5802,B737,,,,7:30,8:35,,,,,33-计划,2017/6/19,REG,REG,PAX,,,0
UW9942,,UW9943,达卡-昆明,DAC,,I,B2325,A306,,,,7:30,9:40,,,,,33-计划,2017/6/19,REG,REG,SPE,,,0
MU2705,,MU2705,南京-昆明,NKG,,D,B6462,A319,,,,7:30,10:30,,,,,33-计划,2017/6/19,REG,REG,PAX,,,0
MU5740,,MU741,广州-昆明,CAN,,D,B5647,B738,,,,7:35,10:05,,,,,33-计划,2017/6/19,REG,REG,PAX,,,0
MU2143,,MU5462,太原-昆明,TYN,,D,B5257,B737,,,,7:35,10:30,,,,,33-计划,2017/6/19,REG,REG,PAX,,,0
MU5655,,MU5711,杭州-昆明,HGH,,D,B2228,A320,,,,7:35,10:50,,,,,33-计划,2017/6/19,REG,REG,PAX,,,0
8L9856,,8L9869,绵阳-昆明,MIG,,D,B6015,B738,,,,7:40,9:15,,,,,33-计划,2017/6/19,REG,REG,PAX,,,0
CA415,,CA415,成都-昆明,CTU,,D,B6478,A319,,,,7:40,9:15,,,,,33-计划,2017/6/19,REG,REG,PAX,,,0
HU7087,,HU7088,海口-昆明,HAK,,D,B5853,B738,,,,7:40,9:35,,,,,33-计划,2017/6/19,REG,REG,PAX,,,1
MU2205,,MU2206,银川-昆明,INC,,D,B9943,A320,,,,7:40,10:25,,,,,33-计划,2017/6/19,REG,REG,PAX,,,0
FM9539,,FM9540,温州-昆明,WNZ,,D,B5142,B738,,,,7:40,10:45,,,,,33-计划,2017/6/19,REG,REG,PAX,,,0
CZ3677,,CZ3678,上海-昆明,PVG,,D,B8869,A321,,,,7:40,10:53,,,,,33-计划,2017/6/19,REG,REG,PAX,,,0
FM9541,,FM9542,郑州-昆明,CGO,,D,B5132,B738,,,,7:50,10:35,,,,,33-计划,2017/6/19,REG,REG,PAX,,,0
FD582,,FD583,廊曼-昆明,DMK,,I,HSBBE,A320,,,,7:50,11:25,,,,,33-计划,2017/6/19,REG,REG,PAX,,,0
MU2495,,MU2496,成都-昆明,CTU,,D,B5199,B737,,,,7:55,9:35,,,,,33-计划,2017/6/19,REG,REG,PAX,,,0
MU2497,,MU2494,武汉-昆明,WUH,,D,B5589,B737,,,,7:55,10:10,,,,,33-计划,2017/6/19,REG,REG,PAX,,,0
HU7163,,HU7164,深圳-昆明,SZX,,D,B5522,B738,,,,7:55,10:25,,,,,33-计划,2017/6/19,REG,REG,PAX,,,1
CZ3491,,CZ3491,郑州-昆明,CGO,,D,B2916,B737,,,,7:55,10:33,,,,,33-计划,2017/6/19,REG,REG,PAX,,,0
MU5476,,MU5475,合肥-昆明,HFE,,D,B6760,A320,,,,7:55,10:40,,,,,33-计划,2017/6/19,REG,REG,PAX,,,0
MU2035,,MU2035,北京-昆明,PEK,,D,B1790,B738,,,,7:55,11:30,,,,,33-计划,2017/6/19,REG,REG,PAX,,,0
CA1955,,CA1752,温州-昆明,WNZ,,D,B8743,A320,,,,8:00,11:10,,,,,33-计划,2017/6/19,REG,REG,PAX,,,1
CZ3431,,CZ3432,海口-昆明,HAK,,D,B8547,A320,,,,8:05,9:48,,,,,33-计划,2017/6/19,REG,REG,PAX,,,0
GS7653,,GS7654,西安-昆明,XIY,,D,B8066,A320,,,,8:05,10:25,,,,,33-计划,2017/6/19,REG,REG,PAX,,,0
MF8405,,MF8406,厦门-昆明,XMN,,D,B5151,B738,,,,8:05,10:50,,,,,33-计划,2017/6/19,REG,REG,PAX,,,3
MF8427,,MF8428,福州-昆明,FOC,,D,B5279,B737,,,,8:05,11:00,,,,,33-计划,2017/6/19,REG,REG,PAX,,,3
MU5716,,MU5757,北京-昆明,PEK,,D,B1789,B738,,,,8:05,11:40,,,,,33-计划,2017/6/19,REG,REG,PAX,,,0
HU7211,,HU7212,北京-昆明,PEK,,D,B2723,B787,,,,8:10,11:35,,,,,33-计划,2017/6/19,REG,REG,PAX,,,0
FM9453,,FM9453,上海-昆明,SHA,,D,B5261,B737,,,,8:15,11:45,,,,,33-计划,2017/6/19,REG,REG,PAX,,,0
CZ3409,,CZ3410,广州-昆明,CAN,,D,B6528,A332,,,,8:20,10:43,,,,,33-计划,2017/6/19,REG,REG,PAX,,,0
ZH9561,,ZH9562,南京-昆明,NKG,,D,B5778,B738,,,,8:20,11:10,,,,,33-计划,2017/6/19,REG,REG,PAX,,,0
GS7855,,GS7856,天津-昆明,TSN,,D,B8659,A330,,,,8:25,12:05,,,,,33-计划,2017/6/19,REG,REG,PAX,,,0
KY8220,,KY8203,深圳-昆明,SZX,,D,B5673,B738,,,,8:30,10:55,,,,,33-计划,2017/6/19,REG,REG,PAX,,,0
MU5717,Y,MU5749,北京-昆明,PEK,,D,B1703,B738,,,,8:30,12:10,,,,,33-计划,2017/6/19,REG,REG,PAX,,,0
ZH9265,,ZH9266,西安-昆明,XIY,,D,B6857,A322,,,,8:35,11:05,,,,,33-计划,2017/6/19,REG,REG,PAX,,,0
HO1121,,HO1122,上海-昆明,SHA,,D,B6788,A320,,,,8:35,11:50,,,,,33-计划,2017/6/19,REG,REG,PAX,,,1
MU2756,,MU2756,版纳-昆明,JHG,,D,B6463,A319,,,,8:40,9:40,,,,,33-计划,2017/6/19,REG,REG,PAX,,,0
CZ3857,,CZ3858,汕头-昆明,SWA,,D,B5837,B738,,,,8:40,10:58,,,,,33-计划,2017/6/19,REG,REG,PAX,,,0
SC4873,,SC4874,烟台-济南-昆明,YNT,TNA,D,B5117,B738,,,,8:50,12:00,,,,,33-计划,2017/6/19,REG,REG,PAX,,,0
MU5711,,MU5739,版纳-昆明,JHG,,D,B5267,B737,,,,9:00,10:05,,,,,33-计划,2017/6/19,REG,REG,PAX,,,0
3U8529,,3U8530,杭州-昆明,HGH,,D,B1662,A320,,,,9:00,12:05,,,,,33-计划,2017/6/19,REG,REG,PAX,,,0
FM9451,Y,FM9452,上海-昆明,SHA,,D,B2567,B763,,,,9:00,12:30,,,,,33-计划,2017/6/19,REG,REG,PAX,,,0
8L9850,,8L9921,迪庆-昆明,DIG,,D,B5805,B737,,,,9:05,10:10,,,,,33-计划,2017/6/19,REG,REG,PAX,,,0
CZ3901,,CZ3902,北京-昆明,PEK,,D,B6111,A333,,,,9:05,12:23,,,,,33-计划,2017/6/19,REG,REG,PAX,,,0
MU2573,,MU2573,北京-昆明,PEK,,D,B6143,B738,,,,9:10,12:45,,,,,33-计划,2017/6/19,REG,REG,PAX,,,0
MU5946,,MU5965,澜沧-昆明,JMJ,,D,B5259,B737,,,,9:20,10:20,,,,,33-计划,2017/6/19,REG,REG,PAX,,,0
UO273,,UO274,香港-昆明,HKG,,R,,A322,,,,9:20,11:05,,,,,33-计划,2017/6/19,REG,REG,PAX,,,0
MU5892,,MU5989,普洱-昆明,SYM,,D,B5807,B737,,,,9:30,10:35,,,,,33-计划,2017/6/19,REG,REG,PAX,,,0
MU9738,,MU5737,天津-昆明,TSN,,D,B5756,B738,,,,9:35,13:10,,,,,33-计划,2017/6/19,REG,REG,PAX,,,0
JD5165,,JD5791,丽江-昆明,LJG,,D,B6182,A319,,,,9:40,10:40,,,,,33-计划,2017/6/19,REG,REG,PAX,,,0
KY8252,,KY8209,保山-昆明,BSD,,D,B7871,B737,,,,9:40,10:45,,,,,33-计划,2017/6/19,REG,REG,PAX,,,0
KY8308,,KY8233,南昌-昆明,KHN,,D,B6491,B738,,,,9:40,11:55,,,,,33-计划,2017/6/19,REG,REG,PAX,,,0
SC4695,,SC4696,青岛-南京-昆明,TAO,NKG,D,B5526,B738,,,,9:40,12:35,,,,,33-计划,2017/6/19,REG,REG,PAX,,,0
CA4276,,CA4275,哈尔滨-昆明,HRB,,D,B6846,A320,,,,9:40,14:20,,,,,33-计划,2017/6/19,REG,REG,PAX,,,0
MU5962,,MU9713,临沧-昆明,LNJ,,D,B2502,B737,,,,9:45,10:40,,,,,33-计划,2017/6/19,REG,REG,PAX,,,0
DR6570,,DR6559,北海-昆明,BHY,,D,B1595,B738,,,,9:45,11:20,,,,,33-计划,2017/6/19,REG,REG,PAX,,,0
BK2897,,BK2743,天津-昆明,TSN,,D,B7373,B738,,,,9:45,13:20,,,,,33-计划,2017/6/19,REG,REG,PAX,,,0
MU5811,,MU5740,迪庆-昆明,DIG,,D,B6142,B737,,,,9:50,11:00,,,,,33-计划,2017/6/19,REG,REG,PAX,,,0
ZH9773,,ZH9774,南昌-昆明,KHN,,D,B6749,A320,,,,9:55,12:25,,,,,33-计划,2017/6/19,REG,REG,PAX,,,0
ZH9793,,ZH9794,泉州-昆明,JJN,,D,B9909,A322,,,,10:00,12:40,,,,,33-计划,2017/6/19,REG,REG,PAX,,,0
JD5157,,JD5158,杭州-昆明,HGH,,D,B8678,A330,,,,10:00,13:15,,,,,33-计划,2017/6/19,REG,REG,PAX,,,0
JD5789,,JD5790,版纳-昆明,JHG,,D,B6199,A319,,,,10:05,11:20,,,,,33-计划,2017/6/19,REG,REG,PAX,,,0
3U8918,,3U8957,厦门-昆明,XMN,,D,B6953,A320,,,,10:05,12:50,,,,,33-计划,2017/6/19,REG,REG,PAX,,,0
3U8902,,,珠海-昆明,ZUH,,D,B8948,A320,,,,10:10,12:05,,,,,33-计划,2017/6/19,REG,REG,PAX,,,0
8L9894,,8L9923,珠海-昆明,ZUH,,D,B1565,B737,,,,10:10,12:10,,,,,33-计划,2017/6/19,REG,REG,PAX,,,0
MU5741,,MU5764,版纳-昆明,JHG,,D,B5295,B737,,,,10:15,11:20,,,,,33-计划,2017/6/19,REG,REG,PAX,,,0
MU2975,,MU2976,无锡-昆明,WUX,,D,B2412,A320,,,,10:15,13:25,,,,,33-计划,2017/6/19,REG,REG,PAX,,,0
MU9756,,,保山-昆明,BSD,,D,B5293,B737,,,,10:25,11:30,,,,,33-计划,2017/6/19,REG,REG,PAX,,,0
8L9909,,8L9857,版纳-昆明,JHG,,D,B5249,B737,,,,10:30,11:30,,,,,33-计划,2017/6/19,REG,REG,PAX,,,1
CA4413,Y,CA4414,成都-昆明,CTU,,D,B6767,A320,,,,10:30,12:05,,,,,33-计划,2017/6/19,REG,REG,PAX,,,1
8L9966,,8L9979,三亚-昆明,SYX,,D,B6198,A319,,,,10:30,12:35,,,,,33-计划,2017/6/19,REG,REG,PAX,,,0
DR6510,,DR6515,版纳-昆明,JHG,,D,B7088,B737,,,,10:35,11:40,,,,,33-计划,2017/6/19,REG,REG,PAX,,,0
9C8937,,9C8938,石家庄-昆明,SJW,,D,B6970,A320,,,,10:35,13:45,,,,,33-计划,2017/6/19,REG,REG,PAX,,,0
CZ6425,,CZ6426,大连-武汉-昆明,DLC,WUH,D,B1829,A320,,,,10:40,12:43,,,,,33-计划,2017/6/19,REG,REG,PAX,,,0
GS7857,,GS7858,天津-西安-昆明,TSN,XIY,D,B1850,A320,,,,10:40,13:10,,,,,33-计划,2017/6/19,REG,REG,PAX,,,0
PN6394,,PN6394,版纳-昆明,JHG,,D,B8102,A320,,,,10:45,11:45,,,,,33-计划,2017/6/19,REG,REG,PAX,,,0
TV6007,,TV6008,兰州-丽江-昆明,ZGC,LJG,D,B8842,A320,,,,10:45,11:45,,,,,33-计划,2017/6/19,REG,REG,PAX,,,0
KY8322,,KY8275,成都-昆明,CTU,,D,B6492,B738,,,,10:45,12:35,,,,,33-计划,2017/6/19,REG,REG,PAX,,,0
MU9744,,MU5815,北京-昭通-昆明,PEK,ZAT,D,B5276,B737,,,,10:50,11:45,,,,,33-计划,2017/6/19,REG,REG,PAX,,,0
MU2590,,MU2593,万象-昆明,VTE,,I,B6147,B738,,,,10:50,12:25,,,,,33-计划,2017/6/19,REG,REG,PAX,,,0
MU5842,,MU9751,成都-昆明,CTU,,D,B5926,A33E,,,,10:50,12:30,,,,,33-计划,2017/6/19,REG,REG,PAX,,,0
MU5453,,MU5454,宁波-武汉-昆明,NGB,WUH,D,B1836,A320,,,,10:50,13:15,,,,,33-计划,2017/6/19,REG,REG,PAX,,,0
3U8948,,3U8761,济南-昆明,TNA,,D,B1661,A320,,,,10:50,13:55,,,,,33-计划,2017/6/19,REG,REG,PAX,,,0
KY8256,,KY8231,临沧-昆明,LNJ,,D,B7870,B737,,,,10:55,11:50,,,,,33-计划,2017/6/19,REG,REG,PAX,,,0
DR6508,,DR6501,芒市-昆明,LUM,,D,B6109,B737,,,,10:55,12:00,,,,,33-计划,2017/6/19,REG,REG,PAX,,,0
MU5743,,MU5743,保山-昆明,BSD,,D,B5054,B737,,,,10:55,12:00,,,,,33-计划,2017/6/19,REG,REG,PAX,,,0
MU5862,,MU2597,重庆-昆明,CKG,,D,B7599,B738,,,,10:55,12:30,,,,,33-计划,2017/6/19,REG,REG,PAX,,,0
TV9893,,TV9819,拉萨-昆明,LXA,,D,B6436,A319,,,,11:00,13:25,,,,,33-计划,2017/6/19,REG,REG,PAX,,,0
8L9862,,,合肥-昆明,HFE,,D,B5359,B738,,,,11:00,13:40,,,,,33-计划,2017/6/19,REG,REG,PAX,,,0
8L9842,,8L9689,普洱-昆明,SYM,,D,B5810,B737,,,,11:05,12:15,,,,,33-计划,2017/6/19,REG,REG,PAX,,,0
MU5886,,MU5975,湛江-昆明,ZHA,,D,B5271,B737,,,,11:05,12:55,,,,,33-计划,2017/6/19,REG,REG,PAX,,,0
ZH9533,,ZH9534,无锡-昆明,WUX,,D,B6569,A320,,,,11:05,14:05,,,,,33-计划,2017/6/19,REG,REG,PAX,,,0
TG612,,TG613,曼谷-昆明,BKK,,I,,B747,,,,11:10,14:05,,,,,33-计划,2017/6/19,REG,REG,PAX,,,0
3U8866,,3U8201,宁波-昆明,NGB,,D,B6778,A320,,,,11:10,14:15,,,,,33-计划,2017/6/19,REG,REG,PAX,,,0
3U8130,,3U8967,版纳-昆明,JHG,,D,B6445,A319,,,,11:15,12:20,,,,,33-计划,2017/6/19,REG,REG,PAX,,,0
MU5757,,MU5717,芒市-昆明,LUM,,D,B5242,B737,,,,11:15,12:20,,,,,33-计划,2017/6/19,REG,REG,PAX,,,0
MU5732,,MU5809,广州-昆明,CAN,,D,B6872,A320,,,,11:15,13:50,,,,,33-计划,2017/6/19,REG,REG,PAX,,,0
MU5723,,MU5919,版纳-昆明,JHG,,D,B5815,B737,,,,11:20,12:25,,,,,33-计划,2017/6/19,REG,REG,PAX,,,0
KY8254,,KY8281,西安-昆明,XIY,,D,B6495,B738,,,,11:20,13:40,,,,,33-计划,2017/6/19,REG,REG,PAX,,,0
MU5942,,MU5967,大理-昆明,DLU,,D,B5243,B737,,,,11:30,12:25,,,,,33-计划,2017/6/19,REG,REG,PAX,,,0
MU5958,,MU5981,临沧-昆明,LNJ,,D,B5245,B737,,,,11:30,12:25,,,,,33-计划,2017/6/19,REG,REG,PAX,,,0
8L9806,,,丽江-昆明,LJG,,D,B8732,A320,,,,11:30,12:30,,,,,33-计划,2017/6/19,REG,REG,PAX,,,0
8L9866,,8L9889,济南-昆明,TNA,,D,B1587,B738,,,,11:30,14:40,,,,,33-计划,2017/6/19,REG,REG,PAX,,,0
CZ3415,,CZ3416,广州-昆明,CAN,,D,B5747,B738,,,,11:35,14:08,,,,,33-计划,2017/6/19,REG,REG,PAX,,,0
3U8838,,3U8837,北京-万州-昆明,PEK,WXN,D,B6697,A320,,,,11:40,13:15,,,,,33-计划,2017/6/19,REG,REG,PAX,,,0
MU5077,,MU5077,合肥-昆明,HFE,,D,B6802,A320,,,,11:40,14:30,,,,,33-计划,2017/6/19,REG,REG,PAX,,,0
KA760,,KA761,香港-昆明,HKG,,R,,A320,,,,11:50,14:20,,,,,33-计划,2017/6/19,REG,REG,PAX,,,1
MU5505,,MU5588,上海-福州-昆明,PVG,FOC,D,B6560,A320,,,,11:50,15:00,,,,,33-计划,2017/6/19,REG,REG,PAX,,,0
CA4172,Y,CA4173,北京-昆明,PEK,,D,B6828,A320,,,,11:50,15:25,,,,,33-计划,2017/6/19,REG,REG,PAX,,,1
MU5928,,MU757,文山-昆明,WNH,,D,B5256,B737,,,,11:55,13:00,,,,,33-计划,2017/6/19,REG,REG,PAX,,,0
KY8284,,KY8239,上海-昆明,PVG,,D,B5702,B738,,,,11:55,15:15,,,,,33-计划,2017/6/19,REG,REG,PAX,,,0
MU9731,,MU753,长沙-昆明,HHA,,D,B6141,B737,,,,12:00,14:10,,,,,33-计划,2017/6/19,REG,REG,PAX,,,0
MU2485,,MU2486,武汉-昆明,WUH,,D,B6017,B738,,,,12:00,14:15,,,,,33-计划,2017/6/19,REG,REG,PAX,,,0
MF8417,,MF8418,厦门-昆明,XMN,,D,B5389,B738,,,,12:00,14:40,,,,,33-计划,2017/6/19,REG,REG,PAX,,,3
HO1099,,HO1100,上海-昆明,SHA,,D,B8408,A320,,,,12:00,15:30,,,,,33-计划,2017/6/19,REG,REG,PAX,,,0
MU5776,,MU5839,广州-昆明,CAN,,D,B1791,B738,,,,12:05,14:35,,,,,33-计划,2017/6/19,REG,REG,PAX,,,0
3U8854,,3U8853,哈尔滨-徐州-昆明,HRB,XUZ,D,B6551,A321,,,,12:05,15:00,,,,,33-计划,2017/6/19,REG,REG,PAX,,,0
CZ3482,,CZ3482,大理-昆明,DLU,,D,B6202,A319,,,,12:10,12:58,,,,,33-计划,2017/6/19,REG,REG,PAX,,,0
KY8258,,KY8307,郑州-昆明,CGO,,D,B6493,B738,,,,12:10,14:55,,,,,33-计划,2017/6/19,REG,REG,PAX,,,0
MU5292,,MU5299,北京-太原-昆明,PEK,TYN,D,B5492,B738,,,,12:10,15:05,,,,,33-计划,2017/6/19,REG,REG,PAX,,,0
CA4176,,CA4460,沈阳-昆明,SHE,,D,B8491,A320,,,,12:10,16:30,,,,,33-计划,2017/6/19,REG,REG,PAX,,,0
MU5816,,MU9738,上海-六盘水-昆明,SHA,LPF,D,B5263,B737,,,,12:15,13:15,,,,,33-计划,2017/6/19,REG,REG,PAX,,,0
8L9644,,8L9908,芒市-昆明,LUM,,D,B5292,B737,,,,12:15,13:20,,,,,33-计划,2017/6/19,REG,REG,PAX,,,0
MU5974,,MU5732,芒市-昆明,LUM,,D,B5802,B737,,,,12:15,13:20,,,,,33-计划,2017/6/19,REG,REG,PAX,,,0
KY8236,,KY8265,杭州-昆明,HGH,,D,B2669,B737,,,,12:15,15:25,,,,,33-计划,2017/6/19,REG,REG,PAX,,,0
CZ3247,,CZ3248,桂林-昆明,KWL,,D,B5419,B738,,,,12:20,13:48,,,,,33-计划,2017/6/19,REG,REG,PAX,,,0
MU5830,,MU5781,郑州-昆明,CGO,,D,B1908,B738,,,,12:20,15:00,,,,,33-计划,2017/6/19,REG,REG,PAX,,,0
MU2725,,MU2786,南京-昆明,NKG,,D,B8497,A320,,,,12:25,15:30,,,,,33-计划,2017/6/19,REG,REG,PAX,,,0
MU5437,,MU5438,上海-南充-昆明,PVG,NAO,D,B6465,A319,,,,12:30,14:15,,,,,33-计划,2017/6/19,REG,REG,PAX,,,0
MU5465,,MU5532,上海-南昌-昆明,PVG,KHN,D,B8575,A325,,,,12:35,15:05,,,,,33-计划,2017/6/19,REG,REG,PAX,,,0
CZ3487,,CZ3487,广州-昆明,CAN,,D,B6020,A319,,,,12:35,15:08,,,,,33-计划,2017/6/19,REG,REG,PAX,,,0
MU5802,,MU5719,上海-昆明,SHA,,D,B7591,B738,,,,12:35,16:05,,,,,33-计划,2017/6/19,REG,REG,PAX,,,1
MU5964,,MU9731,临沧-昆明,LNJ,,D,B5817,B737,,,,12:40,13:35,,,,,33-计划,2017/6/19,REG,REG,PAX,,,0
CA1487,,CA1488,北京-达县-昆明,PEK,DAX,D,B5227,B738,,,,12:40,14:20,,,,,33-计划,2017/6/19,REG,REG,PAX,,,0
8L9852,,8L9851,腾冲-昆明,TCZ,,D,B5825,B737,,,,12:45,13:50,,,,,33-计划,2017/6/19,REG,REG,PAX,,,0
MU5762,,MU5823,深圳-昆明,SZX,,D,B7589,B738,,,,12:45,15:15,,,,,33-计划,2017/6/19,REG,REG,PAX,,,0
8L9922,,8L9904,沧源-昆明,CWJ,,D,B5805,B737,,,,12:50,13:55,,,,,33-计划,2017/6/19,REG,REG,PAX,,,0
FM9397,,FM9398,上海-长沙-昆明,PVG,HHA,D,B1900,B738,,,,12:50,14:50,,,,,33-计划,2017/6/19,REG,REG,PAX,,,0
HO1681,,HO1682,南京-毕节-昆明,NKG,BFJ,D,B6966,A320,,,,12:55,13:50,,,,,33-计划,2017/6/19,REG,REG,PAX,,,0
QSR303,,,澳门-昆明,MFM,,R,,CRJ2,,,,13:00,14:40,,,,,33-计划,2017/6/19,REG,REG,SPE,,,0
CZ6369,,CZ6369,郑州-昆明,CGO,,D,B2622,B737,,,,13:00,15:43,,,,,33-计划,2017/6/19,REG,REG,PAX,,,0
AK101,,AK100,吉隆坡-昆明,KUL,,I,9MAFF,A320,,,,13:00,16:55,,,,,33-计划,2017/6/19,REG,REG,PAX,,,0
MU5966,,MU5983,沧源-昆明,CWJ,,D,B5259,B737,,,,13:05,14:05,,,,,33-计划,2017/6/19,REG,REG,PAX,,,0
CZ6403,,CZ6404,沈阳-重庆-昆明,SHE,CKG,D,B6783,A320,,,,13:05,14:38,,,,,33-计划,2017/6/19,REG,REG,PAX,,,0
8L9948,,8L9897,成都-昆明,CTU,,D,B1798,B738,,,,13:10,14:45,,,,,33-计划,2017/6/19,REG,REG,PAX,,,0
MU5714,Y,MU5853,北京-昆明,PEK,,D,B7592,B738,,,,13:10,16:45,,,,,33-计划,2017/6/19,REG,REG,PAX,,,0
MU2030,,MU5707,曼德勒-昆明,MDL,,I,B5701,B738,,,,13:15,14:50,,,,,33-计划,2017/6/19,REG,REG,PAX,,,0
CZ6459,,CZ6460,长春-重庆-昆明,CGQ,CKG,D,B2418,A321,,,,13:20,14:48,,,,,33-计划,2017/6/19,REG,REG,PAX,,,0
MU5760,,MU5813,深圳-昆明,SZX,,D,B6148,B738,,,,13:20,16:00,,,,,33-计划,2017/6/19,REG,REG,PAX,,,0
CZ3492,,CZ3492,版纳-昆明,JHG,,D,B2916,B737,,,,13:25,14:23,,,,,33-计划,2017/6/19,REG,REG,PAX,,,0
MU5737,,MU2571,大理-昆明,DLU,,D,B6142,B737,,,,13:30,14:25,,,,,33-计划,2017/6/19,REG,REG,PAX,,,0
MU2706,,MU2706,丽江-昆明,LJG,,D,B6462,A319,,,,13:30,14:35,,,,,33-计划,2017/6/19,REG,REG,PAX,,,0
8L9596,,,吉隆坡-昆明,KUL,,I,B7167,B738,,,,13:35,17:15,,,,,33-计划,2017/6/19,REG,REG,PAX,,,0
JD5792,,JD5166,芒市-昆明,LUM,,D,B6182,A319,,,,13:40,14:40,,,,,33-计划,2017/6/19,REG,REG,PAX,,,0
KY8274,,KY8221,武汉-昆明,WUH,,D,B5672,B738,,,,13:40,15:55,,,,,33-计划,2017/6/19,REG,REG,PAX,,,0
CA416,,CA416,仰光-昆明,RGN,,I,B6478,A319,,,,13:45,15:45,,,,,33-计划,2017/6/19,REG,REG,PAX,,,0
MU2715,,MU2716,南京-长沙-昆明,NKG,HHA,D,B9902,A320,,,,13:45,15:55,,,,,33-计划,2017/6/19,REG,REG,PAX,,,0
CZ3451,,CZ3451,深圳-昆明,SZX,,D,B2369,A320,,,,13:45,16:08,,,,,33-计划,2017/6/19,REG,REG,PAX,,,0
DR6580,,DR6523,芒市-昆明,LUM,,D,B5811,B737,,,,13:50,14:55,,,,,33-计划,2017/6/19,REG,REG,PAX,,,0
MU5844,,MU5849,成都-昆明,CTU,,D,B6145,B738,,,,13:50,15:25,,,,,33-计划,2017/6/19,REG,REG,PAX,,,0
8L9520,,8L9875,芒市-昆明,LUM,,D,B5248,B737,,,,13:55,14:55,,,,,33-计划,2017/6/19,REG,REG,PAX,,,0
CZ3407,,CZ3408,广州-昆明,CAN,,D,B6826,A320,,,,13:55,16:28,,,,,33-计划,2017/6/19,REG,REG,PAX,,,0
CZ3495,,CZ3496,郑州-昆明,CGO,,D,B5232,B737,,,,13:55,16:33,,,,,33-计划,2017/6/19,REG,REG,PAX,,,0
JD5155,,JD5156,丽江-昆明,LJG,,D,B6952,A320,,,,14:05,15:05,,,,,33-计划,2017/6/19,REG,REG,PAX,,,0
MU5856,,MU5897,成都-昆明,CTU,,D,B5828,B737,,,,14:05,15:40,,,,,33-计划,2017/6/19,REG,REG,PAX,,,0
ZH9413,,ZH9414,深圳-昆明,SZX,,D,B5361,B738,,,,14:05,16:30,,,,,33-计划,2017/6/19,REG,REG,PAX,,,0
ZH9789,,ZH9456,泉州-昆明,JJN,,D,B8413,A320,,,,14:05,16:45,,,,,33-计划,2017/6/19,REG,REG,PAX,,,0
8L9956,,8L9993,郑州-昆明,CGO,,D,B1588,B738,,,,14:10,17:00,,,,,33-计划,2017/6/19,REG,REG,PAX,,,1
MU5936,,,迪庆-昆明,DIG,,D,B5821,B737,,,,14:15,15:20,,,,,33-计划,2017/6/19,REG,REG,PAX,,,0
9C8823,,9C8824,上海-遵义-昆明,SHA,ZYI,D,B6612,A320,,,,14:15,15:35,,,,,33-计划,2017/6/19,REG,REG,PAX,,,0
MU5748,,MU5745,天津-昆明,TSN,,D,B6637,A320,,,,14:15,17:50,,,,,33-计划,2017/6/19,REG,REG,PAX,,,0
FM9429,,FM9430,上海-衡阳-昆明,PVG,HNY,D,B5799,B738,,,,14:20,16:20,,,,,33-计划,2017/6/19,REG,REG,PAX,,,0
8L9874,,,杭州-赣州-昆明,HGH,KOW,D,B5407,B738,,,,14:25,16:40,,,,,33-计划,2017/6/19,REG,REG,PAX,,,0
CA1481,,CA1482,天津-运城-昆明,TSN,YCU,D,B5447,B738,,,,14:30,17:05,,,,,33-计划,2017/6/19,REG,REG,PAX,,,0
MU5575,,MU5576,烟台-郑州-昆明,YNT,CGO,D,B9900,A320,,,,14:30,17:25,,,,,33-计划,2017/6/19,REG,REG,PAX,,,0
MU5645,,MU5645,杭州-昆明,HGH,,D,B6797,A322,,,,14:35,17:45,,,,,33-计划,2017/6/19,REG,REG,PAX,,,0
MU5982,,MU5760,保山-昆明,BSD,,D,B5245,B737,,,,14:40,15:40,,,,,33-计划,2017/6/19,REG,REG,PAX,,,0
3U8768,,,温州-南宁-昆明,WNZ,NNG,D,B1885,A320,,,,14:40,16:05,,,,,33-计划,2017/6/19,REG,REG,PAX,,,0
CZ6427,,CZ6428,大连-长沙-昆明,DLC,HHA,D,B1828,A320,,,,14:40,16:38,,,,,33-计划,2017/6/19,REG,REG,PAX,,,0
A67106,,A67107,南昌-昆明,KHN,,D,B8318,A321,,,,14:40,17:10,,,,,33-计划,2017/6/19,REG,REG,PAX,,,0
FM9454,,FM9454,版纳-昆明,JHG,,D,B5261,B737,,,,14:45,15:45,,,,,33-计划,2017/6/19,REG,REG,PAX,,,0
MU2207,,MU2208,西安-昆明,XIY,,D,B1812,A325,,,,14:45,17:10,,,,,33-计划,2017/6/19,REG,REG,PAX,,,0
MU5836,,MU5771,汕头-昆明,SWA,,D,B7600,B738,,,,14:45,17:15,,,,,33-计划,2017/6/19,REG,REG,PAX,,,0
8L9624,,8L9975,杭州-昆明,HGH,,D,B1825,A320,,,,14:45,17:55,,,,,33-计划,2017/6/19,REG,REG,PAX,,,0
KY8246,,KY8301,芒市-昆明,LUM,,D,B5026,B737,,,,14:50,15:55,,,,,33-计划,2017/6/19,REG,REG,PAX,,,0
CZ6159,,CZ6160,北京-昆明,PEK,,D,B6317,A321,,,,14:50,18:13,,,,,33-计划,2017/6/19,REG,REG,PAX,,,0
CZ6799,,CZ6800,上海-昆明,PVG,,D,B8848,A321,,,,14:50,18:13,,,,,33-计划,2017/6/19,REG,REG,PAX,,,0
DR6502,,DR6503,芒市-昆明,LUM,,D,B6109,B737,,,,14:55,15:55,,,,,33-计划,2017/6/19,REG,REG,PAX,,,0
DR6530,,DR6537,呼和-太原-昆明,HET,TYN,D,B5829,B737,,,,14:55,17:50,,,,,33-计划,2017/6/19,REG,REG,PAX,,,0
MU5329,,MU5330,合肥-昆明,HFE,,D,B6012,A320,,,,15:00,17:35,,,,,33-计划,2017/6/19,REG,REG,PAX,,,0
CZ6949,,CZ6950,乌鲁-重庆-昆明,URC,CKG,D,B1950,B738,,,,15:05,16:38,,,,,33-计划,2017/6/19,REG,REG,PAX,,,0
MU2185,,MU2186,银川-昆明,INC,,D,B9943,A320,,,,15:05,17:50,,,,,33-计划,2017/6/19,REG,REG,PAX,,,0
CZ3449,Y,CZ3450,广州-昆明,CAN,,D,B1781,B738,,,,15:10,17:33,,,,,33-计划,2017/6/19,REG,REG,PAX,,,0
3U8260,,,南京-昆明,NKG,,D,B6719,A320,,,,15:10,18:05,,,,,33-计划,2017/6/19,REG,REG,PAX,,,0
ZH9531,,ZH9532,无锡-昆明,WUX,,D,B5401,B738,,,,15:10,18:15,,,,,33-计划,2017/6/19,REG,REG,PAX,,,0
MU5719,,MU5802,丽江-昆明,LJG,,D,B5815,B737,,,,15:15,16:15,,,,,33-计划,2017/6/19,REG,REG,PAX,,,0
MU5461,,MU2144,温州-昆明,WNZ,,D,B5257,B737,,,,15:20,18:30,,,,,33-计划,2017/6/19,REG,REG,PAX,,,0
CA1753,,CA1754,杭州-昆明,HGH,,D,B6733,A320,,,,15:25,18:35,,,,,33-计划,2017/6/19,REG,REG,PAX,,,1
DR5314,,DR6505,天津-恩施-昆明,TSN,ENH,D,B5830,B737,,,,15:40,17:35,,,,,33-计划,2017/6/19,REG,REG,PAX,,,0
HU7111,,HU7112,北京-昆明,PEK,,D,B1726,B738,,,,15:40,19:10,,,,,33-计划,2017/6/19,REG,REG,PAX,,,1
CA1401,,CA1402,天津-昆明,TSN,,D,B7182,B738,,,,15:40,19:15,,,,,33-计划,2017/6/19,REG,REG,PAX,,,1
MU5968,,MU5883,临沧-昆明,LNJ,,D,B5243,B737,,,,15:45,16:40,,,,,33-计划,2017/6/19,REG,REG,PAX,,,0
MU5976,,MU9743,芒市-昆明,LUM,,D,B5271,B737,,,,15:45,16:50,,,,,33-计划,2017/6/19,REG,REG,PAX,,,0
3U8514,,3U8668,兰州-重庆-昆明,ZGC,CKG,D,B6348,A320,,,,15:45,17:20,,,,,33-计划,2017/6/19,REG,REG,PAX,,,0
8L9960,,8L9955,宁波-安庆-昆明,NGB,AQG,D,B6016,B738,,,,15:45,18:00,,,,,33-计划,2017/6/19,REG,REG,PAX,,,1
8L9864,,8L9983,徐州-重庆-昆明,XUZ,CKG,D,B2677,B738,,,,15:50,17:25,,,,,33-计划,2017/6/19,REG,REG,PAX,,,0
MU5803,,MU5935,腾冲-昆明,TCZ,,D,B5242,B737,,,,15:55,16:55,,,,,33-计划,2017/6/19,REG,REG,PAX,,,0
HU7235,,HU7236,广州-昆明,CAN,,D,B5428,B738,,,,16:00,18:30,,,,,33-计划,2017/6/19,REG,REG,PAX,,,0
KY8204,,KY8219,南京-昆明,NKG,,D,B5673,B738,,,,16:00,19:00,,,,,33-计划,2017/6/19,REG,REG,PAX,,,0
CA1937,,CA1938,上海-昆明,PVG,,D,B6882,A320,,,,16:00,19:20,,,,,33-计划,2017/6/19,REG,REG,PAX,,,0
MF8461,,MF8462,杭州-武汉-昆明,HGH,WUH,D,B7176,B738,,,,16:05,18:15,,,,,33-计划,2017/6/19,REG,REG,PAX,,,3
KY8262,,,台州-重庆-昆明,HYN,CKG,D,B1926,B738,,,,16:10,17:45,,,,,33-计划,2017/6/19,REG,REG,PAX,,,0
HO1091,,HO1092,上海-昆明,SHA,,D,B6670,A320,,,,16:10,19:25,,,,,33-计划,2017/6/19,REG,REG,PAX,,,0
BK2744,,BK2898,版纳-昆明,JHG,,D,B7373,B738,,,,16:15,17:15,,,,,33-计划,2017/6/19,REG,REG,PAX,,,0
NS3269,,NS3270,石家庄-昆明,SJW,,D,B5212,B737,,,,16:15,19:20,,,,,33-计划,2017/6/19,REG,REG,PAX,,,0
KY8230,,KY8243,腾冲-昆明,TCZ,,D,B2678,B737,,,,16:20,17:25,,,,,33-计划,2017/6/19,REG,REG,PAX,,,0
MU5940,,MU5714,拉萨-迪庆-昆明,LXA,DIG,D,B5816,B737,,,,16:20,17:25,,,,,33-计划,2017/6/19,REG,REG,PAX,,,0
KY8296,,,南通-重庆-昆明,NTG,CKG,D,B7873,B738,,,,16:20,17:55,,,,,33-计划,2017/6/19,REG,REG,PAX,,,0
MU5742,,MU5847,广州-昆明,CAN,,D,B7590,B738,,,,16:20,18:50,,,,,33-计划,2017/6/19,REG,REG,PAX,,,0
MU5712,,MU5656,北京-昆明,PEK,,D,B2228,A320,,,,16:20,19:55,,,,,33-计划,2017/6/19,REG,REG,PAX,,,0
9C8829,,9C8830,上海-常德-昆明,SHA,CGD,D,B6852,A320,,,,16:30,18:35,,,,,33-计划,2017/6/19,REG,REG,PAX,,,0
CZ6561,,CZ6562,义乌-昆明,YIW,,D,B5716,B738,,,,16:30,19:23,,,,,33-计划,2017/6/19,REG,REG,PAX,,,0
MU216,,,温哥华-南京-昆明,YVR,NKG,M,B5962,A330,,,,16:30,19:25,,,,,33-计划,2017/6/19,REG,REG,PAX,,,0
MU5812,,,上海-昆明,SHA,,D,B1792,B738,,,,16:30,19:50,,,,,33-计划,2017/6/19,REG,REG,PAX,,,1
SC4737,,SC4738,青岛-昆明,TAO,,D,B5347,B738,,,,16:30,20:05,,,,,33-计划,2017/6/19,REG,REG,PAX,,,0
8L9858,,8L9914,腾冲-昆明,TCZ,,D,B5249,B737,,,,16:35,17:45,,,,,33-计划,2017/6/19,REG,REG,PAX,,,0
HO1019,,HO1020,杭州-大庸-昆明,HGH,DYG,D,B1871,A320,,,,16:35,18:30,,,,,33-计划,2017/6/19,REG,REG,PAX,,,0
MU2735,,MU2736,南京-长沙-昆明,NKG,HHA,D,B2411,A320,,,,16:35,18:35,,,,,33-计划,2017/6/19,REG,REG,PAX,,,0
MU2036,,MU2036,达卡-昆明,DAC,,I,B1790,B738,,,,16:35,18:50,,,,,33-计划,2017/6/19,REG,REG,PAX,,,0
HO1095,,HO1096,上海-毕节-昆明,SHA,BFJ,D,B6787,A320,,,,16:40,17:40,,,,,33-计划,2017/6/19,REG,REG,PAX,,,0
GS7875,,GS7876,天津-西安-昆明,TSN,XIY,D,B1692,A320,,,,16:40,18:55,,,,,33-计划,2017/6/19,REG,REG,PAX,,,0
MU5771,,,西昌-昆明,XIC,,D,B5802,B737,,,,16:45,17:40,,,,,33-计划,2017/6/19,REG,REG,PAX,,,0
MU5715,,MU5748,芒市-昆明,LUM,,D,B5263,B737,,,,16:45,17:50,,,,,33-计划,2017/6/19,REG,REG,PAX,,,0
TV9820,,TV9894,芒市-昆明,LUM,,D,B6436,A319,,,,16:45,17:50,,,,,33-计划,2017/6/19,REG,REG,PAX,,,0
MU742,,,曼谷-昆明,BKK,,I,B5647,B738,,,,16:45,19:20,,,,,33-计划,2017/6/19,REG,REG,PAX,,,0
KY8314,,KY8269,腾冲-昆明,TCZ,,D,B2679,B737,,,,16:50,17:50,,,,,33-计划,2017/6/19,REG,REG,PAX,,,0
CZ6415,,CZ6416,沈阳-西安-昆明,SHE,XIY,D,B9917,A320,,,,16:50,18:50,,,,,33-计划,2017/6/19,REG,REG,PAX,,,0
8L9648,,8L9987,天津-淮安-昆明,TSN,HIA,D,B6943,A320,,,,16:50,20:00,,,,,33-计划,2017/6/19,REG,REG,PAX,,,0
CA1987,,CA1988,温州-昆明,WNZ,,D,B6676,A320,,,,16:50,20:05,,,,,33-计划,2017/6/19,REG,REG,PAX,,,0
8L9942,,8L9971,大理-昆明,DLU,,D,B6221,A319,,,,16:55,17:45,,,,,33-计划,2017/6/19,REG,REG,PAX,,,0
EU2722,,EU2225,厦门-柳州-昆明,XMN,LZH,D,B6940,A320,,,,16:55,18:25,,,,,33-计划,2017/6/19,REG,REG,PAX,,,0
MU5744,,MU5744,广州-昆明,CAN,,D,B5054,B737,,,,16:55,19:25,,,,,33-计划,2017/6/19,REG,REG,PAX,,,0
MU2433,,MU2434,青岛-宜昌-昆明,TAO,YIH,D,B2333,A319,,,,17:00,18:55,,,,,33-计划,2017/6/19,REG,REG,PAX,,,0
MF8641,,MF8642,泉州-珠海-昆明,JJN,ZUH,D,B5308,B738,,,,17:05,19:05,,,,,33-计划,2017/6/19,REG,REG,PAX,,,0
MU734,,,香港-昆明,HKG,,R,B6149,B738,,,,17:05,19:45,,,,,33-计划,2017/6/19,REG,REG,PAX,,,0
MU2755,,MU2755,南京-昆明,NKG,,D,B6472,A319,,,,17:05,19:55,,,,,33-计划,2017/6/19,REG,REG,PAX,,,0
MU746,,MU5715,金边-南宁-昆明,PNH,NNG,M,B6249,B738,,,,17:15,18:35,,,,,33-计划,2017/6/19,REG,REG,PAX,,,0
MU2574,,MU2574,万象-昆明,VTE,,I,B6143,B738,,,,17:15,18:45,,,,,33-计划,2017/6/19,REG,REG,PAX,,,0
MU5229,,MU5146,温州-昆明,WNZ,,D,B1773,B738,,,,17:15,20:20,,,,,33-计划,2017/6/19,REG,REG,PAX,,,0
MU5874,,MU5929,厦门-宜宾-昆明,XMN,YBP,D,B5097,B737,,,,17:20,18:25,,,,,33-计划,2017/6/19,REG,REG,PAX,,,0
3U8670,,3U8823,石家庄-成都-昆明,SJW,CTU,D,B6956,A320,,,,17:20,19:00,,,,,33-计划,2017/6/19,REG,REG,PAX,,,0
MU5758,,MU5718,深圳-昆明,SZX,,D,B1789,B738,,,,17:20,19:45,,,,,33-计划,2017/6/19,REG,REG,PAX,,,0
MU5808,,,上海-零陵-昆明,SHA,LLF,D,B5265,B737,,,,17:25,18:40,,,,,33-计划,2017/6/19,REG,REG,PAX,,,0
MU2985,,MU2986,无锡-重庆-昆明,WUX,CKG,D,B1636,A320,,,,17:25,18:55,,,,,33-计划,2017/6/19,REG,REG,PAX,,,0
MU2032,,,仰光-昆明,RGN,,I,B7170,B738,,,,17:25,19:45,,,,,33-计划,2017/6/19,REG,REG,PAX,,,0
MU5990,,MU5742,重庆-昭通-昆明,CKG,ZAT,D,B5807,B737,,,,17:30,18:20,,,,,33-计划,2017/6/19,REG,REG,PAX,,,0
MU2568,,MU2568,曼德勒-昆明,MDL,,I,B5527,B738,,,,17:30,19:00,,,,,33-计划,2017/6/19,REG,REG,PAX,,,0
MU2594,,MU5763,清迈-昆明,CNX,,I,B6147,B738,,,,17:30,19:10,,,,,33-计划,2017/6/19,REG,REG,PAX,,,0
MU2598,,MU5855,清莱-昆明,CEI,,I,B7599,B738,,,,17:35,18:50,,,,,33-计划,2017/6/19,REG,REG,PAX,,,0
MU5724,,MU9737,西安-昆明,XIY,,D,B5796,B738,,,,17:35,19:50,,,,,33-计划,2017/6/19,REG,REG,PAX,,,0
MU5984,,MU5803,保山-昆明,BSD,,D,B5259,B737,,,,17:40,18:45,,,,,33-计划,2017/6/19,REG,REG,PAX,,,0
MU5734,,MU5734,广州-昆明,CAN,,D,B5295,B737,,,,17:40,20:15,,,,,33-计划,2017/6/19,REG,REG,PAX,,,0
MU5800,,MU5706,大连-洛阳-昆明,DLC,LYA,D,B5282,B737,,,,17:45,20:15,,,,,33-计划,2017/6/19,REG,REG,PAX,,,0
MU5944,,MU5911,大理-昆明,DLU,,D,B5822,B737,,,,17:50,18:40,,,,,33-计划,2017/6/19,REG,REG,PAX,,,0
MU5471,,MU5472,济南-重庆-昆明,TNA,CKG,D,B2335,A320,,,,17:50,19:25,,,,,33-计划,2017/6/19,REG,REG,PAX,,,0
CZ6597,,CZ6598,三亚-昆明,SYX,,D,B8640,A321,,,,17:50,19:58,,,,,33-计划,2017/6/19,REG,REG,PAX,,,0
MU2745,,MU2746,南京-长沙-昆明,NKG,HHA,D,B2221,A320,,,,17:50,20:00,,,,,33-计划,2017/6/19,REG,REG,PAX,,,0
MU5463,,MU5450,上海-合肥-昆明,PVG,HFE,D,B6799,A320,,,,17:50,20:40,,,,,33-计划,2017/6/19,REG,REG,PAX,,,0
CZ3488,,CZ3488,丽江-昆明,LJG,,D,B6020,A319,,,,18:05,19:08,,,,,33-计划,2017/6/19,REG,REG,PAX,,,0
KY8316,,KY8249,腾冲-昆明,TCZ,,D,B7872,B737,,,,18:05,19:10,,,,,33-计划,2017/6/19,REG,REG,PAX,,,0
MU9737,,MU5712,芒市-昆明,LUM,,D,B5267,B737,,,,18:05,19:15,,,,,33-计划,2017/6/19,REG,REG,PAX,,,0
8L9888,,8L9597,上海-宜春-昆明,SHA,YIC,D,B6800,B738,,,,18:05,20:15,,,,,33-计划,2017/6/19,REG,REG,PAX,,,0
8L9656,,8L9555,哈尔滨-忻州-昆明,HRB,WUT,D,B7989,B738,,,,18:05,21:00,,,,,33-计划,2017/6/19,REG,REG,PAX,,,0
MU5763,,MU5915,大理-昆明,DLU,,D,B5270,B737,,,,18:10,19:15,,,,,33-计划,2017/6/19,REG,REG,PAX,,,0
FU6509,,FU6510,福州-昆明,FOC,,D,B7105,B737,,,,18:15,21:20,,,,,33-计划,2017/6/19,REG,REG,PAX,,,0
SC8830,,SC8830,德里-昆明,DEL,,I,B1743,B738,,,,18:15,23:05,,,,,33-计划,2017/6/19,REG,REG,PAX,,,0
CZ6601,,CZ6602,郑州-昆明,CGO,,D,B5698,B738,,,,18:20,20:58,,,,,33-计划,2017/6/19,REG,REG,PAX,,,0
MU5145,,MU5230,太原-昆明,TYN,,D,B1723,B738,,,,18:20,21:15,,,,,33-计划,2017/6/19,REG,REG,PAX,,,0
MU5988,,,保山-昆明,BSD,,D,B5231,B737,,,,18:25,19:30,,,,,33-计划,2017/6/19,REG,REG,PAX,,,0
CZ3467,,CZ3468,长沙-昆明,HHA,,D,B6976,A320,,,,18:25,20:23,,,,,33-计划,2017/6/19,REG,REG,PAX,,,0
CZ6977,,CZ6978,武汉-昆明,WUH,,D,B5070,B737,,,,18:25,20:43,,,,,33-计划,2017/6/19,REG,REG,PAX,,,0
CZ3489,,CZ3490,广州-昆明,CAN,,D,B6526,A332,,,,18:30,20:58,,,,,33-计划,2017/6/19,REG,REG,PAX,,,0
KE885,,KE886,首尔-昆明,ICN,,I,HL8241,B738,,,,18:30,22:05,,,,,33-计划,2017/6/19,REG,REG,PAX,,,0
MU5718,,MU5812,普洱-昆明,SYM,,D,B5828,B737,,,,18:35,19:40,,,,,33-计划,2017/6/19,REG,REG,PAX,,,0
CZ3863,,CZ3864,汕头-南宁-昆明,SWA,NNG,D,B5837,B738,,,,18:35,19:53,,,,,33-计划,2017/6/19,REG,REG,PAX,,,0
MU2765,,,长春-南京-昆明,CGQ,NKG,D,B8498,A320,,,,18:35,21:35,,,,,33-计划,2017/6/19,REG,REG,PAX,,,0
DR6504,,DR6579,芒市-昆明,LUM,,D,B6109,B737,,,,18:40,19:40,,,,,33-计划,2017/6/19,REG,REG,PAX,,,0
CZ3747,,CZ3748,珠海-昆明,ZUH,,D,B1776,B738,,,,18:40,20:28,,,,,33-计划,2017/6/19,REG,REG,PAX,,,0
CZ6923,,CZ6924,深圳-昆明,SZX,,D,B6978,A321,,,,18:40,21:03,,,,,33-计划,2017/6/19,REG,REG,PAX,,,0
MU5706,Y,MU777,北京-昆明,PEK,,D,B5926,A33E,,,,18:40,22:15,,,,,33-计划,2017/6/19,REG,REG,PAX,,,1
MU5617,,MU5618,南昌-昆明,KHN,,D,B8975,A320,,,,18:45,21:15,,,,,33-计划,2017/6/19,REG,REG,PAX,,,0
ZH9455,,,广州-昆明,CAN,,D,B6722,A320,,,,18:50,21:30,,,,,33-计划,2017/6/19,REG,REG,PAX,,,0
MU758,,,加德-昆明,KTM,,I,B5256,B737,,,,18:50,21:55,,,,,33-计划,2017/6/19,REG,REG,PAX,,,0
CZ6370,,CZ6370,版纳-昆明,JHG,,D,B2622,B737,,,,18:55,19:53,,,,,33-计划,2017/6/19,REG,REG,PAX,,,0
MU5952,,MU5724,腾冲-昆明,TCZ,,D,B5815,B737,,,,18:55,20:00,,,,,33-计划,2017/6/19,REG,REG,PAX,,,0
3U8930,,3U8662,沈阳-长沙-昆明,SHE,HHA,D,B1887,A320,,,,18:55,21:10,,,,,33-计划,2017/6/19,REG,REG,PAX,,,0
MU9732,,MU9732,拉萨-昆明,LXA,,D,B5817,B737,,,,18:55,21:15,,,,,33-计划,2017/6/19,REG,REG,PAX,,,0
MU5738,,,广州-昆明,CAN,,D,B5756,B738,,,,18:55,21:25,,,,,33-计划,2017/6/19,REG,REG,PAX,,,0
MU555,,MU555,杭州-昆明,HGH,,D,B6001,A320,,,,19:00,22:15,,,,,33-计划,2017/6/19,REG,REG,PAX,,,0
3U8848,,3U8527,哈尔滨-郑州-昆明,HRB,CGO,D,B6955,A320,,,,19:05,21:50,,,,,33-计划,2017/6/19,REG,REG,PAX,,,0
KY8276,,,济南-昆明,TNA,,D,B6492,B738,,,,19:05,22:20,,,,,33-计划,2017/6/19,REG,REG,PAX,,,0
DR6578,,,沈阳-榆林-昆明,SHE,UYN,D,B6110,B737,,,,19:10,22:05,,,,,33-计划,2017/6/19,REG,REG,PAX,,,0
3U8958,,,台北-昆明,TPE,,R,B6953,A320,,,,19:10,22:20,,,,,33-计划,2017/6/19,REG,REG,PAX,,,0
MU5810,,,上海-昆明,SHA,,D,B6872,A320,,,,19:10,22:30,,,,,33-计划,2017/6/19,REG,REG,PAX,,,0
CZ3452,,CZ3452,丽江-昆明,LJG,,D,B2369,A320,,,,19:15,20:08,,,,,33-计划,2017/6/19,REG,REG,PAX,,,0
KY8342,,,南宁-厦门-昆明,NNG,XMN,D,B2667,B737,,,,19:15,22:00,,,,,33-计划,2017/6/19,REG,REG,PAX,,,0
KY8282,,,上海-昆明,PVG,,D,B6495,B738,,,,19:15,22:40,,,,,33-计划,2017/6/19,REG,REG,PAX,,,0
MU5822,,,哈尔滨-东胜-昆明,HRB,DSN,D,B5795,B738,,,,19:20,22:10,,,,,33-计划,2017/6/19,REG,REG,PAX,,,0
SC8885,,SC8885,乌鲁-昆明,URC,,D,B6986,B738,,,,19:20,23:30,,,,,33-计划,2017/6/19,REG,REG,PAX,,,0
MU5818,,MU5733,上海-兴义-昆明,SHA,ACX,D,B1907,B738,,,,19:25,20:20,,,,,33-计划,2017/6/19,REG,REG,PAX,,,1
GS7661,,GS7662,西安-昆明,XIY,,D,B6903,A320,,,,19:25,21:50,,,,,33-计划,2017/6/19,REG,REG,PAX,,,0
3U8762,,,无锡-昆明,WUX,,D,B1661,A320,,,,19:25,22:35,,,,,33-计划,2017/6/19,REG,REG,PAX,,,0
MU5926,,MU5920,丽江-昆明,LJG,,D,B5225,B737,,,,19:30,20:30,,,,,33-计划,2017/6/19,REG,REG,PAX,,,0
MU754,,,暹粒-昆明,REP,,I,B6141,B737,,,,19:30,22:00,,,,,33-计划,2017/6/19,REG,REG,PAX,,,0
CZ3997,,,北京-昆明,PEK,,D,B6111,A333,,,,19:30,23:03,,,,,33-计划,2017/6/19,REG,REG,PAX,,,0
MU5369,,,上海-昆明,PVG,,D,B5903,A332,,,,19:35,22:55,,,,,33-计划,2017/6/19,REG,REG,PAX,,,0
HU7089,,HU7090,海口-昆明,HAK,,D,B2647,B738,,,,19:40,21:35,,,,,33-计划,2017/6/19,REG,REG,PAX,,,0
MU5840,,,郑州-昆明,CGO,,D,B1791,B738,,,,19:40,22:25,,,,,33-计划,2017/6/19,REG,REG,PAX,,,0
GJ8690,,,长春-徐州-昆明,CGQ,XUZ,D,B1867,A320,,,,19:40,22:35,,,,,33-计划,2017/6/19,REG,REG,PAX,,,0
MU5850,,,成都-昆明,CTU,,D,B6145,B738,,,,19:45,21:25,,,,,33-计划,2017/6/19,REG,REG,PAX,,,1
8L9690,,8L9801,合肥-昆明,HFE,,D,B5810,B737,,,,19:45,22:25,,,,,33-计划,2017/6/19,REG,REG,PAX,,,0
MU5804,,,上海-昆明,SHA,,D,B5276,B737,,,,19:45,23:00,,,,,33-计划,2017/6/19,REG,REG,PAX,,,0
KY8244,,KY8247,普洱-昆明,SYM,,D,B2678,B737,,,,19:50,20:55,,,,,33-计划,2017/6/19,REG,REG,PAX,,,0
3U8528,,,西安-昆明,XIY,,D,B6732,A320,,,,19:50,22:15,,,,,33-计划,2017/6/19,REG,REG,PAX,,,0
MU2245,,MU2246,西宁-昆明,XNN,,D,B6876,A320,,,,19:50,22:15,,,,,33-计划,2017/6/19,REG,REG,PAX,,,0
SC4719,,SC4720,重庆-昆明,CKG,,D,B5333,B738,,,,19:55,21:30,,,,,33-计划,2017/6/19,REG,REG,PAX,,,0
MU2493,,MU2498,温州-武汉-昆明,WNZ,WUH,D,B5589,B737,,,,19:55,22:10,,,,,33-计划,2017/6/19,REG,REG,PAX,,,0
8L9980,,,深圳-昆明,SZX,,D,B6198,A319,,,,19:55,22:30,,,,,33-计划,2017/6/19,REG,REG,PAX,,,1
KY8206,,,哈尔滨-济南-昆明,HRB,TNA,D,B5025,B737,,,,19:55,23:10,,,,,33-计划,2017/6/19,REG,REG,PAX,,,0
KY8234,,,太原-昆明,TYN,,D,B1991,B738,,,,20:00,23:05,,,,,33-计划,2017/6/19,REG,REG,PAX,,,0
KY8222,,KY8285,重庆-昆明,CKG,,D,B5672,B738,,,,20:05,21:40,,,,,33-计划,2017/6/19,REG,REG,PAX,,,0
ZH9415,,,深圳-昆明,SZX,,D,B5361,B738,,,,20:05,22:35,,,,,33-计划,2017/6/19,REG,REG,PAX,,,0
ZH9451,,,广州-昆明,CAN,,D,B5360,B737,,,,20:05,22:45,,,,,33-计划,2017/6/19,REG,REG,PAX,,,0
KY8298,,,长春-石家庄-昆明,CGQ,SJW,D,B1507,B738,,,,20:10,23:20,,,,,33-计划,2017/6/19,REG,REG,PAX,,,0
MU5782,,,厦门-昆明,XMN,,D,B1908,B738,,,,20:15,23:05,,,,,33-计划,2017/6/19,REG,REG,PAX,,,0
A67114,,,长春-临沂-昆明,CGQ,LYI,D,B8432,A320,,,,20:15,23:30,,,,,33-计划,2017/6/19,REG,REG,PAX,,,0
MU5898,,,普洱-昆明,SYM,,D,B5816,B737,,,,20:20,21:25,,,,,33-计划,2017/6/19,REG,REG,PAX,,,0
MU5884,,,湛江-昆明,ZHA,,D,B5243,B737,,,,20:20,22:20,,,,,33-计划,2017/6/19,REG,REG,PAX,,,0
ZH9714,,,沈阳-太原-昆明,SHE,TYN,D,B6615,A320,,,,20:20,23:25,,,,,33-计划,2017/6/19,REG,REG,PAX,,,0
MU2572,,,加德-昆明,KTM,,I,B6142,B737,,,,20:20,23:30,,,,,33-计划,2017/6/19,REG,REG,PAX,,,0
MU9714,,,武汉-宜宾-昆明,WUH,YBP,D,B2502,B737,,,,20:25,21:30,,,,,33-计划,2017/6/19,REG,REG,PAX,,,0
DR6506,,DR6511,芒市-昆明,LUM,,D,B5830,B737,,,,20:25,21:40,,,,,33-计划,2017/6/19,REG,REG,PAX,,,0
CA8937,,,大连-武当山-昆明,DLC,WDS,D,B5639,B738,,,,20:25,22:30,,,,,33-计划,2017/6/19,REG,REG,PAX,,,0
3U8202,,,上海-昆明,PVG,,D,B6778,A320,,,,20:25,23:45,,,,,33-计划,2017/6/19,REG,REG,PAX,,,0
8L9892,,,大连-武汉-昆明,DLC,WUH,D,B7988,B738,,,,20:30,22:40,,,,,33-计划,2017/6/19,REG,REG,PAX,,,0
MU5708,,MU2595,北京-昆明,PEK,,D,B5701,B738,,,,20:40,0:20,,,,,33-计划,2017/6/20,REG,REG,PAX,,,0
CA4417,,,成都-昆明,CTU,,D,B9925,A320,,,,20:45,22:30,,,,,33-计划,2017/6/19,REG,REG,PAX,,,0
MU5646,,MU5646,版纳-昆明,JHG,,D,B6797,A322,,,,20:50,22:00,,,,,33-计划,2017/6/19,REG,REG,PAX,,,0
MU5854,,,成都-昆明,CTU,,D,B7592,B738,,,,20:50,22:30,,,,,33-计划,2017/6/19,REG,REG,PAX,,,0
MU5078,,MU5078,曼谷-昆明,BKK,,I,B6802,A320,,,,20:50,23:20,,,,,33-计划,2017/6/19,REG,REG,PAX,,,0
SC8844,,,大阪-济南-昆明,KIX,TNA,M,B7808,B738,,,,20:50,0:10,,,,,33-计划,2017/6/20,REG,REG,PAX,,,0
KY8240,,,青岛-昆明,TAO,,D,B5702,B738,,,,20:50,0:25,,,,,33-计划,2017/6/20,REG,REG,PAX,,,0
KY8266,,,杭州-昆明,HGH,,D,B2669,B737,,,,20:55,0:05,,,,,33-计划,2017/6/20,REG,REG,PAX,,,0
8L9903,,8L9945,版纳-昆明,JHG,,D,B5805,B737,,,,21:00,22:05,,,,,33-计划,2017/6/19,REG,REG,PAX,,,0
MU2264,,,沈阳-西安-昆明,SHE,XIY,D,B5683,B738,,,,21:00,23:20,,,,,33-计划,2017/6/19,REG,REG,PAX,,,0
HO1651,,,哈尔滨-南京-昆明,HRB,NKG,D,B6861,A320,,,,21:00,23:50,,,,,33-计划,2017/6/19,REG,REG,PAX,,,0
8L9913,,8L9906,版纳-昆明,JHG,,D,B5249,B737,,,,21:05,22:10,,,,,33-计划,2017/6/19,REG,REG,PAX,,,0
MU748,,,大阪-上海-昆明,KIX,PVG,M,B1788,B738,,,,21:05,0:25,,,,,33-计划,2017/6/20,REG,REG,PAX,,,0
HO1093,,,上海-昆明,SHA,,D,B8408,A320,,,,21:05,0:35,,,,,33-计划,2017/6/20,REG,REG,PAX,,,0
8L9898,,,温州-昆明,WNZ,,D,B1798,B738,,,,21:10,0:20,,,,,33-计划,2017/6/20,REG,REG,PAX,,,0
EU2226,,EU2224,版纳-昆明,JHG,,D,B6940,A320,,,,21:15,22:15,,,,,33-计划,2017/6/19,REG,REG,PAX,,,0
8L9876,,,厦门-昆明,XMN,,D,B5248,B737,,,,21:15,23:55,,,,,33-计划,2017/6/19,REG,REG,PAX,,,0
MU5914,,,版纳-昆明,JHG,,D,B5263,B737,,,,21:20,22:20,,,,,33-计划,2017/6/19,REG,REG,PAX,,,0
QW9855,,,青岛-屯溪-昆明,TAO,TXN,D,B8430,A320,,,,21:20,0:10,,,,,33-计划,2017/6/20,REG,REG,PAX,,,0
SC4859,,,青岛-昆明,TAO,,D,B7809,B738,,,,21:20,1:00,,,,,33-计划,2017/6/20,REG,REG,PAX,,,0
UL828,,UL829,科伦坡-昆明,CMB,,I,,A332,,,,21:20,1:50,,,,,33-计划,2017/6/20,REG,REG,PAX,,,0
CZ3419,,,广州-昆明,CAN,,D,B6283,A320,,,,21:25,23:48,,,,,33-计划,2017/6/19,REG,REG,PAX,,,0
MU5824,,,郑州-昆明,CGO,,D,B7589,B738,,,,21:25,0:10,,,,,33-计划,2017/6/20,REG,REG,PAX,,,0
HU7311,,,北京-昆明,PEK,,D,,A332,,,,21:25,0:50,,,,,33-计划,2017/6/20,REG,REG,PAX,,,0
MU5733,,,丽江-昆明,LJG,,D,B5255,B737,,,,21:30,22:25,,,,,33-计划,2017/6/19,REG,REG,PAX,,,0
MU2995,,,无锡-重庆-昆明,WUX,CKG,D,B6639,A320,,,,21:30,23:10,,,,,33-计划,2017/6/19,REG,REG,PAX,,,0
KY8302,,,惠州-昆明,HUZ,,D,B5026,B737,,,,21:30,23:50,,,,,33-计划,2017/6/19,REG,REG,PAX,,,0
MU2785,,,南京-昆明,NKG,,D,B8496,A320,,,,21:30,0:30,,,,,33-计划,2017/6/20,REG,REG,PAX,,,0
8L9890,,,上海-昆明,PVG,,D,B1587,B738,,,,21:35,0:50,,,,,33-计划,2017/6/20,REG,REG,PAX,,,0
CA4459,,,成都-昆明,CTU,,D,B6847,A320,,,,21:40,23:15,,,,,33-计划,2017/6/19,REG,REG,PAX,,,1
CA4174,,,北京-昆明,PEK,,D,B6828,A320,,,,21:40,1:15,,,,,33-计划,2017/6/20,REG,REG,PAX,,,0
8L9924,,,保山-昆明,BSD,,D,B1565,B737,,,,21:45,22:50,,,,,33-计划,2017/6/19,REG,REG,PAX,,,1
8L9972,,,海口-昆明,HAK,,D,B6221,A319,,,,21:45,23:40,,,,,33-计划,2017/6/19,REG,REG,PAX,,,0
DR6534,,,武汉-昆明,WUH,,D,B7866,B738,,,,21:45,23:55,,,,,33-计划,2017/6/19,REG,REG,PAX,,,0
KY8334,,,大连-西安-昆明,DLC,XIY,D,B7089,B738,,,,21:45,0:10,,,,,33-计划,2017/6/20,REG,REG,PAX,,,0
SC1162,,,沈阳-济南-昆明,SHE,TNA,D,B7978,B738,,,,21:45,1:00,,,,,33-计划,2017/6/20,REG,REG,PAX,,,0
MU5930,,,文山-昆明,WNH,,D,B5097,B737,,,,21:50,22:55,,,,,33-计划,2017/6/19,REG,REG,PAX,,,0
MU5986,,MU5921,保山-昆明,BSD,,D,B5807,B737,,,,21:50,22:55,,,,,33-计划,2017/6/19,REG,REG,PAX,,,0
8L9884,,,南京-昆明,NKG,,D,B5449,B738,,,,21:50,0:40,,,,,33-计划,2017/6/20,REG,REG,PAX,,,0
CZ3542,,,杭州-武汉-昆明,HGH,WUH,D,B2695,B738,,,,21:55,0:08,,,,,33-计划,2017/6/20,REG,REG,PAX,,,0
MU5704,,,北京-济宁-昆明,PEK,JNG,D,B5515,B738,,,,21:55,0:55,,,,,33-计划,2017/6/20,REG,REG,PAX,,,0
MU5720,,,北京-昆明,PEK,,D,B7591,B738,,,,21:55,1:30,,,,,33-计划,2017/6/20,REG,REG,PAX,,,0
MU5814,,,上海-昆明,SHA,,D,B6148,B738,,,,22:00,1:20,,,,,33-计划,2017/6/20,REG,REG,PAX,,,0
3U8667,,,成都-昆明,CTU,,D,B6348,A320,,,,22:05,23:40,,,,,33-计划,2017/6/19,REG,REG,PAX,,,1
DR6538,,,兰州-昆明,ZGC,,D,B5829,B737,,,,22:05,0:20,,,,,33-计划,2017/6/20,REG,REG,PAX,,,0
MU5766,,,大连-郑州-昆明,DLC,CGO,D,B6146,B738,,,,22:05,0:50,,,,,33-计划,2017/6/20,REG,REG,PAX,,,0
DR6562,,,沈阳-青岛-昆明,SHE,TAO,D,B7867,B738,,,,22:05,1:40,,,,,33-计划,2017/6/20,REG,REG,PAX,,,0
MU5846,,,成都-昆明,CTU,,D,B5242,B737,,,,22:10,23:45,,,,,33-计划,2017/6/19,REG,REG,PAX,,,0
MU5746,,,三亚-昆明,SYX,,D,B6637,A320,,,,22:10,0:15,,,,,33-计划,2017/6/20,REG,REG,PAX,,,0
MU5750,,,盐城-长沙-昆明,YNZ,HHA,D,B1703,B738,,,,22:10,0:20,,,,,33-计划,2017/6/20,REG,REG,PAX,,,0
MU5772,,,广州-昆明,CAN,,D,B7600,B738,,,,22:10,0:40,,,,,33-计划,2017/6/20,REG,REG,PAX,,,0
DR6560,,,大连-太原-昆明,DLC,TYN,D,B1595,B738,,,,22:10,1:00,,,,,33-计划,2017/6/20,REG,REG,PAX,,,0
DR6592,,,西安-昆明,XIY,,D,B1960,B738,,,,22:15,0:35,,,,,33-计划,2017/6/20,REG,REG,PAX,,,0
UW9944,,,德里-昆明,DEL,,I,B2325,A306,,,,22:15,2:05,,,,,33-计划,2017/6/20,REG,REG,SPE,,,0
UW9948,,,马德拉斯-昆明,MAA,,I,B2330,A306,,,,22:15,2:05,,,,,33-计划,2017/6/20,REG,REG,PAX,,,0
KY8210,,,版纳-昆明,JHG,,D,B7871,B737,,,,22:20,23:25,,,,,33-计划,2017/6/19,REG,REG,PAX,,,0
DR6516,,,天津-襄阳-昆明,TSN,XFN,D,B7088,B737,,,,22:30,0:20,,,,,33-计划,2017/6/20,REG,REG,PAX,,,0
8L9976,,,广州-昆明,CAN,,D,B1825,A320,,,,22:30,0:55,,,,,33-计划,2017/6/20,REG,REG,PAX,,,0
8L9974,,,郑州-昆明,CGO,,D,B7991,B738,,,,22:30,1:10,,,,,33-计划,2017/6/20,REG,REG,PAX,,,0
MU5932,,,迪庆-昆明,DIG,,D,B5828,B737,,,,22:35,23:40,,,,,33-计划,2017/6/19,REG,REG,PAX,,,0
3U8554,,,乌鲁-重庆-昆明,URC,CKG,D,B8657,A320,,,,22:35,0:10,,,,,33-计划,2017/6/20,REG,REG,PAX,,,0
MU5848,,,成都-昆明,CTU,,D,B7590,B738,,,,22:45,0:25,,,,,33-计划,2017/6/20,REG,REG,PAX,,,0
8L9986,,,呼和-太原-昆明,HET,TYN,D,B8445,A320,,,,22:45,1:35,,,,,33-计划,2017/6/20,REG,REG,PAX,,,0
A67108,,,郑州-昆明,CGO,,D,B8318,A321,,,,22:45,1:35,,,,,33-计划,2017/6/20,REG,REG,PAX,,,0
DR6522,,,成都-昆明,CTU,,D,B1593,B738,,,,22:50,0:30,,,,,33-计划,2017/6/20,REG,REG,PAX,,,0
DR6524,,,丽江-昆明,LJG,,D,B5811,B737,,,,22:55,23:50,,,,,33-计划,2017/6/19,REG,REG,PAX,,,0
KY8270,,,丽江-版纳-昆明,LJG,JHG,D,B2679,B737,,,,22:55,0:10,,,,,33-计划,2017/6/20,REG,REG,PAX,,,0
8L9984,,,西安-昆明,XIY,,D,B2677,B738,,,,22:55,1:10,,,,,33-计划,2017/6/20,REG,REG,PAX,,,0
8L9992,,,乌鲁-兰州-昆明,URC,ZGC,D,B7992,B738,,,,23:10,1:20,,,,,33-计划,2017/6/20,REG,REG,PAX,,,0
MU5972,,,芒市-昆明,LUM,,D,B5267,B737,,,,23:15,0:15,,,,,33-计划,2017/6/20,REG,REG,PAX,,,0
3U8824,,,南昌-昆明,KHN,,D,B6956,A320,,,,23:15,1:35,,,,,33-计划,2017/6/20,REG,REG,PAX,,,0
GJ8661,,,杭州-贵阳-昆明,HGH,KWE,D,B8243,A320,,,,23:20,0:30,,,,,33-计划,2017/6/20,REG,REG,PAX,,,0
8L9870,,,青岛-武汉-昆明,TAO,WUH,D,B6015,B738,,,,23:25,1:40,,,,,33-计划,2017/6/20,REG,REG,PAX,,,0
MU5902,,,版纳-昆明,JHG,,D,B5815,B737,,,,23:30,0:35,,,,,33-计划,2017/6/20,REG,REG,PAX,,,0
MU5916,,,版纳-昆明,JHG,,D,B5270,B737,,,,23:30,0:35,,,,,33-计划,2017/6/20,REG,REG,PAX,,,0
KY8250,,,丽江-版纳-昆明,LJG,JHG,D,B7872,B737,,,,23:35,0:40,,,,,33-计划,2017/6/20,REG,REG,PAX,,,0
KY8232,,,丽江-昆明,LJG,,D,B7870,B737,,,,23:45,0:45,,,,,33-计划,2017/6/20,REG,REG,PAX,,,0
KY8248,,,芒市-昆明,LUM,,D,B2678,B737,,,,23:45,0:50,,,,,33-计划,2017/6/20,REG,REG,PAX,,,0
MU5913,,,版纳-昆明,JHG,,D,B5295,B737,,,,23:45,0:50,,,,,33-计划,2017/6/20,REG,REG,PAX,,,0
MU5922,,,丽江-昆明,LJG,,D,B5225,B737,,,,23:50,0:50,,,,,33-计划,2017/6/20,REG,REG,PAX,,,0
8L9946,,,成都-昆明,CTU,,D,B5823,B737,,,,23:50,1:30,,,,,33-计划,2017/6/20,REG,REG,PAX,,,0
MU5912,,,版纳-昆明,JHG,,D,B5822,B737,,,,23:55,0:55,,,,,33-计划,2017/6/20,REG,REG,PAX,,,0
3U8968,,,大连-重庆-昆明,DLC,CKG,D,B6445,A319,,,,23:55,1:30,,,,,33-计划,2017/6/20,REG,REG,PAX,,,0
DR6512,,,版纳-昆明,JHG,,D,B5830,B737,,,,0:30,1:35,,,,,33-计划,2017/6/20,REG,REG,PAX,,,0
8L9907,,,版纳-昆明,JHG,,D,B5292,B737,,,,0:50,1:50,,,,,33-计划,2017/6/20,REG,REG,PAX,,,0
