FLT,VIP,LKF,REG,RFC,VI1,DES,TOF,ITY,TAR,GAT,CID,MP1,STD,ETD,ATD,ABT,FSA,RCP,SDT,EAN,POP,OPE,NAT,FLX,MFF,SST,STN
8L9655,,8L9884,B7989,昆明-忻州-哈尔滨,WUT,HRB,D,B738,,,,,6:10,,,,33-计划,,2017/6/19,8:52,REG,REG,PAX,,,0,8:30
3U8917,,3U8902,B6953,昆明-厦门,,XMN,D,A320,152,46,,A,6:25,,,,33-计划,,2017/6/19,8:35,REG,REG,PAX,,,0,9:05
DR6591,,DR6592,B1960,昆明-西安,,XIY,D,B738,,,,,6:35,,,,33-计划,,2017/6/19,8:25,REG,REG,PAX,,,0,8:45
SC8843,,SC8844,B7808,昆明-济南-大阪,TNA,KIX,M,B738,,,,,6:50,,,,33-计划,,2017/6/19,9:27,REG,REG,PAX,,,0,9:55
SC1161,,SC1162,B7978,昆明-济南-沈阳,TNA,SHE,D,B738,,,,,6:50,,,,33-计划,,2017/6/19,9:27,REG,REG,PAX,,,0,9:55
8L9941,,8L9876,B6221,昆明-大理,,DLU,D,A319,161,7,,,6:50,,,,33-计划,,2017/6/19,7:33,REG,REG,PAX,,,0,7:40
3U8901,,3U8202,B8948,昆明-珠海,,ZUH,D,A320,150,49,,,6:50,,,,33-计划,,2017/6/19,8:27,REG,REG,PAX,,,0,8:45
QW9856,,QW9855,B8443,昆明-屯溪-青岛,TXN,TAO,D,A320,,,,,6:55,,,,33-计划,,2017/6/19,9:06,REG,REG,PAX,,,0,9:15
SC4860,,SC4859,B7885,昆明-青岛,,TAO,D,B738,,,,,6:55,,,,33-计划,,2017/6/19,10:03,REG,REG,PAX,,,0,10:25
3U8947,,3U8216,B1661,昆明-济南,,TNA,D,A320,524R,,,,6:55,,,,33-计划,,2017/6/19,9:31,REG,REG,PAX,,,0,10:05
KY8261,,KY8282,B1926,昆明-重庆-台州,CKG,HYN,D,B738,147,55,,,7:00,,,,33-计划,,2017/6/19,8:12,REG,REG,PAX,,,0,8:35
DR6521,,DR6560,B1593,昆明-成都,,CTU,D,B738,714,,,,7:00,,,,33-计划,,2017/6/19,8:02,REG,REG,PAX,,,0,8:35
8L9873,,8L9976,B5407,昆明-赣州-杭州,KOW,HGH,D,B738,160,6,,,7:00,,,,33-计划,,2017/6/19,9:01,REG,REG,PAX,,,0,9:10
8L9863,,8L9864,B2677,昆明-重庆-徐州,CKG,XUZ,D,B738,542,,,,7:00,,,,33-计划,,2017/6/19,8:09,REG,REG,PAX,,,0,8:35
3U8767,,3U8762,B1885,昆明-南宁-温州,NNG,WNZ,D,A320,315,,,,7:00,,,,33-计划,,2017/6/19,8:01,REG,REG,PAX,,,0,8:05
MU5921,,MU5717R,B5809,昆明-丽江,,LJG,D,B737,515,,,,7:05,,,,33-计划,,2017/6/19,7:59,REG,REG,PAX,,,0,8:10
MU556,,MU556,B6870,昆明-杭州,,HGH,D,A320,,,,,7:05,,,,33-计划,,2017/6/19,9:35,REG,REG,PAX,,,0,9:55
KY8295,,KY8302,B7873,昆明-重庆-南通,CKG,NTG,D,B738,146,57,,,7:05,,,,33-计划,,2017/6/19,8:19,REG,REG,PAX,,,0,8:40
HO1652,,HO1651,B8236,昆明-南京-哈尔滨,NKG,HRB,D,A320,724,,,,7:05,,,,33-计划,,2017/6/19,9:27,REG,REG,PAX,,,0,9:55
8L9973,,8L9974,B7993,昆明-郑州,,CGO,D,B738,,,,,7:05,,,,33-计划,,2017/6/19,9:21,REG,REG,PAX,,,1,9:45
8L9849,,8L9946,B5805,昆明-迪庆,,DIG,D,B737,,,,,7:05,,,,33-计划,,2017/6/19,8:06,REG,REG,PAX,,,0,8:00
HU7312,,HU7111,B7175,昆明-北京,,PEK,D,B738,543,,,,7:10,,,,33-计划,,2017/6/19,10:07,REG,REG,PAX,,,0,10:35
8L9865,,8L9956,B1587,昆明-济南,,TNA,D,B738,541,,,,7:10,,,,33-计划,,2017/6/19,9:49,REG,REG,PAX,,,0,10:15
8L9647,,8L9972,B6943,昆明-淮安-天津,HIA,TSN,D,A320,719,,,,7:10,,,,33-计划,,2017/6/19,9:49,REG,REG,PAX,,,0,10:00
DR6577,,DR6578,B5812,昆明-榆林-沈阳,UYN,SHE,D,B737,526R,,,,7:15,,,,33-计划,,2017/6/19,9:33,REG,REG,PAX,,,0,10:00
8L9965,,8L9907,B6198,昆明-三亚,,SYX,D,A319,162,8,,,7:15,,,,33-计划,,2017/6/19,8:54,REG,REG,PAX,,,0,9:25
8L9893,,8L9842,B1565,昆明-珠海,,ZUH,D,B737,710,,,,7:15,,,,33-计划,,2017/6/19,8:57,REG,REG,PAX,,,0,9:05
3U8513,,3U8824,B6348,昆明-重庆-兰州,CKG,ZGC,D,A320,153,27,,,7:15,,,,33-计划,,2017/6/19,8:22,REG,REG,PAX,,,0,8:45
KY8315,,KY8232,B7872,昆明-腾冲,,TCZ,D,B737,,,,,7:20,,,,33-计划,,2017/6/19,8:14,REG,REG,PAX,,,0,8:35
DR6569,,DR6522,B1595,昆明-北海,,BHY,D,B738,,,,,7:20,,,,33-计划,,2017/6/19,8:36,REG,REG,PAX,,,0,8:55
DR6533,,DR6562,B7866,昆明-武汉,,WUH,D,B738,,,,,7:20,,,,33-计划,,2017/6/19,9:08,REG,REG,PAX,,,0,9:40
CA4175,,CA4459,B8491,昆明-沈阳,,SHE,D,A320,140,58,,,7:20,,,,33-计划,,2017/6/19,10:59,REG,REG,PAX,,,0,11:20
CA4171,,CA4174,B6828,昆明-北京,,PEK,D,A320,,,,,7:20,,,,33-计划,,2017/6/19,10:18,REG,REG,PAX,,,1,10:45
3U8865,,3U8930,B6778,昆明-宁波,,NGB,D,A320,525L,,,,7:20,,,,33-计划,,2017/6/19,9:48,REG,REG,PAX,,,0,10:25
SC8886,,SC8886,B7087,昆明-乌鲁,,URC,D,B738,,,,,7:25,,,,33-计划,,2017/6/19,11:28,REG,REG,PAX,,,0,11:45
DR5313,,DR6512,B5830,昆明-恩施-天津,ENH,TSN,D,B737,,,,,7:25,,,,33-计划,,2017/6/19,8:54,REG,REG,PAX,,,0,9:10
A67113,,A67114,B8432,昆明-临沂-长春,LYI,CGQ,D,A320,149,51,,,7:25,,,,33-计划,,2017/6/19,10:02,REG,REG,PAX,,,0,10:25
8L9959,,8L9892,B6016,昆明-安庆-宁波,AQG,NGB,D,B738,165,14,,,7:25,,,,33-计划,,2017/6/19,9:41,REG,REG,PAX,,,1,9:45
GJ8662,,GJ8661,B8148,昆明-贵阳-杭州,KWE,HGH,D,A320,,,,,7:30,,,,33-计划,,2017/6/19,8:21,REG,REG,PAX,,,0,8:45
8L9861,,8L9898,B5359,昆明-合肥,,HFE,D,B738,,,,,7:30,,,,33-计划,,2017/6/19,9:37,REG,REG,PAX,,,0,10:15
3U8669,,3U8968,B6956,昆明-成都-石家庄,CTU,SJW,D,A320,151,47,,,7:30,,,,33-计划,,2017/6/19,8:30,REG,REG,PAX,,,0,9:05
MU2766,,MU2785,B8498,昆明-南京-长春,NKG,CGQ,D,A320,,,,,7:35,,,,33-计划,,2017/6/19,9:57,REG,REG,PAX,,,0,10:30
DR6529,,DR6538,B5829,昆明-太原-呼和,TYN,HET,D,B737,158,2,,,7:35,,,,33-计划,,2017/6/19,10:00,REG,REG,PAX,,,0,10:25
CZ3420,,CZ3419,B2408,昆明-广州,,CAN,D,A320,136,50,,,7:35,,,,33-计划,,2017/6/19,9:12,REG,REG,PAX,,,0,9:40
MU5943,,MU5846,B5822,昆明-大理,,DLU,D,B737,125,41,,,7:40,,,,33-计划,,2017/6/19,8:24,REG,REG,PAX,,,0,8:30
KY8283,,KY8240,B5702,昆明-上海,,PVG,D,B738,709,,,,7:40,,,,33-计划,,2017/6/19,10:27,REG,REG,PAX,,,0,10:50
HO1094,,HO1093,B6619,昆明-上海,,SHA,D,A320,,,,,7:40,,,,33-计划,,2017/6/19,10:24,REG,REG,PAX,,,0,10:50
MU5925,,MU5902,B5225,昆明-丽江,,LJG,D,B737,,,,,7:45,,,,33-计划,,2017/6/19,8:39,REG,REG,PAX,,,0,8:50
MU2996,,MU2765,B1636,昆明-重庆-无锡,CKG,WUX,D,A320,121,33,,,7:45,,,,33-计划,,2017/6/19,8:59,REG,REG,PAX,,,0,9:20
MU747,,MU748,B1788,昆明-上海-大阪,PVG,KIX,M,B738,114,16,,,7:50,,,,33-计划,,2017/6/19,10:37,REG,REG,PAX,,,0,11:00
8L9643,,8L9870,B5292,昆明-芒市,,LUM,D,B737,,,,,7:50,,,,33-计划,,2017/6/19,8:40,REG,REG,PAX,,,0,8:50
3U8847,,3U8554,B6955,昆明-郑州-哈尔滨,CGO,HRB,D,A320,154,25,,,7:50,,,,33-计划,,2017/6/19,10:00,REG,REG,PAX,,,0,10:40
MU5931,,MU5912,B6142,昆明-迪庆,,DIG,D,B737,,,,,7:55,,,,33-计划,,2017/6/19,8:57,REG,REG,PAX,,,0,8:55
MU5891,,MU5962,B5807,昆明-普洱,,SYM,D,B737,,,,,7:55,,,,33-计划,,2017/6/19,8:38,REG,REG,PAX,,,0,8:50
CZ3541,,CZ3542,B1737,昆明-武汉-杭州,WUH,HGH,D,B738,137,52,,,7:55,,,,33-计划,,2017/6/19,9:39,REG,REG,PAX,,,0,10:05
MU5841,,MU774,B5926,昆明-成都,,CTU,D,A33E,312,,,,8:00,,,,33-计划,,2017/6/19,9:05,REG,REG,PAX,,,1,9:35
MU5801,,MU5850,B7591,昆明-上海,,SHA,D,B738,112,65,,,8:00,,,,33-计划,,2017/6/19,10:41,REG,REG,PAX,,,1,11:20
MU5731,,MU2995,B6872,昆明-广州,,CAN,D,A320,118,29,,,8:00,,,,33-计划,,2017/6/19,9:42,REG,REG,PAX,,,0,10:15
KY8313,,KY8248,B2679,昆明-腾冲,,TCZ,D,B737,,,,,8:00,,,,33-计划,,2017/6/19,8:53,REG,REG,PAX,,,0,9:00
KY8251,,KY8250,B7871,昆明-保山,,BSD,D,B737,,,,,8:00,,,,33-计划,,2017/6/19,8:49,REG,REG,PAX,,,0,9:00
KY8229,,KY8270,B2678,昆明-腾冲,,TCZ,D,B737,143,63,,,8:00,,,,33-计划,,2017/6/19,8:56,REG,REG,PAX,,,0,9:05
MU5861,,MU5814,B7599,昆明-重庆,,CKG,D,B738,,,,,8:05,,,,33-计划,,2017/6/19,9:22,REG,REG,PAX,,,0,9:40
MU2589,,MU5824,B6147,昆明-万象,,VTE,I,B738,107,73,,,8:05,,,,33-计划,,2017/6/19,9:26,REG,REG,PAX,,,0,9:50
MF8430,,MF8429,B5389,昆明-厦门,,XMN,D,B738,532,,,,8:05,,,,33-计划,,2017/6/19,10:17,REG,REG,PAX,,,5,10:45
GJ8689,,GJ8872,B1867,昆明-徐州-长春,XUZ,CGQ,D,A320,722a,,,,8:05,,,,33-计划,,2017/6/19,10:36,REG,REG,PAX,,,0,10:55
3U8929,,3U8667,B1887,昆明-长沙-沈阳,HHA,SHE,D,A320,519R,,,,8:05,,,,33-计划,,2017/6/19,9:40,REG,REG,PAX,,,0,10:05
MU5961,,MU5976,B2502,昆明-临沧,,LNJ,D,B737,502,,,,8:10,,,,33-计划,,2017/6/19,8:52,REG,REG,PAX,,,0,9:05
MU5807,,MU5804,B5265,昆明-零陵-上海,LLF,SHA,D,B737,130,40,,,8:10,,,,33-计划,,2017/6/19,9:41,REG,REG,PAX,,,0,9:10
KY8253,,KY8298,B6495,昆明-西安,,XIY,D,B738,142,62,,,8:10,,,,33-计划,,2017/6/19,10:01,REG,REG,PAX,,,0,10:20
CZ8510,,CZ8509,B1652,昆明-青岛-长春,TAO,CGQ,D,A320,138,54,,,8:10,,,,33-计划,,2017/6/19,11:12,REG,REG,PAX,,,0,11:35
MU5987,,MU2566,B5231,昆明-保山,,BSD,D,B737,116,26,,,8:15,,,,33-计划,,2017/6/19,9:03,REG,REG,PAX,,,0,9:10
MU5873,,MU5870,B5097,昆明-宜宾-厦门,YBP,XMN,D,B737,503,,,,8:15,,,,33-计划,,2017/6/19,9:09,REG,REG,PAX,,,0,9:45
KY8321,,KY8276,B6492,昆明-成都,,CTU,D,B738,144,61,,,8:15,,,,33-计划,,2017/6/19,9:19,REG,REG,PAX,,,0,9:45
KY8235,,KY8266,B2669,昆明-杭州,,HGH,D,B737,139,56,,,8:15,,,,33-计划,,2017/6/19,10:44,REG,REG,PAX,,,0,11:10
MU5901,,MU5800,B5295,昆明-版纳,,JHG,D,B737,509,,,,8:20,,,,33-计划,,2017/6/19,9:08,REG,REG,PAX,,,0,9:25
MU5829,,MU2030,B1908,昆明-郑州,,CGO,D,B738,516,,,,8:20,,,,33-计划,,2017/6/19,10:40,REG,REG,PAX,,,0,11:05
MU5821,,MU734,B5795,昆明-东胜-哈尔滨,DSN,HRB,D,B738,505,,,,8:20,,,,33-计划,,2017/6/19,10:49,REG,REG,PAX,,,0,11:15
KY8257,,KY8222,B6493,昆明-郑州,,CGO,D,B738,145,59,,,8:25,,,,33-计划,,2017/6/19,10:44,REG,REG,PAX,,,0,11:10
MU9755,,MU9737,B5293,昆明-保山,,BSD,D,B737,314,,,,8:30,,,,33-计划,,2017/6/19,9:19,REG,REG,PAX,,,0,9:30
MU745,,MU5750,B6249,昆明-南宁-金边,NNG,PNH,M,B738,132,36,,,8:30,,,,33-计划,,2017/6/19,9:35,REG,REG,PAX,,,0,9:35
MU5713,,MU5772,B7592,昆明-北京,,PEK,D,B738,,,,,8:30,,,,33-计划,,2017/6/19,11:30,REG,REG,PAX,,,0,12:00
MU2726,,MU5810,B8497,昆明-南京,,NKG,D,A320,128,44,,,8:30,,,,33-计划,,2017/6/19,10:48,REG,REG,PAX,,,0,11:25
8L9887,,8L9986,B6800,昆明-宜春-上海,YIC,SHA,D,B738,,,,,8:30,,,,33-计划,,2017/6/19,10:22,REG,REG,PAX,,,0,10:45
MU5885,,MU5986,B5271,昆明-湛江,,ZHA,D,B737,124,39,,,8:40,,,,33-计划,,2017/6/19,10:14,REG,REG,PAX,,,0,10:20
MU5775,,MU5848,B1791,昆明-广州,,CAN,D,B738,,,,,8:40,,,,33-计划,,2017/6/19,10:21,REG,REG,PAX,,,0,10:55
MU5370,,MU768,B5902,昆明-上海,,PVG,D,A33E,520,,,,8:40,,,,33-计划,,2017/6/19,11:27,REG,REG,PAX,,,0,11:50
DR6509,,DR6516,B7088,昆明-版纳,,JHG,D,B737,322,,,,8:40,,,,33-计划,,2017/6/19,9:26,REG,REG,PAX,,,0,9:45
CA4418,,CA4417,B6967,昆明-成都,,CTU,D,A320,523L,,,,8:40,,,,33-计划,,2017/6/19,9:41,REG,REG,PAX,,,0,10:25
ZH9416,,ZH9415,B1713,昆明-深圳,,SZX,D,B738,536,,,,8:45,,,,33-计划,,2017/6/19,10:27,REG,REG,PAX,,,0,10:50
MU5799,,MU5930,B5282,昆明-洛阳-大连,LYA,DLC,D,B737,119,30,,,8:45,,,,33-计划,,2017/6/19,10:54,REG,REG,PAX,,,0,11:25
3U8553,,3U8528,B8657,昆明-重庆-乌鲁,CKG,URC,D,A320,321,,,,8:45,,,,33-计划,,2017/6/19,9:51,REG,REG,PAX,,,0,10:30
8L9910,,8L9905,B5249,昆明-版纳,,JHG,D,B737,,,,,8:50,,,,33-计划,,2017/6/19,9:36,REG,REG,PAX,,,1,9:50
PN6393,,PN6393,B8102,昆明-版纳,,JHG,D,A320,,,,,8:55,,,,33-计划,,2017/6/19,9:42,REG,REG,PAX,,,0,10:00
MU5094,,MU5094,B1609,昆明-兰州,,ZGC,D,A320,,,,,8:55,,,,33-计划,,2017/6/19,10:50,REG,REG,PAX,,,0,11:20
MU5985,,MU5972,B5054,昆明-保山,,BSD,D,B737,127,45,,,9:00,,,,33-计划,,2017/6/19,9:51,REG,REG,PAX,,,0,10:00
MU5939,,MU758,B5816,昆明-迪庆-拉萨,DIG,LXA,D,B737,101,,,,9:00,,,,33-计划,,2017/6/19,10:01,REG,REG,PAX,,,0,10:05
MU5845,,MU5913,B5821,昆明-成都,,CTU,D,B737,,,,,9:00,,,,33-计划,,2017/6/19,10:04,REG,REG,PAX,,,0,10:40
KY8255,,KY8210,B7870,昆明-临沧,,LNJ,D,B737,148,53,,,9:00,,,,33-计划,,2017/6/19,9:43,REG,REG,PAX,,,0,9:50
8L9595,,8L9960,B7167,昆明-吉隆坡,,KUL,I,B738,540,,,,9:00,,,,33-计划,,2017/6/19,12:45,REG,REG,PAX,,,0,12:35
ZH9790,,ZH9455,B6568,昆明-泉州,,JJN,D,A320,535,,,,9:05,,,,33-计划,,2017/6/19,11:25,REG,REG,PAX,,,0,11:50
ZH9452,,ZH9451,B5360,昆明-广州,,CAN,D,B737,537,,,,9:05,,,,33-计划,,2017/6/19,10:46,REG,REG,PAX,,,0,11:10
KY8205,,KY8206,B5025,昆明-济南-哈尔滨,TNA,HRB,D,B737,522R,,,,9:05,,,,33-计划,,2017/6/19,11:43,REG,REG,PAX,,,0,12:10
DR6507,,DR6524,B6109,昆明-芒市,,LUM,D,B737,157,1,,,9:10,,,,33-计划,,2017/6/19,10:02,REG,REG,PAX,,,0,10:10
KY8341,,KY8342,B2667,昆明-厦门-南宁,XMN,NNG,D,B737,141,60,,,9:15,,,,33-计划,,2017/6/19,11:30,REG,REG,PAX,,,0,12:00
MU5903,,MU5898,B5815,昆明-版纳,,JHG,D,B737,514,,,,9:20,,,,33-计划,,2017/6/19,10:07,REG,REG,PAX,,,0,10:25
MU5761,,MU5758,B7589,昆明-深圳,,SZX,D,B738,507,,,,9:20,,,,33-计划,,2017/6/19,11:06,REG,REG,PAX,,,0,11:30
EU2721,,EU2223,B6940,昆明-柳州-厦门,LZH,XMN,D,A320,,,,,9:20,,,,33-计划,,2017/6/19,10:29,REG,REG,PAX,,,0,10:50
MU5971,,MU5932,B5242,昆明-芒市,,LUM,D,B737,123,37,,,9:25,,,,33-计划,,2017/6/19,10:19,REG,REG,PAX,,,0,10:25
MU5941,,MU5914,B5270,昆明-大理,,DLU,D,B737,113,64,,,9:25,,,,33-计划,,2017/6/19,10:08,REG,REG,PAX,,,0,10:15
8L9841,,8L9802,B5810,昆明-普洱,,SYM,D,B737,,,,,9:25,,,,33-计划,,2017/6/19,10:06,REG,REG,PAX,,,0,10:20
3U8129,,3U8818,B6445,昆明-版纳,,JHG,D,A319,524L,,,,9:25,,,,33-计划,,2017/6/19,10:09,REG,REG,PAX,,,0,10:30
MU5456,,MU2592,B2229,昆明-宁波,,NGB,D,A320,,,,,9:30,,,,33-计划,,2017/6/19,12:03,REG,REG,PAX,,,0,12:35
MU5957,,MU5733,B5245,昆明-临沧,,LNJ,D,B737,510,,,,9:35,,,,33-计划,,2017/6/19,10:17,REG,REG,PAX,,,0,10:30
MU5817,,MU5782,B1907,昆明-兴义-上海,ACX,SHA,D,B738,133,34,,,9:35,,,,33-计划,,2017/6/19,10:17,REG,REG,PAX,,,1,10:20
MU5464,,MU5449,B6799,昆明-合肥-上海,HFE,PVG,D,A320,,,,,9:35,,,,33-计划,,2017/6/19,11:44,REG,REG,PAX,,,0,12:20
KY8297,,KY8234,B1507,昆明-石家庄-长春,SJW,CGQ,D,B738,521L,,,,9:40,,,,33-计划,,2017/6/19,12:23,REG,REG,PAX,,,0,12:55
A67105,,A67108,B8285,昆明-南昌,,KHN,D,A321,,,,,9:40,,,,33-计划,,2017/6/19,11:33,REG,REG,PAX,,,0,12:05
MU5747,,MU5746,B6637,昆明-天津,,TSN,D,A320,129,42,,,9:45,,,,33-计划,,2017/6/19,12:46,REG,REG,PAX,,,0,12:55
MU2263,,MU742,B5683,昆明-西安-沈阳,XIY,SHE,D,B738,504,,,,9:45,,,,33-计划,,2017/6/19,11:36,REG,REG,PAX,,,0,11:55
OQ2328,,OQ2327,B6183,昆明-重庆,,CKG,D,A319,,,,,9:50,,,,33-计划,,2017/6/19,10:56,REG,REG,PAX,,,1,11:25
8L9891,,8L9992,B7988,昆明-武汉-大连,WUH,DLC,D,B738,,,,,9:50,,,,33-计划,,2017/6/19,11:39,REG,REG,PAX,,,0,12:15
8L9651,,8L9890,B1586,昆明-郑州,,CGO,D,B738,,,,,9:50,,,,33-计划,,2017/6/19,12:05,REG,REG,PAX,,,0,12:35
MU5851,,MU5922,B5820,昆明-成都,,CTU,D,B737,,,,,10:00,,,,33-计划,,2017/6/19,11:04,REG,REG,PAX,,,0,11:35
MU5759,,MU5852,B6148,昆明-深圳,,SZX,D,B738,,,,,10:00,,,,33-计划,,2017/6/19,11:46,REG,REG,PAX,,,0,12:10
KY8333,,KY8334,B7089,昆明-西安-大连,XIY,DLC,D,B738,521R,,,,10:00,,,,33-计划,,2017/6/19,11:52,REG,REG,PAX,,,0,12:10
ZH9713,,ZH9714,B6615,昆明-太原-沈阳,TYN,SHE,D,A320,534,,,,10:05,,,,33-计划,,2017/6/19,12:30,REG,REG,PAX,,,0,12:55
MU5927,,MU2572,B5256,昆明-文山,,WNH,D,B737,102,,,,10:20,,,,33-计划,,2017/6/19,10:55,REG,REG,PAX,,,0,11:05
MU2360,Y,MU2359,B6876,昆明-西宁,,XNN,D,A320,,,,,10:20,,,,33-计划,,2017/6/19,12:31,REG,REG,PAX,,,0,13:00
KY8273,,KY8286,B5672,昆明-武汉,,WUH,D,B738,,,,,10:20,,,,33-计划,,2017/6/19,12:13,REG,REG,PAX,,,0,12:35
MU5973,,MU5747,B5802,昆明-芒市,,LUM,D,B737,,,,,10:25,,,,33-计划,,2017/6/19,11:18,REG,REG,PAX,,,0,11:25
CA8938,,CA8937,B5642,昆明-武当山-大连,WDS,DLC,D,B738,523R,,,,10:25,,,,33-计划,,2017/6/19,12:13,REG,REG,PAX,,,0,12:20
8L9947,,8L9624,B1798,昆明-成都,,CTU,D,B738,539,,,,10:25,,,,33-计划,,2017/6/19,11:28,REG,REG,PAX,,,0,12:05
MU2567,,MU2567,B5701,昆明-曼德勒,,MDL,I,B738,,,,,10:30,,,,33-计划,,2017/6/19,11:47,REG,REG,PAX,,,0,12:15
CZ3481,,CZ3481,B6202,昆明-大理,,DLU,D,A319,,,,,10:30,,,,33-计划,,2017/6/19,11:12,REG,REG,PAX,,,0,11:20
MU2496,,MU2495,B5199,昆明-成都,,CTU,D,B737,,,,,10:35,,,,33-计划,,2017/6/19,11:39,REG,REG,PAX,,,0,12:20
MU2250,,MU2249,B8558,昆明-兰州,,ZGC,D,A320,,,,,10:35,,,,33-计划,,2017/6/19,12:30,REG,REG,PAX,,,0,12:55
HU7088,,HU7087,B5853,昆明-海口,,HAK,D,B738,,,,,10:35,,,,33-计划,,2017/6/19,12:02,REG,REG,PAX,,,1,12:30
MU2756,,MU2756,B6463,昆明-南京,,NKG,D,A319,,,,,10:40,,,,33-计划,,2017/6/19,13:01,REG,REG,PAX,,,0,13:30
CA415,,CA415,B6478,昆明-仰光,,RGN,I,A319,,,,,10:45,,,,33-计划,,2017/6/19,,REG,REG,PAX,,,0,12:45
8L9623,,8L9556,B1825,昆明-杭州,,HGH,D,A320,,,,,10:45,,,,33-计划,,2017/6/19,13:13,REG,REG,PAX,,,0,13:40
QV816,,QV815,RDPL34223,昆明-万象,,VTE,I,A320,,,,,10:50,,,,33-计划,,2017/6/19,12:03,REG,REG,PAX,,,0,12:20
MU5470,,MU5469,B1865,昆明-南昌,,KHN,D,A320,,,,,10:50,,,,33-计划,,2017/6/19,12:48,REG,REG,PAX,,,0,13:15
8L9503,,8L9980,B5971,昆明-莫斯科,,DME,I,A333,163,10,,,10:55,,,,33-计划,,2017/6/19,,REG,REG,PAX,,,0,20:05
SC8829,,SC8829,B1743,昆明-德里,,DEL,I,B738,,,,,10:55,,,,33-计划,,2017/6/19,,REG,REG,PAX,,,0,15:40
CZ3432,,CZ3431,B8547,昆明-海口,,HAK,D,A320,,,,,10:55,,,,33-计划,,2017/6/19,12:22,REG,REG,PAX,,,0,12:45
ZH9412,,ZH9411,B5361,昆明-深圳,,SZX,D,B738,,,,,11:00,,,,33-计划,,2017/6/19,12:45,REG,REG,PAX,,,0,13:15
MU5963,,MU5916,B5817,昆明-临沧,,LNJ,D,B737,,,,,11:00,,,,33-计划,,2017/6/19,11:42,REG,REG,PAX,,,0,11:55
MU5843,,MU2264,B6145,昆明-成都,,CTU,D,B738,115,,,,11:00,,,,33-计划,,2017/6/19,12:05,REG,REG,PAX,,,0,12:35
MU5739,,MU5711,B5267,昆明-广州,,CAN,D,B737,,,,,11:05,,,,33-计划,,2017/6/19,12:48,REG,REG,PAX,,,0,13:10
8L9921,,8L9850,B5805,昆明-沧源,,CWJ,D,B737,,,,,11:05,,,,33-计划,,2017/6/19,11:50,REG,REG,PAX,,,0,12:10
MU5835,,MU5766,B7600,昆明-汕头,,SWA,D,B738,,,,,11:10,,,,33-计划,,2017/6/19,13:11,REG,REG,PAX,,,0,13:55
3U8259,,3U8661,B6719,昆明-南京,,NKG,D,A320,,,,,11:20,,,,33-计划,,2017/6/19,13:35,REG,REG,PAX,,,0,14:10
SC4770,,SC4769,B6985,昆明-厦门,,XMN,D,B738,,,,,11:20,,,,33-计划,,2017/6/19,13:34,REG,REG,PAX,,,0,14:05
MU2494,,MU2497,B5589,昆明-武汉-温州,WUH,WNZ,D,B737,,,,,11:20,,,,33-计划,,2017/6/19,13:08,REG,REG,PAX,,,0,13:40
MU5965,,MU5946,B5259,昆明-沧源,,CWJ,D,B737,,,,,11:25,,,,33-计划,,2017/6/19,12:25,REG,REG,PAX,,,0,12:25
MU5989,,MU5892,B5807,昆明-昭通-重庆,ZAT,CKG,D,B737,,,,,11:25,,,,33-计划,,2017/6/19,11:58,REG,REG,PAX,,,0,12:15
HU7164,,HU7163,B5522,昆明-深圳,,SZX,D,B738,,,,,11:25,,,,33-计划,,2017/6/19,13:07,REG,REG,PAX,,,1,13:35
MU2705,,MU2705,B6462,昆明-丽江,,LJG,D,A319,,,,,11:30,,,,33-计划,,2017/6/19,12:24,REG,REG,PAX,,,0,12:30
MU5462,,MU2143,B5257,昆明-温州,,WNZ,D,B737,,,,,11:35,,,,33-计划,,2017/6/19,14:05,REG,REG,PAX,,,0,14:35
MU2206,,MU2205,B9943,昆明-银川,,INC,D,A320,,,,,11:35,,,,33-计划,,2017/6/19,13:54,REG,REG,PAX,,,0,14:20
CZ3491,,CZ3491,B2916,昆明-版纳,,JHG,D,B737,,,,,11:35,,,,33-计划,,2017/6/19,12:20,REG,REG,PAX,,,0,12:35
GS7654,,GS7653,B8066,昆明-西安,,XIY,D,A320,,,,,11:40,,,,33-计划,,2017/6/19,13:27,REG,REG,PAX,,,0,13:50
CA1404,Y,CA1403,B5167,昆明-北京,,PEK,D,B738,,,,,11:40,,,,33-计划,,2017/6/19,14:37,REG,REG,PAX,,,1,15:05
JD5791,,JD5165,B6182,昆明-芒市,,LUM,D,A319,,,,,11:45,,,,33-计划,,2017/6/19,12:36,REG,REG,PAX,,,0,12:40
MU5740,,MU5811,B6142,昆明-大理,,DLU,D,B737,,,,,11:50,,,,33-计划,,2017/6/19,12:34,REG,REG,PAX,,,0,12:45
MU5711,,MU5655,B2228,昆明-北京,,PEK,D,A320,,,,,11:50,,,,33-计划,,2017/6/19,14:51,REG,REG,PAX,,,0,15:15
MF8406,,MF8405,B5151,昆明-厦门,,XMN,D,B738,,,,,11:50,,,,33-计划,,2017/6/19,14:02,REG,REG,PAX,,,5,14:45
FM9542,,FM9541,B5132,昆明-郑州,,CGO,D,B738,,,,,11:50,,,,33-计划,,2017/6/19,14:05,REG,REG,PAX,,,0,14:30
DR6561,,DR6534,B7867,昆明-青岛-沈阳,TAO,SHE,D,B738,526L,,,,11:55,,,,33-计划,,2017/6/19,15:00,REG,REG,PAX,,,0,15:25
CZ3410,,CZ3409,B6528,昆明-广州,,CAN,D,A332,,,,,11:55,,,,33-计划,,2017/6/19,13:34,REG,REG,PAX,,,0,14:05
MU5811,,MU5764,B1792,昆明-上海,,SHA,D,B738,,,,,12:00,,,,33-计划,,2017/6/19,14:44,REG,REG,PAX,,,0,15:10
KY8203,,KY8220,B5673,昆明-南京,,NKG,D,B738,,,,,12:00,,,,33-计划,,2017/6/19,14:20,REG,REG,PAX,,,0,14:50
FM9540,,FM9539,B5142,昆明-温州,,WNZ,D,B738,,,,,12:00,,,,33-计划,,2017/6/19,14:32,REG,REG,PAX,,,0,14:55
CZ3678,,CZ3677,B8869,昆明-上海,,PVG,D,A321,,,,,12:05,,,,33-计划,,2017/6/19,14:46,REG,REG,PAX,,,0,15:15
CA1956,,CA1751,B6023,昆明-温州,,WNZ,D,A319,,,,,12:05,,,,33-计划,,2017/6/19,14:32,REG,REG,PAX,,,1,15:05
ZH9562,,ZH9561,B5778,昆明-南京,,NKG,D,B738,,,,,12:10,,,,33-计划,,2017/6/19,14:29,REG,REG,PAX,,,0,14:55
UO274,,UO273,,昆明-香港,,HKG,R,A322,,,,,12:10,,,,33-计划,,2017/6/19,,REG,REG,PAX,,,0,14:15
MU5764,,MU5741,B5295,昆明-芒市,,LUM,D,B737,,,,,12:10,,,,33-计划,,2017/6/19,13:01,REG,REG,PAX,,,0,13:10
MU5498,,MU5497,B9946,昆明-青岛,,TAO,D,A320,,,,,12:10,,,,33-计划,,2017/6/19,15:14,REG,REG,PAX,,,0,15:40
MU5765,,MU5840,B6146,昆明-郑州-大连,CGO,DLC,D,B738,511,,,,12:15,,,,33-计划,,2017/6/19,14:32,REG,REG,PAX,,,0,15:00
MU5475,,MU5476,B6760,昆明-合肥,,HFE,D,A320,,,,,12:15,,,,33-计划,,2017/6/19,14:23,REG,REG,PAX,,,0,14:55
CZ3858,,CZ3857,B5837,昆明-汕头,,SWA,D,B738,,,,,12:15,,,,33-计划,,2017/6/19,14:11,REG,REG,PAX,,,0,14:50
8L9991,,8L9652,B7992,昆明-兰州-乌鲁,ZGC,URC,D,B738,,,,,12:15,,,,33-计划,,2017/6/19,14:10,REG,REG,PAX,,,1,14:30
MF8428,,MF8427,B5279,昆明-福州,,FOC,D,B737,,,,,12:20,,,,33-计划,,2017/6/19,14:46,REG,REG,PAX,,,5,15:10
JD5790,,JD5789,B6199,昆明-版纳,,JHG,D,A319,,,,,12:20,,,,33-计划,,2017/6/19,13:07,REG,REG,PAX,,,0,13:25
CA1752,,CA1955,B8743,昆明-杭州,,HGH,D,A320,,,,,12:20,,,,33-计划,,2017/6/19,14:44,REG,REG,PAX,,,1,15:15
8L9519,,8L9888,B5248,昆明-芒市,,LUM,D,B737,718,,,,12:20,,,,33-计划,,2017/6/19,13:10,REG,REG,PAX,,,0,13:15
FD583,,FD582,HSBBE,昆明-廊曼,,DMK,I,A320,,,,,12:30,,,,33-计划,,2017/6/19,,REG,REG,PAX,,,0,14:00
MU9713,,MU5962,B2502,昆明-宜宾-武汉,YBP,WUH,D,B737,,,,,12:35,,,,33-计划,,2017/6/19,13:28,REG,REG,PAX,,,0,14:05
DR6559,,DR6570,B1595,昆明-太原-大连,TYN,DLC,D,B738,,,,,12:40,,,,33-计划,,2017/6/19,15:04,REG,REG,PAX,,,0,15:35
ZH9266,,ZH9265,B6857,昆明-西安,,XIY,D,A322,,,,,12:45,,,,33-计划,,2017/6/19,14:38,REG,REG,PAX,,,0,15:10
PN6394,,PN6394,B8102,昆明-重庆,,CKG,D,A320,,,,,12:45,,,,33-计划,,2017/6/19,13:55,REG,REG,PAX,,,0,14:25
9C8954,,9C8953,B6708,昆明-上海,,SHA,D,A320,,,,,12:45,,,,33-计划,,2017/6/19,15:29,REG,REG,PAX,,,0,16:00
SC4874,,SC4873,B5117,昆明-济南-烟台,TNA,YNT,D,B738,,,,,12:50,,,,33-计划,,2017/6/19,15:28,REG,REG,PAX,,,0,16:05
HU7212,,HU7211,B2723,昆明-北京,,PEK,D,B787,,,,,12:55,,,,33-计划,,2017/6/19,15:49,REG,REG,PAX,,,0,16:15
HO1122,,HO1121,B6788,昆明-上海,,SHA,D,A320,,,,,12:55,,,,33-计划,,2017/6/19,15:35,REG,REG,PAX,,,1,16:05
MU741,,MU5740,B5647,昆明-曼谷,,BKK,I,B738,,,,,13:00,,,,33-计划,,2017/6/19,14:58,REG,REG,PAX,,,0,15:35
MU2035,,MU2035,B1790,昆明-达卡,,DAC,I,B738,,,,,13:00,,,,33-计划,,2017/6/19,14:35,REG,REG,PAX,,,0,15:35
KY8209,,KY8252,B7871,昆明-版纳,,JHG,D,B737,,,,,13:00,,,,33-计划,,2017/6/19,13:49,REG,REG,PAX,,,0,14:05
FM9453,,FM9453,B5261,昆明-版纳,,JHG,D,B737,,,,,13:00,,,,33-计划,,2017/6/19,13:48,REG,REG,PAX,,,0,14:00
8L9923,,8L9894,B1565,昆明-保山,,BSD,D,B737,,,,,13:05,,,,33-计划,,2017/6/19,13:51,REG,REG,PAX,,,1,14:00
MU5981,,MU5958,B5245,昆明-保山,,BSD,D,B737,,,,,13:05,,,,33-计划,,2017/6/19,13:53,REG,REG,PAX,,,0,14:00
MU5741,,MU5802,B7590,昆明-广州,,CAN,D,B738,501,,,,13:05,,,,33-计划,,2017/6/19,14:46,REG,REG,PAX,,,0,15:10
3U8530,,3U8529,B1662,昆明-杭州,,HGH,D,A320,,,,,13:05,,,,33-计划,,2017/6/19,15:28,REG,REG,PAX,,,0,15:55
KY8245,,KY8230,B5026,昆明-芒市,,LUM,D,B737,522L,,,,13:10,,,,33-计划,,2017/6/19,14:04,REG,REG,PAX,,,0,14:10
DR6501,,DR6508,B6109,昆明-芒市,,LUM,D,B737,,,,,13:10,,,,33-计划,,2017/6/19,14:01,REG,REG,PAX,,,0,14:05
3U8967,,3U8130,B6445,昆明-重庆-大连,CKG,DLC,D,A319,,,,,13:10,,,,33-计划,,2017/6/19,14:18,REG,REG,PAX,,,0,14:50
MU5919,,MU5723,B5815,昆明-丽江,,LJG,D,B737,,,,,13:15,,,,33-计划,,2017/6/19,14:10,REG,REG,PAX,,,0,14:20
MU5749,,MU5717,B1703,昆明-长沙-盐城,HHA,YNZ,D,B738,,,,,13:15,,,,33-计划,,2017/6/19,14:54,REG,REG,PAX,,,0,15:15
TV6008,,TV6007,B8842,昆明-丽江-兰州,LJG,ZGC,D,A320,,,,,13:20,,,,33-计划,,2017/6/19,14:14,REG,REG,PAX,,,0,14:20
MU5703,,MU5704,B5515,昆明-济宁-北京,JNG,PEK,D,B738,,,,,13:20,,,,33-计划,,2017/6/19,16:01,REG,REG,PAX,,,0,16:30
GS7856,,GS7855,B8659,昆明-天津,,TSN,D,A330,,,,,13:25,,,,33-计划,,2017/6/19,16:17,REG,REG,PAX,,,0,16:40
CA4414,,CA4413,B6767,昆明-成都,,CTU,D,A320,,,,,13:25,,,,33-计划,,2017/6/19,14:29,REG,REG,PAX,,,0,15:10
ZH9774,,ZH9773,B6749,昆明-南昌,,KHN,D,A320,,,,,13:30,,,,33-计划,,2017/6/19,15:24,REG,REG,PAX,,,0,15:55
DR6515,,DR6510,B7088,昆明-襄阳-天津,XFN,TSN,D,B737,,,,,13:30,,,,33-计划,,2017/6/19,15:21,REG,REG,PAX,,,0,15:30
MU5743,,MU5743,B5054,昆明-广州,,CAN,D,B737,,,,,13:35,,,,33-计划,,2017/6/19,15:18,REG,REG,PAX,,,0,15:50
ZH9794,,ZH9793,B9909,昆明-泉州,,JJN,D,A322,,,,,13:40,,,,33-计划,,2017/6/19,16:01,REG,REG,PAX,,,0,16:30
SC4696,,SC4695,B5526,昆明-南京-青岛,NKG,TAO,D,B738,,,,,13:40,,,,33-计划,,2017/6/19,15:57,REG,REG,PAX,,,0,16:30
MU733,,MU2032,B6149,昆明-香港,,HKG,R,B738,506,,,,13:40,,,,33-计划,,2017/6/19,16:05,REG,REG,PAX,,,0,16:05
8L9689,,8L9842,B5810,昆明-合肥,,HFE,D,B737,,,,,13:45,,,,33-计划,,2017/6/19,15:53,REG,REG,PAX,,,0,16:30
MU5975,,MU5886,B5271,昆明-芒市,,LUM,D,B737,,,,,13:45,,,,33-计划,,2017/6/19,14:36,REG,REG,PAX,,,0,14:45
MU5717,Y,MU5757,B5242,昆明-腾冲,,TCZ,D,B737,,,,,13:45,,,,33-计划,,2017/6/19,14:38,REG,REG,PAX,,,0,14:55
CZ3902,,CZ3901,B6111,昆明-北京,,PEK,D,A333,,,,,13:45,,,,33-计划,,2017/6/19,16:41,REG,REG,PAX,,,0,17:15
FM9452,,FM9451,B2567,昆明-上海,,SHA,D,B763,,,,,13:50,,,,33-计划,,2017/6/19,16:28,REG,REG,PAX,,,0,17:10
KY8233,,KY8308,B6491,昆明-太原,,TYN,D,B738,,,,,13:55,,,,33-计划,,2017/6/19,16:23,REG,REG,PAX,,,0,17:00
CZ6426,,CZ6425,B1829,昆明-武汉-大连,WUH,DLC,D,A320,,,,,13:55,,,,33-计划,,2017/6/19,15:41,REG,REG,PAX,,,0,16:10
MU9751,,MU5842,B5926,昆明-北京,,PEK,D,A33E,,,,,14:00,,,,33-计划,,2017/6/19,17:25,REG,REG,PAX,,,0,17:25
MU5757,,MU5716,B1789,昆明-深圳,,SZX,D,B738,,,,,14:00,,,,33-计划,,2017/6/19,15:46,REG,REG,PAX,,,0,16:10
MU2031,,MU2004,B7170,昆明-仰光,,RGN,I,B738,508,,,,14:00,,,,33-计划,,2017/6/19,16:30,REG,REG,PAX,,,0,16:25
8L9857,,8L9909,B5249,昆明-腾冲,,TCZ,D,B737,,,,,14:00,,,,33-计划,,2017/6/19,14:52,REG,REG,PAX,,,0,15:05
8L9805,,8L9584,B8446,昆明-丽江,,LJG,D,A320,,,,,14:00,,,,33-计划,,2017/6/19,14:53,REG,REG,PAX,,,0,15:05
GS7858,,GS7857,B1850,昆明-西安-天津,XIY,TSN,D,A320,,,,,14:05,,,,33-计划,,2017/6/19,15:53,REG,REG,PAX,,,0,15:55
MU5967,,MU5942,B5243,昆明-临沧,,LNJ,D,B737,,,,,14:10,,,,33-计划,,2017/6/19,14:51,REG,REG,PAX,,,0,15:05
MU5723,,MU5854,B5796,昆明-西安,,XIY,D,B738,707,,,,14:10,,,,33-计划,,2017/6/19,16:01,REG,REG,PAX,,,1,16:25
KY8275,,KY8322,B6492,昆明-济南,,TNA,D,B738,,,,,14:10,,,,33-计划,,2017/6/19,17:02,REG,REG,PAX,,,0,17:20
CZ3482,,CZ3482,B6202,昆明-广州,,CAN,D,A319,,,,,14:10,,,,33-计划,,2017/6/19,15:49,REG,REG,PAX,,,0,16:15
MU5454,,MU5453,B1836,昆明-武汉-宁波,WUH,NGB,D,A320,,,,,14:15,,,,33-计划,,2017/6/19,16:04,REG,REG,PAX,,,0,16:35
3U8837,,3U8838,B6697,昆明-万州-北京,WXN,PEK,D,A320,,,,,14:15,,,,33-计划,,2017/6/19,15:42,REG,REG,PAX,,,0,15:45
8L9869,,8L9856,B6015,昆明-武汉-青岛,WUH,TAO,D,B738,,,,,14:20,,,,33-计划,,2017/6/19,16:08,REG,REG,PAX,,,0,16:30
MU757,Y,MU5928,B5256,昆明-加德,,KTM,I,B737,,,,,14:25,,,,33-计划,,2017/6/19,17:14,REG,REG,PAX,,,0,17:50
MU5815,,MU9744,B5276,昆明-六盘水-上海,LPF,SHA,D,B737,,,,,14:25,,,,33-计划,,2017/6/19,15:04,REG,REG,PAX,,,0,15:15
MU2976,,MU2975,B2412,昆明-重庆-无锡,CKG,WUX,D,A320,,,,,14:25,,,,33-计划,,2017/6/19,15:39,REG,REG,PAX,,,0,16:05
BK2743,,BK2897,B7373,昆明-版纳,,JHG,D,B738,,,,,14:25,,,,33-计划,,2017/6/19,15:13,REG,REG,PAX,,,0,15:30
MU2593,,MU2590,B6147,昆明-清迈,,CNX,I,B738,,,,,14:30,,,,33-计划,,2017/6/19,15:57,REG,REG,PAX,,,0,16:25
MU2573,,MU2573,B6143,昆明-万象,,VTE,I,B738,,,,,14:30,,,,33-计划,,2017/6/19,15:51,REG,REG,PAX,,,0,16:15
JD5158,,JD5157,B8678,昆明-杭州,,HGH,D,A330,,,,,14:30,,,,33-计划,,2017/6/19,16:55,REG,REG,PAX,,,0,17:20
MU2597,,MU5862,B7599,昆明-清莱,,CEI,I,B738,,,,,14:40,,,,33-计划,,2017/6/19,15:51,REG,REG,PAX,,,0,16:25
KY8281,,KY8254,B6495,昆明-上海,,PVG,D,B738,,,,,14:40,,,,33-计划,,2017/6/19,17:27,REG,REG,PAX,,,0,17:50
TV9819,,TV9893,B6436,昆明-芒市,,LUM,D,A319,,,,,14:45,,,,33-计划,,2017/6/19,15:35,REG,REG,PAX,,,0,15:45
MU2029,,MU5822,B5527,昆明-曼德勒,,MDL,I,B738,512,,,,14:45,,,,33-计划,,2017/6/19,16:05,REG,REG,PAX,,,0,16:30
9C8938,,9C8937,B6970,昆明-石家庄,,SJW,D,A320,,,,,14:50,,,,33-计划,,2017/6/19,17:26,REG,REG,PAX,,,0,18:00
MU5809,,MU5732,B6872,昆明-上海,,SHA,D,A320,,,,,14:55,,,,33-计划,,2017/6/19,17:38,REG,REG,PAX,,,0,18:05
MU5732,,MU5974,B5802,昆明-西昌,,XIC,D,B737,,,,,15:00,,,,33-计划,,2017/6/19,15:45,REG,REG,PAX,,,0,16:00
CZ3416,,CZ3415,B5747,昆明-广州,,CAN,D,B738,,,,,15:00,,,,33-计划,,2017/6/19,16:39,REG,REG,PAX,,,0,17:15
CZ3248,,CZ3247,B5419,昆明-桂林,,KWL,D,B738,,,,,15:00,,,,33-计划,,2017/6/19,16:12,REG,REG,PAX,,,0,16:30
MU9738,,MU5816,B5263,昆明-芒市,,LUM,D,B737,,,,,15:05,,,,33-计划,,2017/6/19,15:56,REG,REG,PAX,,,0,16:05
HO1682,,HO1681,B6966,昆明-毕节-南京,BFJ,NKG,D,A320,,,,,15:05,,,,33-计划,,2017/6/19,15:51,REG,REG,PAX,,,0,16:20
ZH9534,,ZH9533,B6569,昆明-无锡,,WUX,D,A320,,,,,15:10,,,,33-计划,,2017/6/19,17:45,REG,REG,PAX,,,0,18:15
8L9904,,8L9922,B5805,昆明-版纳,,JHG,D,B737,,,,,15:10,,,,33-计划,,2017/6/19,15:56,REG,REG,PAX,,,0,16:10
3U8761,,3U8948,B1661,昆明-无锡,,WUX,D,A320,,,,,15:10,,,,33-计划,,2017/6/19,17:39,REG,REG,PAX,,,0,18:15
MU9731,,MU5964,B5817,昆明-拉萨,,LXA,D,B737,,,,,15:15,,,,33-计划,,2017/6/19,17:42,REG,REG,PAX,,,0,18:15
TG613,,TG612,,昆明-曼谷,,BKK,I,B747,,,,,15:20,,,,33-计划,,2017/6/19,17:17,REG,REG,PAX,,,0,18:40
KA761,,KA760,,昆明-香港,,HKG,R,A320,,,,,15:20,,,,33-计划,,2017/6/19,,REG,REG,PAX,,,1,17:45
3U8957,,3U8918,B6953,昆明-台北,,TPE,R,A320,,,,,15:20,,,,33-计划,,2017/6/19,,REG,REG,PAX,,,0,18:10
MU2486,,MU2485,B6017,昆明-武汉,,WUH,D,B738,,,,,15:25,,,,33-计划,,2017/6/19,17:14,REG,REG,PAX,,,0,17:40
CA1488,,CA1487,B5227,昆明-达县-北京,DAX,PEK,D,B738,,,,,15:25,,,,33-计划,,2017/6/19,16:46,REG,REG,PAX,,,0,17:00
CZ3492,,CZ3492,B2916,昆明-郑州,,CGO,D,B737,,,,,15:30,,,,33-计划,,2017/6/19,17:42,REG,REG,PAX,,,0,18:15
8L9985,,8L9648,B8445,昆明-太原-呼和,TYN,HET,D,A320,538,,,,15:30,,,,33-计划,,2017/6/19,17:53,REG,REG,PAX,,,0,18:30
MU5737,,MU9738,B5756,昆明-广州,,CAN,D,B738,,,,,15:35,,,,33-计划,,2017/6/19,17:17,REG,REG,PAX,,,0,17:45
MU2706,,MU2706,B6462,昆明-南京,,NKG,D,A319,,,,,15:35,,,,33-计划,,2017/6/19,17:55,REG,REG,PAX,,,0,18:30
CA4275,,CA4276,B6846,昆明-哈尔滨,,HRB,D,A320,,,,,15:35,,,,33-计划,,2017/6/19,19:45,REG,REG,PAX,,,0,20:00
MU5438,,MU5437,B6465,昆明-南充-上海,NAO,PVG,D,A319,,,,,15:40,,,,33-计划,,2017/6/19,17:07,REG,REG,PAX,,,0,17:00
MF8418,,MF8417,B5389,昆明-厦门,,XMN,D,B738,,,,,15:40,,,,33-计划,,2017/6/19,17:53,REG,REG,PAX,,,4,18:25
MU713,,MU5738,B1702,昆明-科伦坡-马累,CMB,MLE,I,B738,513,,,,15:50,,,,33-计划,,2017/6/19,20:50,REG,REG,PAX,,,0,20:50
JD5166,,JD5792,B6182,昆明-丽江,,LJG,D,A319,,,,,15:50,,,,33-计划,,2017/6/19,16:41,REG,REG,PAX,,,0,16:55
CZ6404,,CZ6403,B6783,昆明-重庆-沈阳,CKG,SHE,D,A320,,,,,15:50,,,,33-计划,,2017/6/19,16:58,REG,REG,PAX,,,0,17:25
8L9855,,8L9994,B7990,昆明-绵阳,,MIG,D,B738,,,,,15:50,,,,33-计划,,2017/6/19,17:08,REG,REG,PAX,,,0,17:30
MU5077,,MU5077,B6802,昆明-曼谷,,BKK,I,A320,,,,,15:55,,,,33-计划,,2017/6/19,17:56,REG,REG,PAX,,,0,18:40
MU753,,MU9731,B6141,昆明-暹粒,,REP,I,B737,,,,,16:00,,,,33-计划,,2017/6/19,18:05,REG,REG,PAX,,,0,18:35
MU5839,,MU5776,B1791,昆明-郑州,,CGO,D,B738,,,,,16:00,,,,33-计划,,2017/6/19,18:17,REG,REG,PAX,,,0,18:40
MU5707,,MU2030,B5701,昆明-北京,,PEK,D,B738,,,,,16:00,,,,33-计划,,2017/6/19,18:57,REG,REG,PAX,,,1,19:25
MU5983,,MU5966,B5259,昆明-保山,,BSD,D,B737,,,,,16:05,,,,33-计划,,2017/6/19,16:52,REG,REG,PAX,,,0,17:00
MU5588,,MU5505,B6560,昆明-福州-上海,FOC,PVG,D,A320,,,,,16:05,,,,33-计划,,2017/6/19,18:38,REG,REG,PAX,,,0,18:50
MU2571,,MU5737,B6142,昆明-加德,,KTM,I,B737,,,,,16:05,,,,33-计划,,2017/6/19,18:55,REG,REG,PAX,,,0,19:20
JD5156,,JD5155,B6952,昆明-丽江,,LJG,D,A320,,,,,16:05,,,,33-计划,,2017/6/19,16:56,REG,REG,PAX,,,0,17:10
MU5532,,MU5465,B8575,昆明-南昌-上海,KHN,PVG,D,A325,,,,,16:10,,,,33-计划,,2017/6/19,18:06,REG,REG,PAX,,,0,18:40
FM9398,,FM9397,B1900,昆明-长沙-上海,HHA,PVG,D,B738,,,,,16:10,,,,33-计划,,2017/6/19,17:49,REG,REG,PAX,,,0,18:15
CZ6460,,CZ6459,B2418,昆明-重庆-长春,CKG,CGQ,D,A321,,,,,16:10,,,,33-计划,,2017/6/19,17:18,REG,REG,PAX,,,0,17:40
3U8201,,3U8866,B6778,昆明-上海,,PVG,D,A320,,,,,16:10,,,,33-计划,,2017/6/19,18:45,REG,REG,PAX,,,0,19:20
MU5299,,MU5292,B5492,昆明-太原-北京,TYN,PEK,D,B738,,,,,16:15,,,,33-计划,,2017/6/19,18:36,REG,REG,PAX,,,0,19:10
CZ3487,,CZ3487,B6020,昆明-丽江,,LJG,D,A319,,,,,16:15,,,,33-计划,,2017/6/19,17:07,REG,REG,PAX,,,0,17:15
3U8853,,3U8854,B6551,昆明-徐州-哈尔滨,XUZ,HRB,D,A321,,,,,16:15,,,,33-计划,,2017/6/19,18:40,REG,REG,PAX,,,0,19:00
KY8239,,KY8284,B5702,昆明-青岛,,TAO,D,B738,,,,,16:20,,,,33-计划,,2017/6/19,19:25,REG,REG,PAX,,,0,19:50
8L9979,,8L9966,B6198,昆明-深圳,,SZX,D,A319,,,,,16:20,,,,33-计划,,2017/6/19,18:03,REG,REG,PAX,,,1,18:30
MU5849,Y,MU5844,B6145,昆明-成都,,CTU,D,B738,,,,,16:30,,,,33-计划,,2017/6/19,17:39,REG,REG,PAX,,,0,18:05
MU2786,,MU2725,B8497,昆明-南京,,NKG,D,A320,,,,,16:30,,,,33-计划,,2017/6/19,18:49,REG,REG,PAX,,,0,19:25
MU5781,,MU5830,B1908,昆明-厦门,,XMN,D,B738,,,,,16:35,,,,33-计划,,2017/6/19,18:52,REG,REG,PAX,,,0,19:15
HO1100,,HO1099,B8408,昆明-上海,,SHA,D,A320,,,,,16:35,,,,33-计划,,2017/6/19,19:14,REG,REG,PAX,,,0,20:00
9C8824,,9C8823,B6612,昆明-遵义-上海,ZYI,SHA,D,A320,,,,,16:35,,,,33-计划,,2017/6/19,17:33,REG,REG,PAX,,,0,17:45
UW9943,,UW9942,B2325,昆明-德里,,DEL,I,A306,,,,,16:40,,,,33-计划,,2017/6/19,,REG,REG,SPE,,,0,20:45
KY8231,,KY8256,B7870,昆明-丽江,,LJG,D,B737,,,,,16:40,,,,33-计划,,2017/6/19,17:33,REG,REG,PAX,,,0,17:50
UW9947,,UW9948,B2330,昆明-马德拉斯,,MAA,I,A306,,,,,16:45,,,,33-计划,,2017/6/19,,REG,REG,SPE,,,0,20:45
MU5897,,MU5856,B5828,昆明-普洱,,SYM,D,B737,,,,,16:45,,,,33-计划,,2017/6/19,17:28,REG,REG,PAX,,,0,17:40
KY8307,,KY8258,B6493,昆明-南昌,,KHN,D,B738,,,,,16:50,,,,33-计划,,2017/6/19,18:49,REG,REG,PAX,,,0,19:25
KY8265,,KY8236,B2669,昆明-杭州,,HGH,D,B737,,,,,16:50,,,,33-计划,,2017/6/19,19:16,REG,REG,PAX,,,0,19:50
FM9454,,FM9454,B5261,昆明-上海,,SHA,D,B737,,,,,16:50,,,,33-计划,,2017/6/19,19:32,REG,REG,PAX,,,0,20:05
CZ6369,,CZ6369,B2622,昆明-版纳,,JHG,D,B737,,,,,16:50,,,,33-计划,,2017/6/19,17:35,REG,REG,PAX,,,0,17:55
MU2716,,MU2715,B9902,昆明-长沙-南京,HHA,NKG,D,A320,,,,,16:55,,,,33-计划,,2017/6/19,18:36,REG,REG,PAX,,,0,19:00
8L9897,,8L9948,B1798,昆明-温州,,WNZ,D,B738,,,,,16:55,,,,33-计划,,2017/6/19,19:24,REG,REG,PAX,,,0,20:05
DR6503,,DR6502,B6109,昆明-芒市,,LUM,D,B737,,,,,17:00,,,,33-计划,,2017/6/19,17:50,REG,REG,PAX,,,0,18:00
8L9889,,8L9866,B1587,昆明-上海,,PVG,D,B738,,,,,17:00,,,,33-计划,,2017/6/19,19:37,REG,REG,PAX,,,0,20:05
3U8205,,3U8206,B8329,昆明-广州,,CAN,D,A320,,,,,17:00,,,,33-计划,,2017/6/19,18:38,REG,REG,PAX,,,0,19:15
MU5760,,MU5982,B5245,昆明-大理,,DLU,D,B737,,,,,17:05,,,,33-计划,,2017/6/19,17:49,REG,REG,PAX,,,0,17:55
CA4173,,CA4172,B6828,昆明-北京,,PEK,D,A320,,,,,17:05,,,,33-计划,,2017/6/19,20:00,REG,REG,PAX,,,1,20:30
CA416,,CA416,B6478,昆明-成都,,CTU,D,A319,,,,,17:05,,,,33-计划,,2017/6/19,18:09,REG,REG,PAX,,,0,18:35
DR6523,,DR6580,B5811,昆明-丽江,,LJG,D,B737,,,,,17:10,,,,33-计划,,2017/6/19,18:03,REG,REG,PAX,,,0,18:15
MU5802,Y,MU5719,B5815,昆明-腾冲,,TCZ,D,B737,,,,,17:15,,,,33-计划,,2017/6/19,18:08,REG,REG,PAX,,,0,18:15
MU5719,,MU5802,B7591,昆明-北京,,PEK,D,B738,,,,,17:20,,,,33-计划,,2017/6/19,20:19,REG,REG,PAX,,,0,20:45
CZ3451,,CZ3451,B2369,昆明-丽江,,LJG,D,A320,,,,,17:20,,,,33-计划,,2017/6/19,18:10,REG,REG,PAX,,,0,18:25
8L9875,,8L9520,B5248,昆明-厦门,,XMN,D,B737,,,,,17:20,,,,33-计划,,2017/6/19,19:35,REG,REG,PAX,,,0,20:05
KY8221,,KY8274,B5672,昆明-重庆,,CKG,D,B738,,,,,17:25,,,,33-计划,,2017/6/19,18:42,REG,REG,PAX,,,0,19:00
FM9430,,FM9429,B5799,昆明-衡阳-上海,HNY,PVG,D,B738,,,,,17:25,,,,33-计划,,2017/6/19,18:54,REG,REG,PAX,,,0,19:20
ZH9414,,ZH9413,B5361,昆明-深圳,,SZX,D,B738,,,,,17:30,,,,33-计划,,2017/6/19,19:15,REG,REG,PAX,,,0,19:45
MU5813,,MU5760,B6148,昆明-上海,,SHA,D,B738,,,,,17:30,,,,33-计划,,2017/6/19,20:13,REG,REG,PAX,,,0,20:45
MU5823,,MU5762,B7589,昆明-郑州,,CGO,D,B738,,,,,17:35,,,,33-计划,,2017/6/19,19:51,REG,REG,PAX,,,0,20:25
CZ3408,,CZ3407,B6826,昆明-广州,,CAN,D,A320,,,,,17:35,,,,33-计划,,2017/6/19,19:13,REG,REG,PAX,,,0,19:40
MU5883,,MU5968,B5243,昆明-湛江,,ZHA,D,B737,,,,,17:40,,,,33-计划,,2017/6/19,19:10,REG,REG,PAX,,,0,19:20
CZ3496,,CZ3495,B5232,昆明-郑州,,CGO,D,B737,,,,,17:40,,,,33-计划,,2017/6/19,19:50,REG,REG,PAX,,,0,20:35
CZ6950,,CZ6949,B1950,昆明-重庆-乌鲁,CKG,URC,D,B738,,,,,17:45,,,,33-计划,,2017/6/19,18:55,REG,REG,PAX,,,0,19:25
CZ6428,Y,CZ6427,B1828,昆明-长沙-大连,HHA,DLC,D,A320,,,,,17:45,,,,33-计划,,2017/6/19,19:20,REG,REG,PAX,,,0,19:55
MU5935,,MU5803,B5242,昆明-迪庆,,DIG,D,B737,,,,,17:55,,,,33-计划,,2017/6/19,18:56,REG,REG,PAX,,,0,18:55
MU5853,,MU5714,B7592,昆明-成都,,CTU,D,B738,,,,,17:55,,,,33-计划,,2017/6/19,19:05,REG,REG,PAX,,,0,19:35
AK100,,AK101,9MAFF,昆明-吉隆坡,,KUL,I,A320,,,,,17:55,,,,33-计划,,2017/6/19,,REG,REG,PAX,,,0,21:50
8L9883,,8L9640,B5449,昆明-南京,,NKG,D,B738,711,,,,18:00,,,,33-计划,,2017/6/19,20:18,REG,REG,PAX,,,0,20:45
8L9851,,8L9852,B5825,昆明-腾冲,,TCZ,D,B737,,,,,18:00,,,,33-计划,,2017/6/19,18:53,REG,REG,PAX,,,0,19:00
CA1482,,CA1481,B5447,昆明-运城-天津,YCU,TSN,D,B738,,,,,18:05,,,,33-计划,,2017/6/19,20:03,REG,REG,PAX,,,0,20:35
MU2208,,MU2207,B1812,昆明-西安,,XIY,D,A325,,,,,18:10,,,,33-计划,,2017/6/19,19:59,REG,REG,PAX,,,0,20:25
BK2798,,BK2797,B1963,昆明-长沙,,HHA,D,B738,,,,,18:10,,,,33-计划,,2017/6/19,19:46,REG,REG,PAX,,,0,20:10
KY8243,,KY8230,B2678,昆明-普洱,,SYM,D,B737,,,,,18:15,,,,33-计划,,2017/6/19,18:59,REG,REG,PAX,,,0,19:10
BK2898,,BK2744,B7373,昆明-天津,,TSN,D,B738,,,,,18:20,,,,33-计划,,2017/6/19,21:16,REG,REG,PAX,,,0,21:30
MU5576,,MU5575,B9900,昆明-郑州-烟台,CGO,YNT,D,A320,,,,,18:25,,,,33-计划,,2017/6/19,20:42,REG,REG,PAX,,,0,21:20
A67107,,A67106,B8318,昆明-郑州,,CGO,D,A321,,,,,18:25,,,,33-计划,,2017/6/19,20:39,REG,REG,PAX,,,0,21:05
DR6505,,DR5314,B5830,昆明-芒市,,LUM,D,B737,,,,,18:30,,,,33-计划,,2017/6/19,19:21,REG,REG,PAX,,,0,19:40
3U8668,,3U8514,B6348,昆明-成都,,CTU,D,A320,,,,,18:30,,,,33-计划,,2017/6/19,19:35,REG,REG,PAX,,,0,20:00
MU9743,,MU5976,B5271,昆明-昭通-北京,ZAT,PEK,D,B737,,,,,18:35,,,,33-计划,,2017/6/19,19:09,REG,REG,PAX,,,0,19:20
MU5714,,MU5940,B5816,昆明-普洱,,SYM,D,B737,,,,,18:35,,,,33-计划,,2017/6/19,19:18,REG,REG,PAX,,,0,19:35
MU5330,,MU5329,B6012,昆明-合肥,,HFE,D,A320,,,,,18:40,,,,33-计划,,2017/6/19,20:50,REG,REG,PAX,,,0,21:25
KY8301,,KY8246,B5026,昆明-惠州,,HUZ,D,B737,,,,,18:40,,,,33-计划,,2017/6/19,20:29,REG,REG,PAX,,,0,20:45
HO1096,,HO1095,B6787,昆明-毕节-上海,BFJ,SHA,D,A320,,,,,18:40,,,,33-计划,,2017/6/19,19:24,REG,REG,PAX,,,0,19:55
MU5645,,MU5645,B6797,昆明-版纳,,JHG,D,A322,,,,,18:45,,,,33-计划,,2017/6/19,19:32,REG,REG,PAX,,,0,20:00
CZ3450,,CZ3449,B1781,昆明-广州,,CAN,D,B738,,,,,18:45,,,,33-计划,,2017/6/19,20:22,REG,REG,PAX,,,0,20:50
8L9914,,8L9858,B5249,昆明-版纳,,JHG,D,B737,,,,,18:45,,,,33-计划,,2017/6/19,19:31,REG,REG,PAX,,,0,19:50
MU5771,,MU5836,B7600,昆明-广州,,CAN,D,B738,,,,,18:50,,,,33-计划,,2017/6/19,20:29,REG,REG,PAX,,,0,21:00
MU5745,,MU5748,B6637,昆明-三亚,,SYX,D,A320,,,,,18:50,,,,33-计划,,2017/6/19,20:36,REG,REG,PAX,,,0,21:10
MU2186,,MU2185,B9943,昆明-银川,,INC,D,A320,,,,,18:50,,,,33-计划,,2017/6/19,21:08,REG,REG,PAX,,,0,21:35
MU5748,,MU5715,B5263,昆明-版纳,,JHG,D,B737,,,,,18:55,,,,33-计划,,2017/6/19,19:42,REG,REG,PAX,,,0,20:00
DR6537,,DR6530,B5829,昆明-兰州,,ZGC,D,B737,,,,,18:55,,,,33-计划,,2017/6/19,20:49,REG,REG,PAX,,,0,21:15
8L9975,,8L9624,B1825,昆明-广州,,CAN,D,A320,,,,,19:00,,,,33-计划,,2017/6/19,20:39,REG,REG,PAX,,,0,21:10
8L9971,,8L9942,B6221,昆明-海口,,HAK,D,A319,,,,,19:00,,,,33-计划,,2017/6/19,20:30,REG,REG,PAX,,,0,20:50
KY8269,,KY8314,B2679,昆明-丽江,,LJG,D,B737,,,,,19:10,,,,33-计划,,2017/6/19,20:05,REG,REG,PAX,,,0,20:15
MF8462,,MF8461,B7176,昆明-武汉-杭州,WUH,HGH,D,B738,,,,,19:15,,,,33-计划,,2017/6/19,21:04,REG,REG,PAX,,,5,21:25
ZH9532,,ZH9531,B5401,昆明-无锡,,WUX,D,B738,,,,,19:20,,,,33-计划,,2017/6/19,21:53,REG,REG,PAX,,,0,22:25
EU2225,,EU2722,B6940,昆明-版纳,,JHG,D,A320,,,,,19:25,,,,33-计划,,2017/6/19,20:12,REG,REG,PAX,,,0,20:25
HU7236,,HU7235,B5428,昆明-广州,,CAN,D,B738,,,,,19:30,,,,33-计划,,2017/6/19,21:07,REG,REG,PAX,,,0,21:40
HO1020,,HO1019,B1871,昆明-大庸-杭州,DYG,HGH,D,A320,,,,,19:30,,,,33-计划,,2017/6/19,20:49,REG,REG,PAX,,,0,21:10
8L9983,,8L9864,B2677,昆明-西安,,XIY,D,B738,,,,,19:30,,,,33-计划,,2017/6/19,21:19,REG,REG,PAX,,,0,21:45
MU2736,,MU2735,B2411,昆明-长沙-南京,HHA,NKG,D,A320,,,,,19:35,,,,33-计划,,2017/6/19,21:14,REG,REG,PAX,,,0,21:45
9C8830,,9C8829,B6852,昆明-常德-上海,CGD,SHA,D,A320,,,,,19:35,,,,33-计划,,2017/6/19,20:59,REG,REG,PAX,,,0,21:05
MU2144,,MU5461,B5257,昆明-太原,,TYN,D,B737,,,,,19:40,,,,33-计划,,2017/6/19,22:02,REG,REG,PAX,,,0,22:40
CA1754,,CA1753,B6733,昆明-杭州,,HGH,D,A320,,,,,19:40,,,,33-计划,,2017/6/19,22:02,REG,REG,PAX,,,1,22:35
CZ6800,,CZ6799,B8848,昆明-上海,,PVG,D,A321,,,,,19:45,,,,33-计划,,2017/6/19,22:27,REG,REG,PAX,,,0,23:00
MU5929,,MU5874,B5097,昆明-文山,,WNH,D,B737,,,,,19:50,,,,33-计划,,2017/6/19,20:25,REG,REG,PAX,,,0,20:40
GS7876,,GS7875,B1692,昆明-西安-天津,XIY,TSN,D,A320,,,,,19:50,,,,33-计划,,2017/6/19,21:36,REG,REG,PAX,,,0,22:05
MU5847,,MU5742,B7590,昆明-成都,,CTU,D,B738,,,,,19:55,,,,33-计划,,2017/6/19,21:00,REG,REG,PAX,,,0,21:35
MU5742,Y,MU5990,B5807,昆明-保山,,BSD,D,B737,,,,,19:55,,,,33-计划,,2017/6/19,20:42,REG,REG,PAX,,,0,20:55
MU2986,,MU2985,B1636,昆明-无锡,,WUX,D,A320,,,,,19:55,,,,33-计划,,2017/6/19,22:26,REG,REG,PAX,,,0,23:10
CZ6416,,CZ6415,B9917,昆明-西安-沈阳,XIY,SHE,D,A320,,,,,20:05,,,,33-计划,,2017/6/19,21:50,REG,REG,PAX,,,0,22:15
CZ6160,,CZ6159,B6317,昆明-北京,,PEK,D,A321,,,,,20:05,,,,33-计划,,2017/6/19,22:57,REG,REG,PAX,,,0,23:30
3U8823,,3U8670,B6956,昆明-南昌,,KHN,D,A320,,,,,20:05,,,,33-计划,,2017/6/19,21:52,REG,REG,PAX,,,0,22:30
MU5715,,MU746,B6249,昆明-北京,,PEK,D,B738,,,,,20:10,,,,33-计划,,2017/6/19,23:08,REG,REG,PAX,,,0,23:30
MF8642,,MF8641,B5308,昆明-珠海-泉州,ZUH,JJN,D,B738,,,,,20:10,,,,33-计划,,2017/6/19,21:48,REG,REG,PAX,,,0,22:00
KY8249,,KY8316,B7872,昆明-丽江,,LJG,D,B737,,,,,20:10,,,,33-计划,,2017/6/19,21:04,REG,REG,PAX,,,0,21:10
CZ3488,,CZ3488,B6020,昆明-广州,,CAN,D,A319,,,,,20:10,,,,33-计划,,2017/6/19,21:47,REG,REG,PAX,,,0,22:20
TV9894,,TV9820,B6436,昆明-拉萨,,LXA,D,A319,,,,,20:15,,,,33-计划,,2017/6/19,22:38,REG,REG,PAX,,,0,23:15
MU5803,,MU5984,B5259,昆明-上海,,SHA,D,B737,,,,,20:20,,,,33-计划,,2017/6/19,23:01,REG,REG,PAX,,,0,23:40
MU2434,,MU2433,B2333,昆明-宜昌-青岛,YIH,TAO,D,A319,,,,,20:20,,,,33-计划,,2017/6/19,21:58,REG,REG,PAX,,,0,22:35
CA1402,,CA1401,B7182,昆明-天津,,TSN,D,B738,,,,,20:20,,,,33-计划,,2017/6/19,23:11,REG,REG,PAX,,,1,23:35
NS3270,,NS3269,B5212,昆明-石家庄,,SJW,D,B737,,,,,20:25,,,,33-计划,,2017/6/19,22:59,REG,REG,PAX,,,0,23:30
HU7112,,HU7111,B1726,昆明-北京,,PEK,D,B738,,,,,20:25,,,,33-计划,,2017/6/19,23:15,REG,REG,PAX,,,1,23:45
HO1092,,HO1091,B6670,昆明-上海,,SHA,D,A320,,,,,20:25,,,,33-计划,,2017/6/19,23:05,REG,REG,PAX,,,0,23:35
CA1938,,CA1937,B6882,昆明-上海,,PVG,D,A320,,,,,20:25,,,,33-计划,,2017/6/19,23:03,REG,REG,PAX,,,0,23:35
MU2574,,MU2574,B6143,昆明-北京,,PEK,D,B738,,,,,20:30,,,,33-计划,,2017/6/19,23:26,REG,REG,PAX,,,0,23:50
MU2036,,MU2036,B1790,昆明-北京,,PEK,D,B738,,,,,20:30,,,,33-计划,,2017/6/19,23:26,REG,REG,PAX,,,0,23:50
CZ6562,,CZ6561,B5716,昆明-义乌,,YIW,D,B738,,,,,20:35,,,,33-计划,,2017/6/19,22:54,REG,REG,PAX,,,0,23:20
DR6579,,DR6504,B6109,昆明-芒市,,LUM,D,B737,,,,,20:40,,,,33-计划,,2017/6/19,21:30,REG,REG,PAX,,,0,21:40
MU5855,,MU2598,B7599,昆明-成都,,CTU,D,B738,,,,,20:50,,,,33-计划,,2017/6/19,21:56,REG,REG,PAX,,,0,22:30
MU5812,,MU5718,B5828,昆明-迪庆,,DIG,D,B737,,,,,20:50,,,,33-计划,,2017/6/19,21:50,REG,REG,PAX,,,0,21:50
MU5472,,MU5471,B2335,昆明-重庆-济南,CKG,TNA,D,A320,,,,,20:50,,,,33-计划,,2017/6/19,22:05,REG,REG,PAX,,,0,22:25
SC4738,,SC4737,B5347,昆明-青岛,,TAO,D,B738,,,,,20:55,,,,33-计划,,2017/6/19,23:57,REG,REG,PAX,,,0,0:35
MU5744,,MU5744,B5054,昆明-丽江,,LJG,D,B737,,,,,20:55,,,,33-计划,,2017/6/19,21:48,REG,REG,PAX,,,0,22:00
MU2755,,MU2755,B6472,昆明-版纳,,JHG,D,A319,,,,,20:55,,,,33-计划,,2017/6/19,21:43,REG,REG,PAX,,,0,22:10
MU5718,,MU5758,B1789,昆明-北京,,PEK,D,B738,,,,,21:00,,,,33-计划,,2017/6/19,23:56,REG,REG,PAX,,,0,0:30
CZ6370,,CZ6370,B2622,昆明-郑州,,CGO,D,B737,,,,,21:00,,,,33-计划,,2017/6/19,23:08,REG,REG,PAX,,,0,23:45
CA4460,,CA4176,B8491,昆明-成都,,CTU,D,A320,,,,,21:00,,,,33-计划,,2017/6/19,22:03,REG,REG,PAX,,,1,22:40
CZ6598,,CZ6597,B8640,昆明-三亚,,SYX,D,A321,,,,,21:05,,,,33-计划,,2017/6/19,22:42,REG,REG,PAX,,,0,23:20
MU9737,,MU5724,B5796,昆明-天津,,TSN,D,B738,,,,,21:10,,,,33-计划,,2017/6/19,0:07,REG,REG,PAX,,,0,0:25
MU2746,,MU2745,B2221,昆明-长沙-南京,HHA,NKG,D,A320,,,,,21:10,,,,33-计划,,2017/6/19,22:47,REG,REG,PAX,,,0,23:10
CZ3864,,CZ3863,B5837,昆明-南宁-汕头,NNG,SWA,D,B738,,,,,21:10,,,,33-计划,,2017/6/19,22:07,REG,REG,PAX,,,0,22:15
CA1988,,CA1987,B6676,昆明-温州,,WNZ,D,A320,,,,,21:10,,,,33-计划,,2017/6/19,23:33,REG,REG,PAX,,,0,0:10
MU5656,,MU5712,B2228,昆明-杭州,,HGH,D,A320,,,,,21:15,,,,33-计划,,2017/6/19,23:40,REG,REG,PAX,,,0,0:10
MU5146,,MU5229,B1773,昆明-太原,,TYN,D,B738,,,,,21:20,,,,33-计划,,2017/6/19,23:39,REG,REG,PAX,,,0,0:15
CZ3452,,CZ3452,B2369,昆明-深圳,,SZX,D,A320,,,,,21:20,,,,33-计划,,2017/6/19,23:01,REG,REG,PAX,,,0,23:35
KY8219,,KY8204,B5673,昆明-深圳,,SZX,D,B738,,,,,21:25,,,,33-计划,,2017/6/19,23:08,REG,REG,PAX,,,0,23:35
CZ3468,,CZ3467,B6976,昆明-长沙,,HHA,D,A320,,,,,21:30,,,,33-计划,,2017/6/19,23:04,REG,REG,PAX,,,0,23:35
8L9987,,8L9648,B6943,昆明-北京,,PEK,D,A320,,,,,21:30,,,,33-计划,,2017/6/19,0:27,REG,REG,PAX,,,1,1:00
MU5915,,MU5763,B5270,昆明-版纳,,JHG,D,B737,,,,,21:35,,,,33-计划,,2017/6/19,22:22,REG,REG,PAX,,,0,22:40
MU5724,,MU5952,B5815,昆明-版纳,,JHG,D,B737,,,,,21:35,,,,33-计划,,2017/6/19,22:22,REG,REG,PAX,,,0,22:40
MU5712,,MU9737,B5267,昆明-芒市,,LUM,D,B737,,,,,21:35,,,,33-计划,,2017/6/19,22:25,REG,REG,PAX,,,0,22:30
CZ3748,,CZ3747,B1776,昆明-珠海,,ZUH,D,B738,,,,,21:40,,,,33-计划,,2017/6/19,23:16,REG,REG,PAX,,,0,23:30
CZ6978,,CZ6977,B5070,昆明-武汉,,WUH,D,B737,,,,,21:50,,,,33-计划,,2017/6/19,23:34,REG,REG,PAX,,,0,0:15
3U8724,,3U8222,B8331,昆明-北京,,PEK,D,A320,533,,,,21:50,,,,33-计划,,2017/6/19,0:40,REG,REG,PAX,,,0,1:15
MU2568,,MU2568,B5527,昆明-广州,,CAN,D,B738,,,,,21:55,,,,33-计划,,2017/6/19,23:37,REG,REG,PAX,,,0,0:10
MU5734,,MU5734,B5295,昆明-版纳,,JHG,D,B737,,,,,21:55,,,,33-计划,,2017/6/19,22:40,REG,REG,PAX,,,0,23:00
KY8247,,KY8244,B2678,昆明-芒市,,LUM,D,B737,,,,,21:55,,,,33-计划,,2017/6/19,22:48,REG,REG,PAX,,,0,22:55
8L9993,,8L9956,B1588,昆明-西安,,XIY,D,B738,,,,,21:55,,,,33-计划,,2017/6/19,23:44,REG,REG,PAX,,,0,0:10
MU5763,,MU2594,B6147,昆明-深圳,,SZX,D,B738,,,,,22:00,,,,33-计划,,2017/6/19,23:43,REG,REG,PAX,,,0,0:10
8L9955,,8L9960,B6016,昆明-郑州,,CGO,D,B738,,,,,22:00,,,,33-计划,,2017/6/19,0:12,REG,REG,PAX,,,1,0:45
MU5920,,MU5926,B5225,昆明-丽江,,LJG,D,B737,,,,,22:05,,,,33-计划,,2017/6/19,22:58,REG,REG,PAX,,,0,23:10
MU5450,,MU5463,B6799,昆明-重庆,,CKG,D,A320,,,,,22:05,,,,33-计划,,2017/6/19,23:19,REG,REG,PAX,,,0,23:50
MU5911,,MU5944,B5822,昆明-版纳,,JHG,D,B737,,,,,22:10,,,,33-计划,,2017/6/19,22:56,REG,REG,PAX,,,0,23:15
CZ6602,,CZ6601,B5698,昆明-郑州,,CGO,D,B738,,,,,22:10,,,,33-计划,,2017/6/19,0:18,REG,REG,PAX,,,0,0:55
CZ3490,,CZ3489,B6526,昆明-广州,,CAN,D,A332,,,,,22:10,,,,33-计划,,2017/6/19,23:49,REG,REG,PAX,,,0,0:15
CZ6924,,CZ6923,B6978,昆明-深圳,,SZX,D,A321,,,,,22:20,,,,33-计划,,2017/6/19,0:02,REG,REG,PAX,,,0,0:25
MU9732,,MU9732,B5817,昆明-长沙,,HHA,D,B737,,,,,22:25,,,,33-计划,,2017/6/19,0:01,REG,REG,PAX,,,0,0:30
MU5230,,MU5145,B1723,昆明-温州,,WNZ,D,B738,,,,,22:25,,,,33-计划,,2017/6/19,0:49,REG,REG,PAX,,,0,1:25
FU6510,,FU6509,B7105,昆明-福州,,FOC,D,B737,,,,,22:25,,,,33-计划,,2017/6/19,0:45,REG,REG,PAX,,,0,1:10
MU5618,,MU5617,B8975,昆明-南昌,,KHN,D,A320,,,,,22:30,,,,33-计划,,2017/6/19,0:25,REG,REG,PAX,,,0,0:55
SC4720,,SC4719,B5333,昆明-重庆,,CKG,D,B738,,,,,22:35,,,,33-计划,,2017/6/19,23:49,REG,REG,PAX,,,0,0:10
HU7090,,HU7089,B2647,昆明-海口,,HAK,D,B738,,,,,22:40,,,,33-计划,,2017/6/19,0:08,REG,REG,PAX,,,0,0:30
KY8285,,KY8222,B5672,昆明-广州,,CAN,D,B738,,,,,22:40,,,,33-计划,,2017/6/19,0:22,REG,REG,PAX,,,0,0:50
DR6511,,DR6506,B5830,昆明-版纳,,JHG,D,B737,,,,,22:40,,,,33-计划,,2017/6/19,23:27,REG,REG,PAX,,,0,23:45
ZH9456,,ZH9789,B8413,昆明-广州,,CAN,D,A320,,,,,22:45,,,,33-计划,,2017/6/19,0:25,REG,REG,PAX,,,0,1:05
GS7662,,GS7661,B6903,昆明-西安,,XIY,D,A320,,,,,22:50,,,,33-计划,,2017/6/19,0:38,REG,REG,PAX,,,0,1:05
MU5646,,MU5646,B6797,昆明-杭州,,HGH,D,A322,,,,,23:00,,,,33-计划,,2017/6/19,1:21,REG,REG,PAX,,,0,1:55
3U8662,,3U8930,B1887,昆明-成都,,CTU,D,A320,,,,,23:00,,,,33-计划,,2017/6/19,0:03,REG,REG,PAX,,,1,0:35
8L9906,,8L9913,B5249,昆明-版纳,,JHG,D,B737,,,,,23:05,,,,33-计划,,2017/6/19,23:51,REG,REG,PAX,,,1,0:10
8L9908,,8L9644,B5292,昆明-版纳,,JHG,D,B737,,,,,23:10,,,,33-计划,,2017/6/19,23:56,REG,REG,PAX,,,1,0:10
8L9555,,8L9656,B7989,昆明-海口,,HAK,D,B738,,,,,23:10,,,,33-计划,,2017/6/19,0:39,REG,REG,PAX,,,0,1:10
MU5733,,MU5818,B1907,昆明-广州,,CAN,D,B738,,,,,23:15,,,,33-计划,,2017/6/19,0:57,REG,REG,PAX,,,0,1:25
MU2246,,MU2245,B6876,昆明-西宁,,XNN,D,A320,,,,,23:15,,,,33-计划,,2017/6/19,1:22,REG,REG,PAX,,,0,1:55
MU2498,,MU2493,B5589,昆明-武汉,,WUH,D,B737,,,,,23:20,,,,33-计划,,2017/6/19,1:07,REG,REG,PAX,,,0,1:35
3U8527,,3U8848,B6955,昆明-西安,,XIY,D,A320,,,,,23:20,,,,33-计划,,2017/6/19,1:04,REG,REG,PAX,,,0,1:30
MU5706,,MU5800,B5282,昆明-版纳,,JHG,D,B737,,,,,23:25,,,,33-计划,,2017/6/19,0:11,REG,REG,PAX,,,0,0:30
EU2224,,EU2226,B6940,昆明-成都,,CTU,D,A320,,,,,23:25,,,,33-计划,,2017/6/19,0:30,REG,REG,PAX,,,0,1:10
KE886,,KE885,HL8241,昆明-首尔,,ICN,I,B738,,,,,23:30,,,,33-计划,,2017/6/19,3:24,REG,REG,PAX,,,0,4:50
MU555,,MU555,B6001,昆明-加尔,,CCU,I,A320,,,,,23:35,,,,33-计划,,2017/6/19,2:10,REG,REG,PAX,,,0,2:10
SC8830,,SC8830,B1743,昆明-青岛,,TAO,D,B738,,,,,23:50,,,,33-计划,,2017/6/19,2:42,REG,REG,PAX,,,0,3:20
8L9597,,8L9888,B6800,昆明-曼谷,,BKK,I,B738,,,,,23:50,,,,33-计划,,2017/6/19,1:43,REG,REG,PAX,,,0,2:45
8L9945,,8L9903,B5805,昆明-成都,,CTU,D,B737,,,,,23:55,,,,33-计划,,2017/6/19,0:59,REG,REG,PAX,,,1,1:30
8L9801,,8L9690,B5810,昆明-丽江,,LJG,D,B737,,,,,23:55,,,,33-计划,,2017/6/19,0:46,REG,REG,PAX,,,0,0:55
CF9017,,CF9018,B2824,昆明-南京,,NKG,D,B757,,,,,0:05,,,,33-计划,,2017/6/20,2:23,REG,REG,CGO,,,0,2:50
MU777,,MU5706,B5926,昆明-悉尼,,SYD,I,A33E,,,,,0:50,,,,33-计划,,2017/6/20,11:45,REG,REG,PAX,,,0,11:45
MU5078,,MU5078,B6802,昆明-合肥,,HFE,D,A320,,,,,0:55,,,,33-计划,,2017/6/20,3:03,REG,REG,PAX,,,0,3:40
SC8885,,SC8885,B6986,昆明-曼谷,,BKK,I,B738,,,,,1:00,,,,33-计划,,2017/6/20,3:05,REG,REG,PAX,,,0,3:05
O36943,,O36944,B7082,昆明-杭州,,HGH,D,B752,330,,,,1:15,,,,33-计划,,2017/6/20,3:33,REG,REG,CGO,,,0,3:55
UL829,,UL828,,昆明-科伦坡,,CMB,I,A332,,,,,2:55,,,,33-计划,,2017/6/20,,REG,REG,PAX,,,0,7:30
