FLT,RFC,REG,VIP,LKF,VI1,ITY,TAR,TOF,FSA,OPE,POP,RCP,NAT,SDT,FLX,MFF,SST,HDL,STA,ORG,ETA,TDT,ATA,ABP,CAR,STP
3U8130,版纳-昆明,B6448,,3U8967,,A319,,D,33-计划,REG,REG,,PAX,2017/6/23,,,0,YAG,2017/6/23 12:05,JHG,,,,,,2017/6/23 11:05
3U8202,上海-昆明,B6778,,,,A320,,D,33-计划,REG,REG,,PAX,2017/6/23,,,0,YAG,2017/6/23 23:45,PVG,,,,,,2017/6/23 20:25
3U8222,福州-南宁-昆明,B6955,,3U8724,NNG,A320,,D,33-计划,REG,REG,,PAX,2017/6/23,,,0,YAG,2017/6/23 20:50,FOC,,,,,,2017/6/23 19:35
3U8260,南京-昆明,B6323,,,,A320,,D,33-计划,REG,REG,,PAX,2017/6/23,,,0,YAG,2017/6/23 18:05,NKG,,,,,,2017/6/23 15:10
3U8514,兰州-重庆-昆明,B1661,,3U8668,CKG,A320,,D,33-计划,REG,REG,,PAX,2017/6/23,,,0,YAG,2017/6/23 17:20,ZGC,,,,,,2017/6/23 15:45
3U8528,西安-昆明,B6953,,,,A320,,D,33-计划,REG,REG,,PAX,2017/6/23,,,0,YAG,2017/6/23 22:15,XIY,,,,,,2017/6/23 19:50
3U8529,杭州-昆明,B8323,,3U8530,,A320,,D,33-计划,REG,REG,,PAX,2017/6/23,,,0,YAG,2017/6/23 12:05,HGH,,,,,,2017/6/23 9:00
3U8554,乌鲁-重庆-昆明,B8948,,,CKG,A320,,D,33-计划,REG,REG,,PAX,2017/6/24,,,0,YAG,2017/6/24 0:10,URC,,,,,,2017/6/23 22:35
3U8638,岘港-广州-昆明,B1821,,,CAN,A320,,M,33-计划,REG,REG,,PAX,2017/6/23,,,0,YAG,2017/6/23 8:45,DAD,,,,,,2017/6/23 6:15
3U8661,成都-昆明,B6323,,3U8259,,A320,,D,33-计划,REG,REG,,PAX,2017/6/23,,,0,YAG,2017/6/23 9:00,CTU,,,,,,2017/6/23 7:20
3U8667,成都-昆明,B1661,,,,A320,,D,33-计划,REG,REG,,PAX,2017/6/23,,,0,YAG,2017/6/23 23:40,CTU,,,,,,2017/6/23 22:00
3U8670,石家庄-成都-昆明,B6325,,3U8823,CTU,A320,,D,33-计划,REG,REG,,PAX,2017/6/23,,,0,YAG,2017/6/23 19:00,SJW,,,,,,2017/6/23 17:20
3U8723,北京-昆明,B6955,,3U8221,,A320,,D,33-计划,REG,REG,,PAX,2017/6/23,,,0,YAG,2017/6/23 10:55,PEK,,,,,,2017/6/23 7:20
3U8762,无锡-昆明,B8499,,,,A320,,D,33-计划,REG,REG,,PAX,2017/6/23,,,0,YAG,2017/6/23 22:35,WUX,,,,,,2017/6/23 19:25
3U8768,温州-南宁-昆明,B6719,,3U8901,NNG,A320,,D,33-计划,REG,REG,,PAX,2017/6/23,,,0,YAG,2017/6/23 16:05,WNZ,,,,,,2017/6/23 14:40
3U8818,拉萨-丽江-昆明,B6175,,,LJG,A319,,D,33-计划,REG,REG,,PAX,2017/6/23,,,0,YAG,2017/6/23 16:20,LXA,,,,,,2017/6/23 15:10
3U8824,南昌-昆明,B6325,,,,A320,,D,33-计划,REG,REG,,PAX,2017/6/24,,,0,YAG,2017/6/24 1:20,KHN,,,,,,2017/6/23 23:05
3U8838,北京-万州-昆明,B8331,,3U8837,WXN,A320,,D,33-计划,REG,REG,,PAX,2017/6/23,,,0,YAG,2017/6/23 13:15,PEK,,,,,,2017/6/23 11:40
3U8848,哈尔滨-郑州-昆明,B6697,,3U8527,CGO,A320,,D,33-计划,REG,REG,,PAX,2017/6/23,,,0,YAG,2017/6/23 21:50,HRB,,,,,,2017/6/23 19:05
3U8854,哈尔滨-徐州-昆明,B6590,,3U8853,XUZ,A321,,D,33-计划,REG,REG,,PAX,2017/6/23,,,0,YAG,2017/6/23 15:00,HRB,,,,,,2017/6/23 12:05
3U8866,宁波-昆明,B6778,,3U8201,,A320,,D,33-计划,REG,REG,,PAX,2017/6/23,,,0,YAG,2017/6/23 14:15,NGB,,,,,,2017/6/23 11:10
3U8902,珠海-昆明,B6719,,,,A320,,D,33-计划,REG,REG,,PAX,2017/6/23,,,0,YAG,2017/6/23 21:40,ZUH,,,,,,2017/6/23 19:45
3U8918,厦门-昆明,B6321,,3U8205,,A320,,D,33-计划,REG,REG,,PAX,2017/6/23,,,0,YAG,2017/6/23 12:50,XMN,,,,,,2017/6/23 10:05
3U8930,沈阳-长沙-昆明,B6956,,3U8662,HHA,A320,,D,33-计划,REG,REG,,PAX,2017/6/23,,,0,YAG,2017/6/23 21:10,SHE,,,,,,2017/6/23 18:55
3U8948,济南-昆明,B8499,,3U8761,,A320,,D,33-计划,REG,REG,,PAX,2017/6/23,,,0,YAG,2017/6/23 13:55,TNA,,,,,,2017/6/23 10:50
3U8958,台北-昆明,B6732,,,,A320,,R,33-计划,REG,REG,,PAX,2017/6/23,,,0,YAG,2017/6/23 22:20,TPE,,,,,,2017/6/23 19:10
3U8968,大连-重庆-昆明,B6448,,,CKG,A319,,D,33-计划,REG,REG,,PAX,2017/6/24,,,0,YAG,2017/6/24 1:30,DLC,,,,,,2017/6/23 23:55
8L9520,芒市-昆明,B5810,,8L9906,,B737,,D,33-计划,REG,REG,,PAX,2017/6/23,,,0,YAG,2017/6/23 14:55,LUM,,,,,,2017/6/23 13:55
8L9556,海口-昆明,B5409,,8L9651,,B738,,D,33-计划,REG,REG,,PAX,2017/6/23,,,0,YAG,2017/6/23 8:50,HAK,,,,,,2017/6/23 7:00
8L9584,马尼拉-昆明,B7167,,8L9991,,B738,,I,33-计划,REG,REG,,PAX,2017/6/23,,,0,YAG,2017/6/23 8:05,MNL,,,,,,2017/6/23 4:40
8L9596,吉隆坡-昆明,B8446,,8L9975,,A320,,I,33-计划,REG,REG,,PAX,2017/6/23,,,0,YAG,2017/6/23 17:15,KUL,,,,,,2017/6/23 13:35
8L9624,杭州-昆明,B6015,,8L9955,,B738,,D,33-计划,REG,REG,,PAX,2017/6/23,,,0,YAG,2017/6/23 17:55,HGH,,,,,,2017/6/23 14:45
8L9648,天津-淮安-昆明,B6959,,8L9987,HIA,A320,,D,33-计划,REG,REG,,PAX,2017/6/23,,,0,YAG,2017/6/23 20:00,TSN,,,,,,2017/6/23 16:50
8L9652,郑州-昆明,B7991,,8L9869,,B738,,D,33-计划,REG,REG,,PAX,2017/6/23,,,0,YAG,2017/6/23 9:45,CGO,,,,,,2017/6/23 7:05
8L9656,哈尔滨-忻州-昆明,B7988,,,WUT,B738,,D,33-计划,REG,REG,,PAX,2017/6/23,,,0,YAG,2017/6/23 21:00,HRB,,,,,,2017/6/23 18:05
8L9690,合肥-昆明,B5292,,8L9801,,B737,,D,33-计划,REG,REG,,PAX,2017/6/23,,,0,YAG,2017/6/23 22:25,HFE,,,,,10,2017/6/23 19:45
8L9802,丽江-昆明,B6198,,8L9841,,A319,,D,33-计划,REG,REG,,PAX,2017/6/23,,,0,YAG,2017/6/23 8:15,LJG,,,,,,2017/6/23 7:15
8L9806,丽江-昆明,B5292,,8L9689,,B737,,D,33-计划,REG,REG,,PAX,2017/6/23,,,0,YAG,2017/6/23 12:30,LJG,,,,,,2017/6/23 11:30
8L9842,普洱-昆明,B6198,,8L9857,,A319,,D,33-计划,REG,REG,,PAX,2017/6/23,,,0,YAG,2017/6/23 12:15,SYM,,,,,,2017/6/23 11:05
8L9850,迪庆-昆明,B5805,,8L9921,,B737,,D,33-计划,REG,REG,,PAX,2017/6/23,,,0,YAG,2017/6/23 10:10,DIG,,,,,,2017/6/23 9:05
8L9856,绵阳-昆明,B1586,,8L9947,,B738,,D,33-计划,REG,REG,,PAX,2017/6/23,,,0,YAG,2017/6/23 9:15,MIG,,,,,,2017/6/23 7:40
8L9858,腾冲-昆明,B6198,,8L9914,,A319,,D,33-计划,REG,REG,,PAX,2017/6/23,,,0,YAG,2017/6/23 18:00,TCZ,,,,,,2017/6/23 16:50
8L9862,合肥-昆明,B5359,,8L9897,,B738,,D,33-计划,REG,REG,,PAX,2017/6/23,,,0,YAG,2017/6/23 13:40,HFE,,,,,,2017/6/23 11:00
8L9864,徐州-重庆-昆明,B2677,,8L9971,CKG,B738,,D,33-计划,REG,REG,,PAX,2017/6/23,,,0,YAG,2017/6/23 17:25,XUZ,,,,,,2017/6/23 15:50
8L9866,济南-昆明,B1825,,8L9889,,A320,,D,33-计划,REG,REG,,PAX,2017/6/23,,,0,YAG,2017/6/23 14:40,TNA,,,,,,2017/6/23 11:30
8L9870,青岛-武汉-昆明,B7991,,,WUH,B738,,D,33-计划,REG,REG,,PAX,2017/6/24,,,0,YAG,2017/6/24 1:40,TAO,,,,,,2017/6/23 23:25
8L9874,杭州-赣州-昆明,B6800,,8L9597,KOW,B738,,D,33-计划,REG,REG,,PAX,2017/6/23,,,0,YAG,2017/6/23 16:40,HGH,,,,,,2017/6/23 14:25
8L9876,厦门-昆明,B5805,,,,B737,,D,33-计划,REG,REG,,PAX,2017/6/23,,,0,YAG,2017/6/23 23:55,XMN,,,,,,2017/6/23 21:15
8L9884,南京-昆明,B1586,,,,B738,,D,33-计划,REG,REG,,PAX,2017/6/24,,,0,YAG,2017/6/24 0:40,NKG,,,,,,2017/6/23 21:50
8L9888,上海-宜春-昆明,B7990,,8L9993,YIC,B738,,D,33-计划,REG,REG,,PAX,2017/6/23,,,0,YAG,2017/6/23 20:15,SHA,,,,,,2017/6/23 18:05
8L9890,上海-昆明,B1825,,,,A320,,D,33-计划,REG,REG,,PAX,2017/6/24,,,0,YAG,2017/6/24 0:50,PVG,,,,,,2017/6/23 21:35
8L9892,大连-武汉-昆明,B5407,,,WUH,B738,,D,33-计划,REG,REG,,PAX,2017/6/23,,,0,YAG,2017/6/23 22:40,DLC,,,,,,2017/6/23 20:30
8L9898,温州-昆明,B5359,,,,B738,,D,33-计划,REG,REG,,PAX,2017/6/24,,,0,YAG,2017/6/24 0:20,WNZ,,,,,,2017/6/23 21:10
8L9903,版纳-昆明,B5249,,,,B737,,D,33-计划,REG,REG,,PAX,2017/6/23,,,0,YAG,2017/6/23 22:05,JHG,,,,,,2017/6/23 21:00
8L9905,版纳-昆明,B5810,,8L9519,,B737,,D,33-计划,REG,REG,,PAX,2017/6/23,,,1,YAG,2017/6/23 7:50,JHG,,,,,,2017/6/23 6:50
8L9909,版纳-昆明,B1565,,8L9923,,B737,,D,33-计划,REG,REG,,PAX,2017/6/23,,,1,YAG,2017/6/23 11:30,JHG,,,,,,2017/6/23 10:30
8L9911,版纳-昆明,B6221,,,,A319,,D,33-计划,REG,REG,,PAX,2017/6/24,,,0,YAG,2017/6/24 1:25,JHG,,,,,,2017/6/24 0:25
8L9913,版纳-昆明,B6198,,,,A319,,D,33-计划,REG,REG,,PAX,2017/6/23,,,0,YAG,2017/6/23 23:00,JHG,,,,,,2017/6/23 21:55
8L9922,沧源-昆明,B5805,,8L9875,,B737,,D,33-计划,REG,REG,,PAX,2017/6/23,,,0,YAG,2017/6/23 13:55,CWJ,,,,,,2017/6/23 12:50
8L9924,保山-昆明,B1565,,8L9945,,B737,,D,33-计划,REG,REG,,PAX,2017/6/23,,,1,YAG,2017/6/23 22:50,BSD,,,,,,2017/6/23 21:45
8L9942,大理-昆明,B6221,,8L9912,,A319,,D,33-计划,REG,REG,,PAX,2017/6/23,,,0,YAG,2017/6/23 17:45,DLU,,,,,,2017/6/23 16:55
8L9946,成都-昆明,B1563,,,,B737,,D,33-计划,REG,REG,,PAX,2017/6/24,,,0,YAG,2017/6/24 1:30,CTU,,,,,,2017/6/23 23:50
8L9948,成都-昆明,B1586,,8L9883,,B738,,D,33-计划,REG,REG,,PAX,2017/6/23,,,0,YAG,2017/6/23 14:45,CTU,,,,,,2017/6/23 13:10
8L9956,郑州-昆明,B1798,,8L9983,,B738,,D,33-计划,REG,REG,,PAX,2017/6/23,,,1,YAG,2017/6/23 16:50,CGO,,,,,,2017/6/23 14:10
8L9960,宁波-安庆-昆明,B5732,,8L9555,AQG,B738,,D,33-计划,REG,REG,,PAX,2017/6/23,,,1,YAG,2017/6/23 17:45,NGB,,,,,,2017/6/23 15:40
8L9966,三亚-昆明,B6943,,8L9805,,A320,,D,33-计划,REG,REG,,PAX,2017/6/23,,,0,YAG,2017/6/23 12:35,SYX,,,,,,2017/6/23 10:30
8L9972,海口-昆明,B2677,,,,B738,,D,33-计划,REG,REG,,PAX,2017/6/23,,,0,YAG,2017/6/23 23:40,HAK,,,,,,2017/6/23 21:45
8L9974,郑州-昆明,B7992,,,,B738,,D,33-计划,REG,REG,,PAX,2017/6/24,,,0,YAG,2017/6/24 1:10,CGO,,,,,,2017/6/23 22:30
8L9976,广州-昆明,B8446,,,,A320,,D,33-计划,REG,REG,,PAX,2017/6/24,,,0,YAG,2017/6/24 0:55,CAN,,,,,,2017/6/23 22:30
8L9980,深圳-昆明,B5449,,,,B738,,D,33-计划,REG,REG,,PAX,2017/6/23,,,1,YAG,2017/6/23 22:30,SZX,,,,,,2017/6/23 19:55
8L9984,西安-昆明,B1798,,,,B738,,D,33-计划,REG,REG,,PAX,2017/6/24,,,0,YAG,2017/6/24 1:10,XIY,,,,,,2017/6/23 22:55
8L9986,呼和-太原-昆明,B8445,,,TYN,A320,,D,33-计划,REG,REG,,PAX,2017/6/24,,,0,YAG,2017/6/24 1:35,HET,,,,,,2017/6/23 22:45
8L9992,乌鲁-兰州-昆明,B7167,,,ZGC,B738,,D,33-计划,REG,REG,,PAX,2017/6/24,,,0,YAG,2017/6/24 1:20,URC,,,,,,2017/6/23 23:10
8L9994,西安-昆明,B6015,,8L9623,,B738,,D,33-计划,REG,REG,,PAX,2017/6/23,,,0,YAG,2017/6/23 8:50,XIY,,,,,,2017/6/23 6:25
8L9998,乌鲁-兰州-昆明,B5823,,,ZGC,B737,,D,33-计划,REG,REG,,PAX,2017/6/24,,,0,YAG,2017/6/24 0:40,URC,,,,,,2017/6/23 22:25
9C8823,上海-遵义-昆明,B9986,,9C8824,ZYI,A320,,D,33-计划,REG,REG,,PAX,2017/6/23,,,0,YAG,2017/6/23 15:35,SHA,,,,,,2017/6/23 14:15
9C8937,石家庄-昆明,B6840,,9C8938,,A320,,D,33-计划,REG,REG,,PAX,2017/6/23,,,0,YAG,2017/6/23 13:45,SJW,,,,,,2017/6/23 10:35
9C8953,上海-昆明,B6309,,9C8954,,A320,,D,33-计划,REG,REG,,PAX,2017/6/23,,,0,YAG,2017/6/23 10:45,SHA,,,,,,2017/6/23 7:25
9C8961,上海-黔江-昆明,B6708,,9C8962,JIQ,A320,,D,33-计划,REG,REG,,PAX,2017/6/23,,,0,YAG,2017/6/23 18:10,SHA,,,,,,2017/6/23 16:25
A67106,南昌-昆明,B8318,,A67107,,A321,,D,33-计划,REG,REG,,PAX,2017/6/23,,,0,YAG,2017/6/23 17:10,KHN,,,,,,2017/6/23 14:45
A67108,郑州-昆明,B8318,,,,A321,,D,33-计划,REG,REG,,PAX,2017/6/24,,,0,YAG,2017/6/24 1:35,CGO,,,,,,2017/6/23 22:45
A67114,长春-临沂-昆明,B8432,,,LYI,A320,,D,33-计划,REG,REG,,PAX,2017/6/23,,,0,YAG,2017/6/23 23:30,CGQ,,,,,,2017/6/23 20:15
AK101,吉隆坡-昆明,9MAFF,,AK100,,A320,,I,33-计划,REG,REG,,PAX,2017/6/23,,,0,YAG,2017/6/23 16:55,KUL,,,,,,2017/6/23 13:00
B8158,深圳-昆明,B8158,,B8158,,G450,,D,33-计划,REG,REG,,SPE,2017/6/23,,,0,UNK,2017/6/23 11:05,SZX,,,,,,2017/6/23 9:05
BK2716,南京-昆明,B1732,,BK2798,,B738,,D,33-计划,REG,REG,,PAX,2017/6/23,,,0,YAG,2017/6/23 16:50,NKG,,,,,,2017/6/23 14:00
BK2744,版纳-昆明,B5573,,BK2898,,B738,,D,33-计划,REG,REG,,PAX,2017/6/23,,,0,YAG,2017/6/23 17:15,JHG,,,,,,2017/6/23 16:15
BK2797,长沙-昆明,B1732,,BK2715,,B738,,D,33-计划,REG,REG,,PAX,2017/6/23,,,0,YAG,2017/6/23 9:10,HHA,,,,,,2017/6/23 7:05
BK2897,天津-昆明,B5573,,BK2743,,B738,,D,33-计划,REG,REG,,PAX,2017/6/23,,,0,YAG,2017/6/23 13:20,TSN,,,,,,2017/6/23 9:45
CA1401,天津-昆明,B1418,,CA1402,,B738,,D,33-计划,REG,REG,,PAX,2017/6/23,,,1,YAG,2017/6/23 19:15,TSN,,,,,,2017/6/23 15:40
CA1403,北京-昆明,B5328,Y,CA1404,,B737,,D,33-计划,REG,REG,,PAX,2017/6/23,,,1,YAG,2017/6/23 10:35,PEK,,,,,,2017/6/23 7:00
CA1481,天津-运城-昆明,B5228,,CA1482,YCU,B737,,D,33-计划,REG,REG,,PAX,2017/6/23,,,0,YAG,2017/6/23 17:05,TSN,,,,,,2017/6/23 14:30
CA1487,北京-达县-昆明,B5213,,CA1488,DAX,B737,,D,33-计划,REG,REG,,PAX,2017/6/23,,,0,YAG,2017/6/23 14:20,PEK,,,,,,2017/6/23 12:40
CA1751,杭州-昆明,B6032,,CA1956,,A319,,D,33-计划,REG,REG,,PAX,2017/6/23,,,1,YAG,2017/6/23 10:30,HGH,,,,,,2017/6/23 7:25
CA1753,杭州-昆明,B6733,,CA1754,,A320,,D,33-计划,REG,REG,,PAX,2017/6/23,,,1,YAG,2017/6/23 18:35,HGH,,,,,,2017/6/23 15:25
CA1937,上海-昆明,B6882,,CA1938,,A320,,D,33-计划,REG,REG,,PAX,2017/6/23,,,0,YAG,2017/6/23 19:20,PVG,,,,,,2017/6/23 16:00
CA1955,温州-昆明,B6773,,CA1752,,A320,,D,33-计划,REG,REG,,PAX,2017/6/23,,,1,YAG,2017/6/23 11:10,WNZ,,,,,,2017/6/23 8:00
CA1987,温州-昆明,B8337,,CA1988,,A320,,D,33-计划,REG,REG,,PAX,2017/6/23,,,0,YAG,2017/6/23 20:05,WNZ,,,,,,2017/6/23 16:50
CA415,成都-昆明,B6038,,CA415,,A319,,D,33-计划,REG,REG,,PAX,2017/6/23,,,0,YAG,2017/6/23 9:15,CTU,,,,,,2017/6/23 7:40
CA416,仰光-昆明,B6038,,CA416,,A319,,I,33-计划,REG,REG,,PAX,2017/6/23,,,0,YAG,2017/6/23 15:45,RGN,,,,,,2017/6/23 13:45
CA4172,北京-昆明,B8490,,CA4173,,A320,,D,33-计划,REG,REG,,PAX,2017/6/23,,,1,YAG,2017/6/23 15:25,PEK,,,,,,2017/6/23 11:50
CA4174,北京-昆明,B8490,,,,A320,,D,33-计划,REG,REG,,PAX,2017/6/24,,,0,YAG,2017/6/24 1:15,PEK,,,,,,2017/6/23 21:40
CA4176,沈阳-昆明,B9923,,CA4460,,A320,,D,33-计划,REG,REG,,PAX,2017/6/23,,,0,YAG,2017/6/23 16:30,SHE,,,,,,2017/6/23 12:10
CA4276,哈尔滨-昆明,B9926,,CA4275,,A320,,D,33-计划,REG,REG,,PAX,2017/6/23,,,0,YAG,2017/6/23 14:20,HRB,,,,,,2017/6/23 9:40
CA4413,成都-昆明,B8491,,CA4414,,A320,,D,33-计划,REG,REG,,PAX,2017/6/23,,,1,YAG,2017/6/23 12:05,CTU,,,,,,2017/6/23 10:30
CA4417,成都-昆明,B1852,,,,A320,,D,33-计划,REG,REG,,PAX,2017/6/23,,,0,YAG,2017/6/23 22:30,CTU,,,,,,2017/6/23 20:45
CA4459,成都-昆明,B6822,,,,A320,,D,33-计划,REG,REG,,PAX,2017/6/23,,,1,YAG,2017/6/23 23:15,CTU,,,,,,2017/6/23 21:40
CF9018,南京-昆明,B2824,,CF9017,,B757,,D,33-计划,REG,REG,,CGO,2017/6/23,,,0,UNK,2017/6/23 8:55,NKG,,,,,,2017/6/23 6:00
CZ3247,桂林-昆明,B5356,,CZ3248,,B738,,D,33-计划,REG,REG,,PAX,2017/6/23,,,0,YAG,2017/6/23 13:48,KWL,,,,,,2017/6/23 12:20
CZ3407,广州-昆明,B6662,,CZ3408,,A321,,D,33-计划,REG,REG,,PAX,2017/6/23,,,0,YAG,2017/6/23 16:28,CAN,,,,,,2017/6/23 13:55
CZ3409,广州-昆明,B6532,,CZ3410,,A332,,D,33-计划,REG,REG,,PAX,2017/6/23,,,0,YAG,2017/6/23 10:43,CAN,,,,,,2017/6/23 8:20
CZ3415,广州-昆明,B5113,,CZ3416,,B738,,D,33-计划,REG,REG,,PAX,2017/6/23,,,0,YAG,2017/6/23 14:08,CAN,,,,,,2017/6/23 11:35
CZ3419,广州-昆明,B6202,,,,A319,,D,33-计划,REG,REG,,PAX,2017/6/23,,,0,YAG,2017/6/23 23:48,CAN,,,,,,2017/6/23 21:25
CZ3431,海口-昆明,B8548,,CZ3432,,A321,,D,33-计划,REG,REG,,PAX,2017/6/23,,,0,YAG,2017/6/23 9:48,HAK,,,,,,2017/6/23 8:05
CZ3449,广州-昆明,B2408,,CZ3450,,A320,,D,33-计划,REG,REG,,PAX,2017/6/23,,,0,YAG,2017/6/23 17:33,CAN,,,,,,2017/6/23 15:10
CZ3451,深圳-昆明,B2351,,CZ3451,,A320,,D,33-计划,REG,REG,,PAX,2017/6/23,,,0,YAG,2017/6/23 16:08,SZX,,,,,,2017/6/23 13:45
CZ3452,丽江-昆明,B2351,,CZ3452,,A320,,D,33-计划,REG,REG,,PAX,2017/6/23,,,0,YAG,2017/6/23 20:08,LJG,,,,,,2017/6/23 19:15
CZ3459,深圳-昆明,B2392,,CZ3460,,A320,,D,33-计划,REG,REG,,PAX,2017/6/23,,,0,YAG,2017/6/23 10:23,SZX,,,,,,2017/6/23 8:00
CZ3467,长沙-昆明,B6281,,CZ3468,,A320,,D,33-计划,REG,REG,,PAX,2017/6/23,,,0,YAG,2017/6/23 20:23,HHA,,,,,,2017/6/23 18:25
CZ3481,广州-昆明,B6195,,CZ3481,,A319,,D,33-计划,REG,REG,,PAX,2017/6/23,,,0,YAG,2017/6/23 9:18,CAN,,,,,,2017/6/23 7:00
CZ3482,大理-昆明,B6195,,CZ3482,,A319,,D,33-计划,REG,REG,,PAX,2017/6/23,,,0,YAG,2017/6/23 12:58,DLU,,,,,,2017/6/23 12:10
CZ3487,广州-昆明,B6020,,CZ3487,,A319,,D,33-计划,REG,REG,,PAX,2017/6/23,,,0,YAG,2017/6/23 15:08,CAN,,,,,,2017/6/23 12:35
CZ3488,丽江-昆明,B6020,,CZ3488,,A319,,D,33-计划,REG,REG,,PAX,2017/6/23,,,0,YAG,2017/6/23 19:08,LJG,,,,,,2017/6/23 18:05
CZ3489,广州-昆明,B2353,,CZ3490,,A320,,D,33-计划,REG,REG,,PAX,2017/6/23,,,0,YAG,2017/6/23 20:58,CAN,,,,,,2017/6/23 18:30
CZ3491,郑州-昆明,B2916,,CZ3491,,B737,,D,33-计划,REG,REG,,PAX,2017/6/23,,,0,YAG,2017/6/23 10:33,CGO,,,,,,2017/6/23 7:55
CZ3492,版纳-昆明,B2916,,CZ3492,,B737,,D,33-计划,REG,REG,,PAX,2017/6/23,,,0,YAG,2017/6/23 14:23,JHG,,,,,,2017/6/23 13:25
CZ3495,郑州-昆明,B2622,,CZ3496,,B737,,D,33-计划,REG,REG,,PAX,2017/6/23,,,0,YAG,2017/6/23 16:33,CGO,,,,,,2017/6/23 13:55
CZ3542,杭州-武汉-昆明,B5112,,,WUH,B738,,D,33-计划,REG,REG,,PAX,2017/6/24,,,0,YAG,2017/6/24 0:08,HGH,,,,,,2017/6/23 21:55
CZ3677,上海-昆明,B8869,,CZ3678,,A321,,D,33-计划,REG,REG,,PAX,2017/6/23,,,0,YAG,2017/6/23 10:53,PVG,,,,,,2017/6/23 7:40
CZ3747,珠海-昆明,B1776,,CZ3748,,B738,,D,33-计划,REG,REG,,PAX,2017/6/23,,,0,YAG,2017/6/23 20:28,ZUH,,,,,,2017/6/23 18:40
CZ3857,汕头-昆明,B5157,,CZ3858,,B738,,D,33-计划,REG,REG,,PAX,2017/6/23,,,0,YAG,2017/6/23 10:58,SWA,,,,,,2017/6/23 8:40
CZ3863,汕头-南宁-昆明,B5746,,CZ3864,NNG,B738,,D,33-计划,REG,REG,,PAX,2017/6/23,,,0,YAG,2017/6/23 19:53,SWA,,,,,,2017/6/23 18:35
CZ3901,北京-昆明,B6098,,CZ3902,,A333,,D,33-计划,REG,REG,,PAX,2017/6/23,,,0,YAG,2017/6/23 12:23,PEK,,,,,,2017/6/23 9:05
CZ3997,北京-昆明,B6098,,,,A333,,D,33-计划,REG,REG,,PAX,2017/6/23,,,0,YAG,2017/6/23 23:03,PEK,,,,,,2017/6/23 19:30
CZ6159,北京-昆明,B6319,Y,CZ6160,,A321,,D,33-计划,REG,REG,,PAX,2017/6/23,,,0,YAG,2017/6/23 18:13,PEK,,,,,,2017/6/23 14:50
CZ6269,哈尔滨-西安-昆明,B8847,,CZ6270,XIY,A32E,,D,33-计划,REG,REG,,PAX,2017/6/23,,,0,YAG,2017/6/23 14:43,HRB,,,,,,2017/6/23 12:30
CZ6369,郑州-昆明,B2620,,CZ6369,,B737,,D,33-计划,REG,REG,,PAX,2017/6/23,,,0,YAG,2017/6/23 15:43,CGO,,,,,,2017/6/23 13:00
CZ6370,版纳-昆明,B2620,,CZ6370,,B737,,D,33-计划,REG,REG,,PAX,2017/6/23,,,0,YAG,2017/6/23 19:53,JHG,,,,,,2017/6/23 18:55
CZ6403,沈阳-重庆-昆明,B6739,Y,CZ6404,CKG,A320,,D,33-计划,REG,REG,,PAX,2017/6/23,,,0,YAG,2017/6/23 14:38,SHE,,,,,,2017/6/23 13:05
CZ6415,沈阳-西安-昆明,B9931,,CZ6416,XIY,A320,,D,33-计划,REG,REG,,PAX,2017/6/23,,,0,YAG,2017/6/23 18:58,SHE,,,,,,2017/6/23 16:50
CZ6425,大连-武汉-昆明,B1829,,CZ6426,WUH,A320,,D,33-计划,REG,REG,,PAX,2017/6/23,,,0,YAG,2017/6/23 12:43,DLC,,,,,,2017/6/23 10:40
CZ6427,长沙-武汉-昆明,B9911,,CZ6428,WUH,A320,,D,33-计划,REG,REG,,PAX,2017/6/23,,,0,YAG,2017/6/23 16:38,HHA,,,,,,2017/6/23 14:40
CZ6459,长春-重庆-昆明,B2418,,CZ6460,CKG,A321,,D,33-计划,REG,REG,,PAX,2017/6/23,,,0,YAG,2017/6/23 14:48,CGQ,,,,,,2017/6/23 13:20
CZ6561,义乌-昆明,B5640,,CZ6562,,B738,,D,33-计划,REG,REG,,PAX,2017/6/23,,,0,YAG,2017/6/23 19:23,YIW,,,,,,2017/6/23 16:30
CZ6597,三亚-昆明,B8675,Y,CZ6598,,A321,,D,33-计划,REG,REG,,PAX,2017/6/23,,,0,YAG,2017/6/23 19:58,SYX,,,,,,2017/6/23 17:50
CZ6601,郑州-昆明,B5233,,CZ6602,,B737,,D,33-计划,REG,REG,,PAX,2017/6/23,,,0,YAG,2017/6/23 20:58,CGO,,,,,,2017/6/23 18:20
CZ6799,上海-昆明,B8848,,CZ6800,,A321,,D,33-计划,REG,REG,,PAX,2017/6/23,,,0,YAG,2017/6/23 18:13,PVG,,,,,,2017/6/23 14:50
CZ6949,乌鲁-重庆-昆明,B1736,,CZ6950,CKG,B738,,D,33-计划,REG,REG,,PAX,2017/6/23,,,0,YAG,2017/6/23 16:38,URC,,,,,,2017/6/23 15:05
CZ6977,武汉-昆明,B5069,,CZ6978,,B737,,D,33-计划,REG,REG,,PAX,2017/6/23,,,0,YAG,2017/6/23 20:43,WUH,,,,,,2017/6/23 18:25
CZ8509,长春-青岛-昆明,B6897,,,TAO,A322,,D,33-计划,REG,REG,,PAX,2017/6/23,,,0,YAG,2017/6/23 23:13,CGQ,,,,,,2017/6/23 19:45
DR5340,包头-兰州-昆明,B7866,,,ZGC,B738,,D,33-计划,REG,REG,,PAX,2017/6/23,,,0,YAG,2017/6/23 23:55,BAV,,,,,,2017/6/23 21:40
DR6502,芒市-昆明,B5811,,DR6503,,B737,,D,33-计划,REG,REG,,PAX,2017/6/23,,,0,YAG,2017/6/23 15:55,LUM,,,,,,2017/6/23 14:55
DR6504,芒市-昆明,B5811,,DR6579,,B737,,D,33-计划,REG,REG,,PAX,2017/6/23,,,0,YAG,2017/6/23 19:40,LUM,,,,,,2017/6/23 18:40
DR6506,芒市-昆明,B5830,,DR6511,,B737,,D,33-计划,REG,REG,,PAX,2017/6/23,,,0,YAG,2017/6/23 21:40,LUM,,,,,,2017/6/23 20:25
DR6508,芒市-昆明,B5811,,DR6501,,B737,,D,33-计划,REG,REG,,PAX,2017/6/23,,,0,YAG,2017/6/23 12:00,LUM,,,,,,2017/6/23 10:55
DR6510,版纳-昆明,B5829,,DR6515,,B737,,D,33-计划,REG,REG,,PAX,2017/6/23,,,0,YAG,2017/6/23 11:40,JHG,,,,,,2017/6/23 10:35
DR6512,版纳-昆明,B5830,,,,B737,,D,33-计划,REG,REG,,PAX,2017/6/24,,,0,YAG,2017/6/24 1:35,JHG,,,,,,2017/6/24 0:30
DR6516,天津-襄阳-昆明,B5829,,,XFN,B737,,D,33-计划,REG,REG,,PAX,2017/6/24,,,0,YAG,2017/6/24 0:20,TSN,,,,,,2017/6/23 22:30
DR6522,成都-昆明,B1595,,,,B738,,D,33-计划,REG,REG,,PAX,2017/6/24,,,0,YAG,2017/6/24 0:30,CTU,,,,,,2017/6/23 22:50
DR6524,丽江-昆明,B6109,,,,B737,,D,33-计划,REG,REG,,PAX,2017/6/23,,,0,YAG,2017/6/23 23:50,LJG,,,,,,2017/6/23 22:55
DR6562,沈阳-青岛-昆明,B1593,,,TAO,B738,,D,33-计划,REG,REG,,PAX,2017/6/24,,,0,YAG,2017/6/24 1:40,SHE,,,,,,2017/6/23 22:05
DR6570,北海-昆明,B7867,,,,B738,,D,33-计划,REG,REG,,PAX,2017/6/23,,,0,YAG,2017/6/23 11:20,BHY,,,,,,2017/6/23 9:45
DR6578,沈阳-榆林-昆明,B6110,,,UYN,B737,,D,33-计划,REG,REG,,PAX,2017/6/23,,,0,YAG,2017/6/23 22:05,SHE,,,,,,2017/6/23 19:10
DR6580,芒市-昆明,B6109,,DR6523,,B737,,D,33-计划,REG,REG,,PAX,2017/6/23,,,0,YAG,2017/6/23 14:55,LUM,,,,,,2017/6/23 13:50
DR6592,西安-昆明,B7088,,,,B737,,D,33-计划,REG,REG,,PAX,2017/6/24,,,0,YAG,2017/6/24 0:35,XIY,,,,,,2017/6/23 22:15
EU2223,成都-昆明,B6229,,EU2721,,A319,,D,33-计划,REG,REG,,PAX,2017/6/23,,,0,YAG,2017/6/23 8:20,CTU,,,,,,2017/6/23 6:35
EU2226,版纳-昆明,B6229,,EU2224,,A319,,D,33-计划,REG,REG,,PAX,2017/6/23,,,0,YAG,2017/6/23 22:15,JHG,,,,,,2017/6/23 21:15
EU2722,厦门-柳州-昆明,B6229,,EU2225,LZH,A319,,D,33-计划,REG,REG,,PAX,2017/6/23,,,0,YAG,2017/6/23 18:25,XMN,,,,,,2017/6/23 16:55
FD582,廊曼-昆明,HSBBE,,FD583,,A320,,I,33-计划,REG,REG,,PAX,2017/6/23,,,0,YAG,2017/6/23 11:25,DMK,,,,,,2017/6/23 7:50
FM9397,上海-长沙-昆明,B1740,,FM9398,HHA,B738,,D,33-计划,REG,REG,,PAX,2017/6/23,,,0,CES,2017/6/23 14:50,PVG,,,,,,2017/6/23 12:50
FM9429,上海-衡阳-昆明,B5799,,FM9430,HNY,B738,,D,33-计划,REG,REG,,PAX,2017/6/23,,,0,CES,2017/6/23 16:20,PVG,,,,,,2017/6/23 14:20
FM9451,上海-昆明,B2563,,FM9452,,B763,,D,33-计划,REG,REG,,PAX,2017/6/23,,,0,CES,2017/6/23 12:30,SHA,,,,,,2017/6/23 9:00
FM9453,上海-昆明,B5261,,FM9453,,B737,,D,33-计划,REG,REG,,PAX,2017/6/23,,,0,CES,2017/6/23 11:45,SHA,,,,,,2017/6/23 8:15
FM9454,版纳-昆明,B5261,,FM9454,,B737,,D,33-计划,REG,REG,,PAX,2017/6/23,,,0,CES,2017/6/23 15:45,JHG,,,,,,2017/6/23 14:45
FM9539,温州-昆明,B5145,,FM9540,,B738,,D,33-计划,REG,REG,,PAX,2017/6/23,,,0,CES,2017/6/23 10:45,WNZ,,,,,,2017/6/23 7:40
FM9541,郑州-昆明,B5320,,FM9542,,B738,,D,33-计划,REG,REG,,PAX,2017/6/23,,,0,CES,2017/6/23 10:35,CGO,,,,,,2017/6/23 7:50
FU6509,福州-昆明,B1433,,FU6510,,B738,,D,33-计划,REG,REG,,PAX,2017/6/23,,,0,YAG,2017/6/23 21:20,FOC,,,,,,2017/6/23 18:15
GJ8661,杭州-贵阳-昆明,B8335,,,KWE,A320,,D,33-计划,REG,REG,,PAX,2017/6/24,,,0,YAG,2017/6/24 0:30,HGH,,,,,,2017/6/23 23:20
GJ8690,长春-徐州-昆明,B1868,,,XUZ,A320,,D,33-计划,REG,REG,,PAX,2017/6/23,,,0,YAG,2017/6/23 22:35,CGQ,,,,,,2017/6/23 19:40
GJ8837,杭州-珠海-昆明,B1673,,GJ8838,ZUH,A320,,D,33-计划,REG,REG,,PAX,2017/6/23,,,0,YAG,2017/6/23 13:45,HGH,,,,,,2017/6/23 11:50
GS7653,西安-昆明,B8062,,GS7654,,A320,,D,33-计划,REG,REG,,PAX,2017/6/23,,,0,YAG,2017/6/23 10:25,XIY,,,,,,2017/6/23 8:05
GS7661,西安-昆明,B1618,,GS7662,,A320,,D,33-计划,REG,REG,,PAX,2017/6/23,,,0,YAG,2017/6/23 21:50,XIY,,,,,,2017/6/23 19:25
GS7855,天津-昆明,B8659,,GS7856,,A330,,D,33-计划,REG,REG,,PAX,2017/6/23,,,0,YAG,2017/6/23 12:05,TSN,,,,,,2017/6/23 8:25
GS7857,天津-西安-昆明,B9948,,GS7858,XIY,A320,,D,33-计划,REG,REG,,PAX,2017/6/23,,,0,YAG,2017/6/23 13:10,TSN,,,,,,2017/6/23 10:40
GS7875,天津-西安-昆明,B8959,Y,GS7876,XIY,A330,,D,33-计划,REG,REG,,PAX,2017/6/23,,,0,YAG,2017/6/23 18:55,TSN,,,,,,2017/6/23 16:40
HO1019,杭州-大庸-昆明,B6572,,HO1020,DYG,A320,,D,33-计划,REG,REG,,PAX,2017/6/23,,,0,YAG,2017/6/23 18:45,HGH,,,,,,2017/6/23 16:50
HO1093,上海-昆明,B6735,,,,A320,,D,33-计划,REG,REG,,PAX,2017/6/24,,,0,YAG,2017/6/24 0:35,SHA,,,,,,2017/6/23 21:05
HO1095,上海-毕节-昆明,B6860,,HO1096,BFJ,A320,,D,33-计划,REG,REG,,PAX,2017/6/23,,,0,YAG,2017/6/23 17:40,SHA,,,,,,2017/6/23 16:40
HO1099,上海-昆明,B6735,,HO1100,,A320,,D,33-计划,REG,REG,,PAX,2017/6/23,,,0,YAG,2017/6/23 15:30,SHA,,,,,,2017/6/23 12:00
HO1121,上海-昆明,B8235,,HO1122,,A320,,D,33-计划,REG,REG,,PAX,2017/6/23,,,1,YAG,2017/6/23 11:50,SHA,,,,,,2017/6/23 8:35
HO1681,南京-毕节-昆明,B6963,,HO1682,BFJ,A320,,D,33-计划,REG,REG,,PAX,2017/6/23,,,0,YAG,2017/6/23 13:50,NKG,,,,,,2017/6/23 12:55
HU7087,海口-昆明,B5428,,HU7088,,B738,,D,33-计划,REG,REG,,PAX,2017/6/23,,,1,YAG,2017/6/23 9:35,HAK,,,,,,2017/6/23 7:40
HU7089,海口-昆明,B7377,,HU7090,,B738,,D,33-计划,REG,REG,,PAX,2017/6/23,,,0,YAG,2017/6/23 21:35,HAK,,,,,,2017/6/23 19:40
HU7111,北京-昆明,B2730,Y,HU7112,,B787,,D,33-计划,REG,REG,,PAX,2017/6/23,,,1,YAG,2017/6/23 19:10,PEK,,,,,,2017/6/23 15:40
HU7163,深圳-昆明,B1735,,HU7164,,B738,,D,33-计划,REG,REG,,PAX,2017/6/23,,,1,YAG,2017/6/23 10:25,SZX,,,,,,2017/6/23 7:55
HU7211,北京-昆明,B5478,,HU7212,,B738,,D,33-计划,REG,REG,,PAX,2017/6/23,,,0,YAG,2017/6/23 11:35,PEK,,,,,,2017/6/23 8:10
HU7235,广州-昆明,B5338,,HU7236,,B738,,D,33-计划,REG,REG,,PAX,2017/6/23,,,0,YAG,2017/6/23 18:30,CAN,,,,,,2017/6/23 16:00
HU7311,北京-昆明,B2647,,,,B738,,D,33-计划,REG,REG,,PAX,2017/6/24,,,0,YAG,2017/6/24 0:55,PEK,,,,,,2017/6/23 21:30
JD5155,丽江-昆明,B6401,,JD5156,,A319,,D,33-计划,REG,REG,,PAX,2017/6/23,,,0,YAG,2017/6/23 15:05,LJG,,,,,,2017/6/23 14:05
JD5157,杭州-昆明,B8019,,JD5158,,A330,,D,33-计划,REG,REG,,PAX,2017/6/23,,,0,YAG,2017/6/23 13:15,HGH,,,,,,2017/6/23 9:55
JD5165,丽江-昆明,B6245,,JD5791,,A319,,D,33-计划,REG,REG,,PAX,2017/6/23,,,0,YAG,2017/6/23 10:40,LJG,,,,,,2017/6/23 9:40
JD5789,版纳-昆明,B1621,,JD5790,,A320,,D,33-计划,REG,REG,,PAX,2017/6/23,,,0,YAG,2017/6/23 11:20,JHG,,,,,,2017/6/23 10:05
JD5792,芒市-昆明,B6245,,JD5166,,A319,,D,33-计划,REG,REG,,PAX,2017/6/23,,,0,YAG,2017/6/23 14:40,LUM,,,,,,2017/6/23 13:40
KA760,香港-昆明,BHLL,,KA761,,A330,,R,33-计划,REG,REG,,PAX,2017/6/23,,,1,YAG,2017/6/23 14:20,HKG,,,,,,2017/6/23 11:50
KE885,首尔-昆明,HL8246,,KE886,,B738,,I,33-计划,REG,REG,,PAX,2017/6/23,,,0,YAG,2017/6/23 22:05,ICN,,,,,,2017/6/23 18:30
KN2381,石家庄-昆明,B1990,,KN5212,,B738,,D,33-计划,REG,REG,,PAX,2017/6/23,,,0,CES,2017/6/23 10:00,SJW,,,,,,2017/6/23 6:50
KN5211,南苑-汉中-昆明,B1523,,KN2382,HZG,B738,,D,33-计划,REG,REG,,PAX,2017/6/23,,,0,CES,2017/6/23 19:50,NAY,,,,,,2017/6/23 17:55
KY8204,南京-昆明,B5673,,,,B738,,D,33-计划,REG,REG,,PAX,2017/6/23,,,0,YAG,2017/6/23 19:00,NKG,,,,,,2017/6/23 16:00
KY8206,哈尔滨-济南-昆明,B2669,,,TNA,B737,,D,33-计划,REG,REG,,PAX,2017/6/23,,,0,YAG,2017/6/23 23:10,HRB,,,,,,2017/6/23 19:55
KY8210,版纳-昆明,B7872,,,,B737,,D,33-计划,REG,REG,,PAX,2017/6/23,,,0,YAG,2017/6/23 23:25,JHG,,,,,,2017/6/23 22:20
KY8220,深圳-昆明,B5673,,KY8203,,B738,,D,33-计划,REG,REG,,PAX,2017/6/23,,,0,YAG,2017/6/23 10:55,SZX,,,,,,2017/6/23 8:30
KY8222,重庆-昆明,B6492,,KY8285,,B738,,D,33-计划,REG,REG,,PAX,2017/6/23,,,0,YAG,2017/6/23 21:40,CKG,,,,,,2017/6/23 20:05
KY8230,腾冲-昆明,B2679,,KY8301,,B737,,D,33-计划,REG,REG,,PAX,2017/6/23,,,0,YAG,2017/6/23 17:25,TCZ,,,,,,2017/6/23 16:20
KY8232,丽江-昆明,B7871,,,,B737,,D,33-计划,REG,REG,,PAX,2017/6/24,,,0,YAG,2017/6/24 0:45,LJG,,,,,,2017/6/23 23:45
KY8234,太原-昆明,B6495,,,,B738,,D,33-计划,REG,REG,,PAX,2017/6/23,,,0,YAG,2017/6/23 23:05,TYN,,,,,,2017/6/23 20:00
KY8236,杭州-昆明,B5025,,KY8265,,B737,,D,33-计划,REG,REG,,PAX,2017/6/23,,,0,YAG,2017/6/23 15:25,HGH,,,,,,2017/6/23 12:15
KY8240,青岛-昆明,B6491,,,,B738,,D,33-计划,REG,REG,,PAX,2017/6/24,,,0,YAG,2017/6/24 0:25,TAO,,,,,,2017/6/23 20:50
KY8244,普洱-昆明,B5026,,KY8247,,B737,,D,33-计划,REG,REG,,PAX,2017/6/23,,,0,YAG,2017/6/23 20:55,SYM,,,,,,2017/6/23 19:50
KY8246,芒市-昆明,B5026,,KY8243,,B737,,D,33-计划,REG,REG,,PAX,2017/6/23,,,0,YAG,2017/6/23 15:55,LUM,,,,,,2017/6/23 14:50
KY8248,芒市-昆明,B5026,,,,B737,,D,33-计划,REG,REG,,PAX,2017/6/24,,,0,YAG,2017/6/24 0:50,LUM,,,,,,2017/6/23 23:45
KY8250,丽江-版纳-昆明,B7870,,,JHG,B737,,D,33-计划,REG,REG,,PAX,2017/6/24,,,0,YAG,2017/6/24 0:40,LJG,,,,,,2017/6/23 23:35
KY8252,保山-昆明,B7872,,KY8209,,B737,,D,33-计划,REG,REG,,PAX,2017/6/23,,,0,YAG,2017/6/23 10:45,BSD,,,,,,2017/6/23 9:40
KY8254,西安-昆明,B1991,,KY8281,,B738,,D,33-计划,REG,REG,,PAX,2017/6/23,,,0,YAG,2017/6/23 13:40,XIY,,,,,,2017/6/23 11:20
KY8256,临沧-昆明,B7871,,KY8231,,B737,,D,33-计划,REG,REG,,PAX,2017/6/23,,,0,YAG,2017/6/23 11:50,LNJ,,,,,,2017/6/23 10:55
KY8258,郑州-昆明,B1507,,KY8307,,B738,,D,33-计划,REG,REG,,PAX,2017/6/23,,,0,YAG,2017/6/23 14:55,CGO,,,,,,2017/6/23 12:10
KY8262,台州-重庆-昆明,B5702,,,CKG,B738,,D,33-计划,REG,REG,,PAX,2017/6/23,,,0,YAG,2017/6/23 17:45,HYN,,,,,,2017/6/23 16:10
KY8266,杭州-昆明,B5025,,,,B737,,D,33-计划,REG,REG,,PAX,2017/6/24,,,0,YAG,2017/6/24 0:05,HGH,,,,,,2017/6/23 20:55
KY8270,丽江-版纳-昆明,B2678,,,JHG,B737,,D,33-计划,REG,REG,,PAX,2017/6/24,,,0,YAG,2017/6/24 0:10,LJG,,,,,,2017/6/23 22:55
KY8274,武汉-昆明,B6492,,KY8221,,B738,,D,33-计划,REG,REG,,PAX,2017/6/23,,,0,YAG,2017/6/23 15:55,WUH,,,,,,2017/6/23 13:40
KY8276,济南-昆明,B6493,,,,B738,,D,33-计划,REG,REG,,PAX,2017/6/23,,,0,YAG,2017/6/23 22:20,TNA,,,,,,2017/6/23 19:05
KY8282,上海-昆明,B1991,,,,B738,,D,33-计划,REG,REG,,PAX,2017/6/23,,,0,YAG,2017/6/23 22:40,PVG,,,,,,2017/6/23 19:15
KY8284,上海-昆明,B6491,,KY8239,,B738,,D,33-计划,REG,REG,,PAX,2017/6/23,,,0,YAG,2017/6/23 15:15,PVG,,,,,,2017/6/23 11:55
KY8286,广州-昆明,B6492,,KY8273,,B738,,D,33-计划,REG,REG,,PAX,2017/6/23,,,0,YAG,2017/6/23 9:15,CAN,,,,,,2017/6/23 6:45
KY8296,南通-重庆-昆明,B7873,,,CKG,B738,,D,33-计划,REG,REG,,PAX,2017/6/23,,,0,YAG,2017/6/23 17:55,NTG,,,,,,2017/6/23 16:20
KY8298,长春-石家庄-昆明,B1926,,,SJW,B738,,D,33-计划,REG,REG,,PAX,2017/6/23,,,0,YAG,2017/6/23 23:20,CGQ,,,,,,2017/6/23 20:10
KY8302,惠州-昆明,B2679,,,,B737,,D,33-计划,REG,REG,,PAX,2017/6/23,,,0,YAG,2017/6/23 23:50,HUZ,,,,,,2017/6/23 21:30
KY8308,南昌-昆明,B6493,,KY8275,,B738,,D,33-计划,REG,REG,,PAX,2017/6/23,,,0,YAG,2017/6/23 11:55,KHN,,,,,,2017/6/23 9:40
KY8314,腾冲-昆明,B2678,,KY8269,,B737,,D,33-计划,REG,REG,,PAX,2017/6/23,,,0,YAG,2017/6/23 17:50,TCZ,,,,,,2017/6/23 16:50
KY8316,腾冲-昆明,B7870,,KY8249,,B737,,D,33-计划,REG,REG,,PAX,2017/6/23,,,0,YAG,2017/6/23 19:10,TCZ,,,,,,2017/6/23 18:05
KY8322,成都-昆明,B5672,,KY8233,,B738,,D,33-计划,REG,REG,,PAX,2017/6/23,,,0,YAG,2017/6/23 12:35,CTU,,,,,,2017/6/23 10:45
KY8334,大连-西安-昆明,B7089,,,XIY,B738,,D,33-计划,REG,REG,,PAX,2017/6/24,,,0,YAG,2017/6/24 0:10,DLC,,,,,,2017/6/23 21:45
KY8342,南宁-厦门-昆明,B2667,,,XMN,B737,,D,33-计划,REG,REG,,PAX,2017/6/23,,,0,YAG,2017/6/23 22:00,NNG,,,,,,2017/6/23 19:15
MF8405,厦门-昆明,B5152,,MF8406,,B738,,D,33-计划,REG,REG,,PAX,2017/6/23,,,3,YAG,2017/6/23 10:50,XMN,,,,,,2017/6/23 8:05
MF8417,厦门-昆明,B5319,,MF8418,,B738,,D,33-计划,REG,REG,,PAX,2017/6/23,,,3,YAG,2017/6/23 14:40,XMN,,,,,,2017/6/23 12:00
MF8427,福州-昆明,B5847,,MF8428,,B738,,D,33-计划,REG,REG,,PAX,2017/6/23,,,3,YAG,2017/6/23 11:00,FOC,,,,,,2017/6/23 8:05
MF8429,厦门-昆明,B5551,,,,B738,,D,33-计划,REG,REG,,PAX,2017/6/23,,,3,YAG,2017/6/23 23:45,XMN,,,,,,2017/6/23 21:00
MF8461,杭州-武汉-昆明,B6889,,MF8462,WUH,B738,,D,33-计划,REG,REG,,PAX,2017/6/23,,,3,YAG,2017/6/23 18:15,HGH,,,,,,2017/6/23 15:55
MF8475,福州-昆明,B5385,,MF8642,,B738,,D,33-计划,REG,REG,,PAX,2017/6/23,,,3,YAG,2017/6/23 19:05,FOC,,,,,,2017/6/23 15:55
MF8641,泉州-珠海-昆明,B5301,,MF8476,ZUH,B738,,D,33-计划,REG,REG,,PAX,2017/6/23,,,0,YAG,2017/6/23 19:05,JJN,,,,,,2017/6/23 17:05
MI916,新加坡-昆明,,,MI915,,B738,,I,33-计划,REG,REG,,PAX,2017/6/23,,,1,YAG,2017/6/23 18:15,SIN,,,,,,2017/6/23 14:15
MU2030,曼德勒-昆明,B7170,,MU5707,,B738,,I,33-计划,REG,REG,,PAX,2017/6/23,,,0,CES,2017/6/23 14:50,MDL,,,,,,2017/6/23 13:15
MU2032,仰光-昆明,B5756,,,,B738,,I,33-计划,REG,REG,,PAX,2017/6/23,,,0,CES,2017/6/23 19:45,RGN,,,,,,2017/6/23 17:25
MU2035,北京-昆明,B1792,,MU2035,,B738,,D,33-计划,REG,REG,,PAX,2017/6/23,,,0,CES,2017/6/23 11:30,PEK,,,,,,2017/6/23 7:55
MU2036,达卡-昆明,B1792,,MU2036,,B738,,I,33-计划,REG,REG,,PAX,2017/6/23,,,0,CES,2017/6/23 18:50,DAC,,,,,,2017/6/23 16:35
MU2143,太原-昆明,B5257,,MU5462,,B737,,D,33-计划,REG,REG,,PAX,2017/6/23,,,0,CES,2017/6/23 10:30,TYN,,,,,,2017/6/23 7:35
MU216,温哥华-南京-昆明,B5962,,MU5478,NKG,A330,,M,33-计划,REG,REG,,PAX,2017/6/23,,,0,CES,2017/6/23 19:25,YVR,,,,,,2017/6/23 16:30
MU2181,西安-昆明,B8977,,MU2182,,A325,,D,33-计划,REG,REG,,PAX,2017/6/23,,,0,CES,2017/6/23 10:10,XIY,,,,,,2017/6/23 7:50
MU2185,银川-昆明,B9921,,MU2186,,A320,,D,33-计划,REG,REG,,PAX,2017/6/23,,,0,CES,2017/6/23 17:50,INC,,,,,,2017/6/23 15:05
MU2205,银川-昆明,B9921,,MU2206,,A320,,D,33-计划,REG,REG,,PAX,2017/6/23,,,0,CES,2017/6/23 10:25,INC,,,,,,2017/6/23 7:40
MU2207,西安-昆明,B9905,,MU2208,,A321,,D,33-计划,REG,REG,,PAX,2017/6/23,,,0,CES,2017/6/23 17:10,XIY,,,,,,2017/6/23 14:45
MU2245,西宁-昆明,B2356,,MU2246,,A320,,D,33-计划,REG,REG,,PAX,2017/6/23,,,0,CES,2017/6/23 22:15,XNN,,,,,,2017/6/23 19:50
MU2249,兰州-昆明,B8227,,MU2250,,A320,,D,33-计划,REG,REG,,PAX,2017/6/23,,,0,CES,2017/6/23 9:30,ZGC,,,,,,2017/6/23 7:15
MU2264,沈阳-西安-昆明,B5527,,,XIY,B738,,D,33-计划,REG,REG,,PAX,2017/6/23,,,0,CES,2017/6/23 23:20,SHE,,,,,,2017/6/23 21:00
MU2359,西宁-昆明,B6693,,MU2360,,A320,,D,33-计划,REG,REG,,PAX,2017/6/23,,,0,CES,2017/6/23 9:20,XNN,,,,,,2017/6/23 7:05
MU2361,西安-昆明,B1858,,MU2362,,A325,,D,33-计划,REG,REG,,PAX,2017/6/23,,,0,CES,2017/6/23 20:30,XIY,,,,,,2017/6/23 18:15
MU2433,青岛-宜昌-昆明,B2333,,MU2434,YIH,A319,,D,33-计划,REG,REG,,PAX,2017/6/23,,,0,CES,2017/6/23 18:55,TAO,,,,,,2017/6/23 17:00
MU2485,武汉-昆明,B1513,,MU2486,,B738,,D,33-计划,REG,REG,,PAX,2017/6/23,,,0,CES,2017/6/23 14:15,WUH,,,,,,2017/6/23 12:00
MU2493,温州-武汉-昆明,B7376,,MU2498,WUH,B738,,D,33-计划,REG,REG,,PAX,2017/6/23,,,0,CES,2017/6/23 22:10,WNZ,,,,,,2017/6/23 19:55
MU2495,成都-昆明,B5779,,MU2496,,B738,,D,33-计划,REG,REG,,PAX,2017/6/23,,,0,CES,2017/6/23 9:35,CTU,,,,,,2017/6/23 7:55
MU2497,武汉-昆明,B7376,,MU2494,,B738,,D,33-计划,REG,REG,,PAX,2017/6/23,,,0,CES,2017/6/23 10:10,WUH,,,,,,2017/6/23 7:55
MU2567,广州-昆明,B7170,,MU2567,,B738,,D,33-计划,REG,REG,,PAX,2017/6/23,,,0,CES,2017/6/23 9:05,CAN,,,,,,2017/6/23 6:30
MU2568,曼德勒-昆明,B5795,,MU2568,,B738,,I,33-计划,REG,REG,,PAX,2017/6/23,,,0,CES,2017/6/23 19:00,MDL,,,,,,2017/6/23 17:30
MU2572,加德-昆明,B5821,,,,B737,,I,33-计划,REG,REG,,PAX,2017/6/23,,,0,CES,2017/6/23 23:30,KTM,,,,,,2017/6/23 20:20
MU2573,北京-昆明,B1789,,MU2573,,B738,,D,33-计划,REG,REG,,PAX,2017/6/23,,,0,CES,2017/6/23 12:45,PEK,,,,,,2017/6/23 9:10
MU2574,万象-昆明,B1789,,MU2574,,B738,,I,33-计划,REG,REG,,PAX,2017/6/23,,,0,CES,2017/6/23 18:45,VTE,,,,,,2017/6/23 17:15
MU2590,万象-昆明,B6143,,MU5757,,B738,,I,33-计划,REG,REG,,PAX,2017/6/23,,,0,CES,2017/6/23 12:25,VTE,,,,,,2017/6/23 10:50
MU2592,普吉-昆明,B6333,,MU5456,,A320,,I,33-计划,REG,REG,,PAX,2017/6/23,,,0,CES,2017/6/23 8:25,HKT,,,,,,2017/6/23 5:30
MU2594,清迈-昆明,B1791,,,,B738,,I,33-计划,REG,REG,,PAX,2017/6/23,,,0,CES,2017/6/23 19:10,CNX,,,,,,2017/6/23 17:30
MU2596,清迈-昆明,B5795,,MU2029,,B738,,I,33-计划,REG,REG,,PAX,2017/6/23,,,0,CES,2017/6/23 11:40,CNX,,,,,,2017/6/23 9:30
MU2598,清莱-昆明,B6148,,MU5715,,B738,,I,33-计划,REG,REG,,PAX,2017/6/23,,,0,CES,2017/6/23 18:50,CEI,,,,,,2017/6/23 17:35
MU2705,南京-昆明,B6456,,MU2705,,A319,,D,33-计划,REG,REG,,PAX,2017/6/23,,,0,CES,2017/6/23 10:30,NKG,,,,,,2017/6/23 7:30
MU2706,丽江-昆明,B6456,,MU2706,,A319,,D,33-计划,REG,REG,,PAX,2017/6/23,,,0,CES,2017/6/23 14:35,LJG,,,,,,2017/6/23 13:30
MU2715,南京-长沙-昆明,B9970,,MU2716,HHA,A320,,D,33-计划,REG,REG,,PAX,2017/6/23,,,0,CES,2017/6/23 15:50,NKG,,,,,,2017/6/23 13:45
MU2725,南京-昆明,B8498,,MU2786,,A320,,D,33-计划,REG,REG,,PAX,2017/6/23,,,0,CES,2017/6/23 15:30,NKG,,,,,,2017/6/23 12:25
MU2735,南京-长沙-昆明,B6671,,MU2736,HHA,A320,,D,33-计划,REG,REG,,PAX,2017/6/23,,,0,CES,2017/6/23 18:35,NKG,,,,,,2017/6/23 16:35
MU2745,南京-长沙-昆明,B6638,,MU2746,HHA,A320,,D,33-计划,REG,REG,,PAX,2017/6/23,,,0,CES,2017/6/23 20:00,NKG,,,,,,2017/6/23 17:50
MU2755,南京-昆明,B6462,,MU2755,,A319,,D,33-计划,REG,REG,,PAX,2017/6/23,,,0,CES,2017/6/23 19:55,NKG,,,,,,2017/6/23 17:05
MU2756,版纳-昆明,B8017,,MU2756,,A319,,D,33-计划,REG,REG,,PAX,2017/6/23,,,0,CES,2017/6/23 9:40,JHG,,,,,,2017/6/23 8:40
MU2765,长春-南京-昆明,B6803,,,NKG,A320,,D,33-计划,REG,REG,,PAX,2017/6/23,,,0,CES,2017/6/23 21:35,CGQ,,,,,,2017/6/23 18:35
MU2785,南京-昆明,B6757,,,,A320,,D,33-计划,REG,REG,,PAX,2017/6/24,,,0,CES,2017/6/24 0:30,NKG,,,,,,2017/6/23 21:30
MU2975,无锡-昆明,B6637,,MU2976,,A320,,D,33-计划,REG,REG,,PAX,2017/6/23,,,0,CES,2017/6/23 13:25,WUX,,,,,,2017/6/23 10:15
MU2985,无锡-重庆-昆明,B6872,,MU2986,CKG,A320,,D,33-计划,REG,REG,,PAX,2017/6/23,,,0,CES,2017/6/23 18:55,WUX,,,,,,2017/6/23 17:25
MU2995,无锡-重庆-昆明,B6639,,,CKG,A320,,D,33-计划,REG,REG,,PAX,2017/6/23,,,0,CES,2017/6/23 23:10,WUX,,,,,,2017/6/23 21:30
MU5077,合肥-昆明,B6802,,MU5077,,A320,,D,33-计划,REG,REG,,PAX,2017/6/23,,,0,CES,2017/6/23 14:30,HFE,,,,,,2017/6/23 11:40
MU5078,曼谷-昆明,B6802,,MU5078,,A320,,I,33-计划,REG,REG,,PAX,2017/6/23,,,0,CES,2017/6/23 23:20,BKK,,,,,,2017/6/23 20:50
MU5093,兰州-昆明,B1612,,MU5093,,A320,,D,33-计划,REG,REG,,PAX,2017/6/23,,,0,CES,2017/6/23 21:05,ZGC,,,,,,2017/6/23 18:50
MU5145,太原-昆明,B1933,Y,MU5230,,B738,,D,33-计划,REG,REG,,PAX,2017/6/23,,,0,CES,2017/6/23 21:15,TYN,,,,,,2017/6/23 18:20
MU5229,温州-昆明,B1723,,MU5146,,B738,,D,33-计划,REG,REG,,PAX,2017/6/23,,,0,CES,2017/6/23 20:20,WNZ,,,,,,2017/6/23 17:15
MU5292,北京-太原-昆明,B5492,,MU5299,TYN,B738,,D,33-计划,REG,REG,,PAX,2017/6/23,,,0,CES,2017/6/23 15:05,PEK,,,,,,2017/6/23 12:10
MU5327,济南-九华山-昆明,B6008,,MU5328,JUH,A320,,D,33-计划,REG,REG,,PAX,2017/6/23,,,0,CES,2017/6/23 15:15,TNA,,,,,,2017/6/23 11:35
MU5329,合肥-昆明,B1862,,MU5330,,A320,,D,33-计划,REG,REG,,PAX,2017/6/23,,,0,CES,2017/6/23 17:35,HFE,,,,,,2017/6/23 15:00
MU5437,上海-南充-昆明,B6469,,MU5438,NAO,A319,,D,33-计划,REG,REG,,PAX,2017/6/23,,,0,CES,2017/6/23 14:15,PVG,,,,,,2017/6/23 12:30
MU5449,重庆-昆明,B8973,,MU5464,,A320,,D,33-计划,REG,REG,,PAX,2017/6/23,,,0,CES,2017/6/23 8:25,CKG,,,,,,2017/6/23 6:50
MU5453,宁波-武汉-昆明,B6870,,MU5454,WUH,A320,,D,33-计划,REG,REG,,PAX,2017/6/23,,,0,CES,2017/6/23 13:10,NGB,,,,,,2017/6/23 10:50
MU5455,宁波-昆明,B1836,,,,A320,,D,33-计划,REG,REG,,PAX,2017/6/23,,,0,CES,2017/6/23 23:00,NGB,,,,,,2017/6/23 20:00
MU5461,温州-昆明,B5257,,MU2144,,B737,,D,33-计划,REG,REG,,PAX,2017/6/23,,,0,CES,2017/6/23 18:30,WNZ,,,,,,2017/6/23 15:20
MU5463,上海-合肥-昆明,B8973,,MU5450,HFE,A320,,D,33-计划,REG,REG,,PAX,2017/6/23,,,0,CES,2017/6/23 20:40,PVG,,,,,,2017/6/23 17:50
MU5465,南昌-昆明,B6585,Y,MU5532,,A320,,D,33-计划,REG,REG,,PAX,2017/6/23,,,0,CES,2017/6/23 15:05,KHN,,,,,,2017/6/23 12:35
MU5469,南昌-昆明,B6373,,MU5470,,A320,,D,33-计划,REG,REG,,PAX,2017/6/23,,,0,CES,2017/6/23 9:50,KHN,,,,,,2017/6/23 7:20
MU5471,济南-重庆-昆明,B6636,,MU5472,CKG,A320,,D,33-计划,REG,REG,,PAX,2017/6/23,,,0,CES,2017/6/23 19:25,TNA,,,,,,2017/6/23 17:50
MU5476,合肥-昆明,B6010,,MU5475,,A320,,D,33-计划,REG,REG,,PAX,2017/6/23,,,0,CES,2017/6/23 10:40,HFE,,,,,,2017/6/23 7:55
MU5505,上海-福州-昆明,B6559,,MU5588,FOC,A320,,D,33-计划,REG,REG,,PAX,2017/6/23,,,0,CES,2017/6/23 15:00,PVG,,,,,,2017/6/23 11:50
MU555,杭州-昆明,B6758,,MU555,,A320,,D,33-计划,REG,REG,,PAX,2017/6/23,,,0,CES,2017/6/23 22:15,HGH,,,,,,2017/6/23 19:00
MU556,加尔-昆明,B6805,,MU556,,A320,,I,33-计划,REG,REG,,PAX,2017/6/23,,,0,CES,2017/6/23 5:45,CCU,,,,,,2017/6/23 3:00
MU5575,烟台-郑州-昆明,B8556,,MU5576,CGO,A320,,D,33-计划,REG,REG,,PAX,2017/6/23,,,0,CES,2017/6/23 17:25,YNT,,,,,,2017/6/23 14:30
MU5617,南昌-昆明,B8975,,MU5618,,A320,,D,33-计划,REG,REG,,PAX,2017/6/23,,,0,CES,2017/6/23 21:15,KHN,,,,,,2017/6/23 18:45
MU5645,杭州-昆明,B6001,,MU5645,,A320,,D,33-计划,REG,REG,,PAX,2017/6/23,,,0,CES,2017/6/23 17:00,HGH,,,,,,2017/6/23 13:50
MU5646,版纳-昆明,B6001,,MU5646,,A320,,D,33-计划,REG,REG,,PAX,2017/6/23,,,0,CES,2017/6/23 22:00,JHG,,,,,,2017/6/23 20:50
MU5655,杭州-昆明,B2229,,MU5711,,A320,,D,33-计划,REG,REG,,PAX,2017/6/23,,,0,CES,2017/6/23 10:50,HGH,,,,,,2017/6/23 7:35
MU5683,黎平-昆明,B6471,,MU5684,,A319,,D,33-计划,REG,REG,,PAX,2017/6/23,,,0,CES,2017/6/23 13:15,HZH,,,,,,2017/6/23 12:10
MU5704,北京-济宁-昆明,B6149,,,JNG,B738,,D,33-计划,REG,REG,,PAX,2017/6/24,,,0,CES,2017/6/24 0:55,PEK,,,,,,2017/6/23 21:55
MU5706,北京-昆明,B5930,Y,MU773,,A33E,,D,33-计划,REG,REG,,PAX,2017/6/23,,,1,CES,2017/6/23 22:15,PEK,,,,,,2017/6/23 18:40
MU5708,北京-昆明,B7170,,,,B738,,D,33-计划,REG,REG,,PAX,2017/6/24,,,0,CES,2017/6/24 0:20,PEK,,,,,,2017/6/23 20:40
MU5711,版纳-昆明,B5282,,MU5739,,B737,,D,33-计划,REG,REG,,PAX,2017/6/23,,,0,CES,2017/6/23 10:05,JHG,,,,,,2017/6/23 9:00
MU5712,北京-昆明,B2229,,MU5656,,A320,,D,33-计划,REG,REG,,PAX,2017/6/23,,,0,CES,2017/6/23 19:55,PEK,,,,,,2017/6/23 16:20
MU5714,北京-昆明,B7589,,MU5771,,B738,,D,33-计划,REG,REG,,PAX,2017/6/23,,,0,CES,2017/6/23 16:45,PEK,,,,,,2017/6/23 13:10
MU5715,芒市-昆明,B5271,,MU5706,,B737,,D,33-计划,REG,REG,,PAX,2017/6/23,,,0,CES,2017/6/23 17:50,LUM,,,,,,2017/6/23 16:45
MU5717,北京-昆明,B1703,,MU5749,,B738,,D,33-计划,REG,REG,,PAX,2017/6/23,,,0,CES,2017/6/23 12:10,PEK,,,,,,2017/6/23 8:30
MU5718,普洱-昆明,B5822,,MU5812,,B737,,D,33-计划,REG,REG,,PAX,2017/6/23,,,0,CES,2017/6/23 19:40,SYM,,,,,,2017/6/23 18:35
MU5719,丽江-昆明,B5255,,,,B737,,D,33-计划,REG,REG,,PAX,2017/6/23,,,0,CES,2017/6/23 16:15,LJG,,,,,,2017/6/23 15:15
MU5720,北京-昆明,B1790,,,,B738,,D,33-计划,REG,REG,,PAX,2017/6/24,,,0,CES,2017/6/24 1:30,PEK,,,,,,2017/6/23 21:55
MU5723,版纳-昆明,B5255,,MU5919,,B737,,D,33-计划,REG,REG,,PAX,2017/6/23,,,0,CES,2017/6/23 12:25,JHG,,,,,,2017/6/23 11:20
MU5724,西安-昆明,B6145,,MU9737,,B738,,D,33-计划,REG,REG,,PAX,2017/6/23,,,0,CES,2017/6/23 19:50,XIY,,,,,,2017/6/23 17:35
MU5732,广州-昆明,B6893,,MU5809,,A320,,D,33-计划,REG,REG,,PAX,2017/6/23,,,0,CES,2017/6/23 13:50,CAN,,,,,,2017/6/23 11:15
MU5733,丽江-昆明,B5265,,,,B737,,D,33-计划,REG,REG,,PAX,2017/6/23,,,0,CES,2017/6/23 22:25,LJG,,,,,,2017/6/23 21:30
MU5734,广州-昆明,B5242,,MU5734,,B737,,D,33-计划,REG,REG,,PAX,2017/6/23,,,0,CES,2017/6/23 20:15,CAN,,,,,,2017/6/23 17:40
MU5737,大理-昆明,B5821,,MU2571,,B737,,D,33-计划,REG,REG,,PAX,2017/6/23,,,0,CES,2017/6/23 14:25,DLU,,,,,,2017/6/23 13:30
MU5738,广州-昆明,B5647,,,,B738,,D,33-计划,REG,REG,,PAX,2017/6/23,,,0,CES,2017/6/23 21:25,CAN,,,,,,2017/6/23 18:55
MU5740,广州-昆明,B5515,,MU741,,B738,,D,33-计划,REG,REG,,PAX,2017/6/23,,,0,CES,2017/6/23 10:05,CAN,,,,,,2017/6/23 7:35
MU5741,版纳-昆明,B5242,,MU5764,,B737,,D,33-计划,REG,REG,,PAX,2017/6/23,,,0,CES,2017/6/23 11:20,JHG,,,,,,2017/6/23 10:15
MU5742,广州-昆明,B7591,,MU5847,,B738,,D,33-计划,REG,REG,,PAX,2017/6/23,,,0,CES,2017/6/23 18:50,CAN,,,,,,2017/6/23 16:20
MU5743,保山-昆明,B5293,,MU5981,,B737,,D,33-计划,REG,REG,,PAX,2017/6/23,,,0,CES,2017/6/23 12:00,BSD,,,,,,2017/6/23 10:55
MU5744,广州-昆明,B1788,,,,B738,,D,33-计划,REG,REG,,PAX,2017/6/23,,,0,CES,2017/6/23 19:25,CAN,,,,,,2017/6/23 16:55
MU5746,三亚-昆明,B1636,,,,A320,,D,33-计划,REG,REG,,PAX,2017/6/24,,,0,CES,2017/6/24 0:15,SYX,,,,,,2017/6/23 22:10
MU5747,版纳-昆明,B5259,,MU5893,,B737,,D,33-计划,REG,REG,,PAX,2017/6/23,,,0,CES,2017/6/23 8:35,JHG,,,,,,2017/6/23 7:30
MU5748,天津-昆明,B1636,,MU5745,,A320,,D,33-计划,REG,REG,,PAX,2017/6/23,,,0,CES,2017/6/23 17:50,TSN,,,,,,2017/6/23 14:15
MU5750,盐城-长沙-昆明,B1703,,,HHA,B738,,D,33-计划,REG,REG,,PAX,2017/6/24,,,0,CES,2017/6/24 0:20,YNZ,,,,,,2017/6/23 22:10
MU5757,芒市-昆明,B2640,,MU5959,,B737,,D,33-计划,REG,REG,,PAX,2017/6/23,,,0,CES,2017/6/23 12:20,LUM,,,,,,2017/6/23 11:15
MU5758,深圳-昆明,B6143,,MU5718,,B738,,D,33-计划,REG,REG,,PAX,2017/6/23,,,0,CES,2017/6/23 19:45,SZX,,,,,,2017/6/23 17:20
MU5760,深圳-昆明,B6147,,MU5813,,B738,,D,33-计划,REG,REG,,PAX,2017/6/23,,,0,CES,2017/6/23 16:00,SZX,,,,,,2017/6/23 13:20
MU5762,深圳-昆明,B7599,,MU5823,,B738,,D,33-计划,REG,REG,,PAX,2017/6/23,,,0,CES,2017/6/23 15:15,SZX,,,,,,2017/6/23 12:45
MU5763,大理-昆明,B5270,,MU5915,,B737,,D,33-计划,REG,REG,,PAX,2017/6/23,,,0,CES,2017/6/23 19:15,DLU,,,,,,2017/6/23 18:10
MU5764,深圳-昆明,B6249,,MU5849,,B738,,D,33-计划,REG,REG,,PAX,2017/6/23,,,0,CES,2017/6/23 9:25,SZX,,,,,,2017/6/23 6:55
MU5766,大连-郑州-昆明,B7590,,,CGO,B738,,D,33-计划,REG,REG,,PAX,2017/6/24,,,0,CES,2017/6/24 0:50,DLC,,,,,,2017/6/23 22:05
MU5771,西昌-昆明,B5231,,MU5748,,B737,,D,33-计划,REG,REG,,PAX,2017/6/23,,,0,CES,2017/6/23 17:40,XIC,,,,,,2017/6/23 16:45
MU5772,广州-昆明,B7589,,,,B738,,D,33-计划,REG,REG,,PAX,2017/6/24,,,0,CES,2017/6/24 0:40,CAN,,,,,,2017/6/23 22:10
MU5776,广州-昆明,B7600,,MU5839,,B738,,D,33-计划,REG,REG,,PAX,2017/6/23,,,0,CES,2017/6/23 14:35,CAN,,,,,,2017/6/23 12:05
MU5782,厦门-昆明,B5796,,,,B738,,D,33-计划,REG,REG,,PAX,2017/6/23,,,0,CES,2017/6/23 23:05,XMN,,,,,,2017/6/23 20:15
MU5800,大连-洛阳-昆明,B5815,,,LYA,B737,,D,33-计划,REG,REG,,PAX,2017/6/23,,,0,CES,2017/6/23 20:15,DLC,,,,,,2017/6/23 17:45
MU5802,上海-昆明,B5807,,MU5802,,B737,,D,33-计划,REG,REG,,PAX,2017/6/23,,,1,CES,2017/6/23 16:05,SHA,,,,,,2017/6/23 12:35
MU5803,腾冲-昆明,B5225,,MU5714,,B737,,D,33-计划,REG,REG,,PAX,2017/6/23,,,0,CES,2017/6/23 16:55,TCZ,,,,,,2017/6/23 15:55
MU5804,上海-昆明,B5256,,,,B737,,D,33-计划,REG,REG,,PAX,2017/6/23,,,0,CES,2017/6/23 23:00,SHA,,,,,,2017/6/23 19:45
MU5808,上海-零陵-昆明,B5263,,MU5803,LLF,B737,,D,33-计划,REG,REG,,PAX,2017/6/23,,,0,CES,2017/6/23 18:40,SHA,,,,,,2017/6/23 17:25
MU5810,上海-昆明,B6893,,,,A320,,D,33-计划,REG,REG,,PAX,2017/6/23,,,0,CES,2017/6/23 22:30,SHA,,,,,,2017/6/23 19:10
MU5811,迪庆-昆明,B5821,,MU5740,,B737,,D,33-计划,REG,REG,,PAX,2017/6/23,,,0,CES,2017/6/23 11:00,DIG,,,,,,2017/6/23 9:50
MU5812,上海-昆明,B7592,,,,B738,,D,33-计划,REG,REG,,PAX,2017/6/23,,,1,CES,2017/6/23 19:50,SHA,,,,,,2017/6/23 16:30
MU5814,上海-昆明,B6147,,,,B738,,D,33-计划,REG,REG,,PAX,2017/6/24,,,0,CES,2017/6/24 1:20,SHA,,,,,,2017/6/23 22:00
MU5816,上海-六盘水-昆明,B5802,,MU5967,LPF,B737,,D,33-计划,REG,REG,,PAX,2017/6/23,,,0,CES,2017/6/23 13:05,SHA,,,,,,2017/6/23 12:05
MU5818,上海-兴义-昆明,B5701,,MU5733,ACX,B738,,D,33-计划,REG,REG,,PAX,2017/6/23,,,1,CES,2017/6/23 20:20,SHA,,,,,,2017/6/23 19:25
MU5822,哈尔滨-东胜-昆明,B1908,,,DSN,B738,,D,33-计划,REG,REG,,PAX,2017/6/23,,,0,CES,2017/6/23 22:10,HRB,,,,,,2017/6/23 19:20
MU5824,郑州-昆明,B7599,,,,B738,,D,33-计划,REG,REG,,PAX,2017/6/24,,,0,CES,2017/6/24 0:10,CGO,,,,,,2017/6/23 21:25
MU5830,郑州-昆明,B5796,,MU5781,,B738,,D,33-计划,REG,REG,,PAX,2017/6/23,,,0,CES,2017/6/23 15:00,CGO,,,,,,2017/6/23 12:20
MU5836,汕头-昆明,B5683,,,,B738,,D,33-计划,REG,REG,,PAX,2017/6/23,,,0,CES,2017/6/23 17:15,SWA,,,,,,2017/6/23 14:45
MU5840,郑州-昆明,B7600,,,,B738,,D,33-计划,REG,REG,,PAX,2017/6/23,,,0,CES,2017/6/23 22:25,CGO,,,,,,2017/6/23 19:40
MU5842,成都-昆明,B1788,,MU5743,,B738,,D,33-计划,REG,REG,,PAX,2017/6/23,,,0,CES,2017/6/23 12:30,CTU,,,,,,2017/6/23 10:50
MU5844,成都-昆明,B5926,,MU5853,,A33E,,D,33-计划,REG,REG,,PAX,2017/6/23,,,0,CES,2017/6/23 15:25,CTU,,,,,,2017/6/23 13:50
MU5846,成都-昆明,B6142,,,,B737,,D,33-计划,REG,REG,,PAX,2017/6/23,,,0,CES,2017/6/23 23:45,CTU,,,,,,2017/6/23 22:10
MU5848,成都-昆明,B7591,,,,B738,,D,33-计划,REG,REG,,PAX,2017/6/24,,,0,CES,2017/6/24 0:25,CTU,,,,,,2017/6/23 22:45
MU5850,成都-昆明,B6249,,MU5763,,B738,,D,33-计划,REG,REG,,PAX,2017/6/23,,,1,CES,2017/6/23 20:45,CTU,,,,,,2017/6/23 19:05
MU5852,成都-昆明,B6147,,MU5759,,B738,,D,33-计划,REG,REG,,PAX,2017/6/23,,,0,CES,2017/6/23 8:55,CTU,,,,,,2017/6/23 7:10
MU5854,成都-昆明,B5926,,MU777,,A33E,,D,33-计划,REG,REG,,PAX,2017/6/23,,,0,CES,2017/6/23 22:30,CTU,,,,,,2017/6/23 20:50
MU5856,成都-昆明,B5822,,MU5897,,B737,,D,33-计划,REG,REG,,PAX,2017/6/23,,,0,CES,2017/6/23 15:40,CTU,,,,,,2017/6/23 14:05
MU5862,重庆-昆明,B6148,,MU2597,,B738,,D,33-计划,REG,REG,,PAX,2017/6/23,,,0,CES,2017/6/23 12:30,CKG,,,,,,2017/6/23 10:55
MU5874,厦门-宜宾-昆明,B2503,,MU5929,YBP,B737,,D,33-计划,REG,REG,,PAX,2017/6/23,,,0,CES,2017/6/23 18:25,XMN,,,,,,2017/6/23 17:20
MU5884,湛江-昆明,B5054,,,,B737,,D,33-计划,REG,REG,,PAX,2017/6/23,,,0,CES,2017/6/23 22:20,ZHA,,,,,,2017/6/23 20:20
MU5886,湛江-昆明,B5271,,MU9738,,B737,,D,33-计划,REG,REG,,PAX,2017/6/23,,,0,CES,2017/6/23 12:55,ZHA,,,,,,2017/6/23 11:05
MU5892,普洱-昆明,B5816,,MU5989,,B737,,D,33-计划,REG,REG,,PAX,2017/6/23,,,0,CES,2017/6/23 10:35,SYM,,,,,,2017/6/23 9:30
MU5894,普洱-昆明,B5259,,MU757,,B737,,D,33-计划,REG,REG,,PAX,2017/6/23,,,0,CES,2017/6/23 13:05,SYM,,,,,,2017/6/23 12:00
MU5898,普洱-昆明,B5225,,MU5911,,B737,,D,33-计划,REG,REG,,PAX,2017/6/23,,,0,CES,2017/6/23 21:25,SYM,,,,,,2017/6/23 20:20
MU5902,版纳-昆明,B5807,,,,B737,,D,33-计划,REG,REG,,PAX,2017/6/24,,,0,CES,2017/6/24 0:35,JHG,,,,,,2017/6/23 23:30
MU5912,版纳-昆明,B5225,,,,B737,,D,33-计划,REG,REG,,PAX,2017/6/24,,,0,CES,2017/6/24 0:55,JHG,,,,,,2017/6/23 23:55
MU5913,版纳-昆明,B5242,,,,B737,,D,33-计划,REG,REG,,PAX,2017/6/24,,,0,CES,2017/6/24 0:50,JHG,,,,,,2017/6/23 23:45
MU5914,版纳-昆明,B5231,,,,B737,,D,33-计划,REG,REG,,PAX,2017/6/23,,,0,CES,2017/6/23 22:20,JHG,,,,,,2017/6/23 21:20
MU5916,版纳-昆明,B5270,,,,B737,,D,33-计划,REG,REG,,PAX,2017/6/24,,,0,CES,2017/6/24 0:35,JHG,,,,,,2017/6/23 23:30
MU5922,丽江-昆明,B5267,,,,B737,,D,33-计划,REG,REG,,PAX,2017/6/24,,,0,CES,2017/6/24 0:50,LJG,,,,,,2017/6/23 23:50
MU5926,丽江-昆明,B5809,,,,B737,,D,33-计划,REG,REG,,PAX,2017/6/23,,,0,CES,2017/6/23 20:30,LJG,,,,,,2017/6/23 19:30
MU5928,文山-昆明,B5243,,MU5983,,B737,,D,33-计划,REG,REG,,PAX,2017/6/23,,,0,CES,2017/6/23 13:00,WNH,,,,,,2017/6/23 11:55
MU5930,文山-昆明,B2503,,,,B737,,D,33-计划,REG,REG,,PAX,2017/6/23,,,0,CES,2017/6/23 23:05,WNH,,,,,,2017/6/23 21:50
MU5932,迪庆-昆明,B5822,,,,B737,,D,33-计划,REG,REG,,PAX,2017/6/23,,,0,CES,2017/6/23 23:40,DIG,,,,,,2017/6/23 22:35
MU5936,迪庆-昆明,B6142,,MU5935,,B737,,D,33-计划,REG,REG,,PAX,2017/6/23,,,0,CES,2017/6/23 15:20,DIG,,,,,,2017/6/23 14:15
MU5940,拉萨-迪庆-昆明,B6141,,MU9743,DIG,B737,,D,33-计划,REG,REG,,PAX,2017/6/23,,,0,CES,2017/6/23 17:25,LXA,,,,,,2017/6/23 16:20
MU5942,大理-昆明,B5245,,MU5975,,B737,,D,33-计划,REG,REG,,PAX,2017/6/23,,,0,CES,2017/6/23 12:25,DLU,,,,,,2017/6/23 11:30
MU5944,大理-昆明,B5295,,,,B737,,D,33-计划,REG,REG,,PAX,2017/6/23,,,0,CES,2017/6/23 18:40,DLU,,,,,,2017/6/23 17:50
MU5946,澜沧-昆明,B5819,,MU5965,,B737,,D,33-计划,REG,REG,,PAX,2017/6/23,,,0,CES,2017/6/23 10:20,JMJ,,,,,,2017/6/23 9:20
MU5952,腾冲-昆明,B5807,,MU5724,,B737,,D,33-计划,REG,REG,,PAX,2017/6/23,,,0,CES,2017/6/23 20:10,TCZ,,,,,,2017/6/23 18:55
MU5958,临沧-昆明,B5225,,MU5717,,B737,,D,33-计划,REG,REG,,PAX,2017/6/23,,,0,CES,2017/6/23 12:25,LNJ,,,,,,2017/6/23 11:30
MU5960,临沧-昆明,B2640,,,,B737,,D,33-计划,REG,REG,,PAX,2017/6/23,,,0,CES,2017/6/23 18:45,LNJ,,,,,,2017/6/23 17:55
MU5962,临沧-昆明,B2502,,MU9713,,B737,,D,33-计划,REG,REG,,PAX,2017/6/23,,,0,CES,2017/6/23 10:40,LNJ,,,,,,2017/6/23 9:45
MU5964,临沧-昆明,B5231,,MU5732,,B737,,D,33-计划,REG,REG,,PAX,2017/6/23,,,0,CES,2017/6/23 13:35,LNJ,,,,,,2017/6/23 12:40
MU5966,沧源-昆明,B5819,,MU9731,,B737,,D,33-计划,REG,REG,,PAX,2017/6/23,,,0,CES,2017/6/23 14:05,CWJ,,,,,,2017/6/23 13:05
MU5968,临沧-昆明,B5802,,,,B737,,D,33-计划,REG,REG,,PAX,2017/6/23,,,0,CES,2017/6/23 17:00,LNJ,,,,,,2017/6/23 15:55
MU5972,芒市-昆明,B5282,,,,B737,,D,33-计划,REG,REG,,PAX,2017/6/24,,,0,CES,2017/6/24 0:15,LUM,,,,,,2017/6/23 23:15
MU5974,芒市-昆明,B5054,,MU5883,,B737,,D,33-计划,REG,REG,,PAX,2017/6/23,,,0,CES,2017/6/23 13:20,LUM,,,,,,2017/6/23 12:15
MU5976,芒市-昆明,B5245,,,,B737,,D,33-计划,REG,REG,,PAX,2017/6/23,,,0,CES,2017/6/23 16:50,LUM,,,,,,2017/6/23 15:45
MU5982,保山-昆明,B5293,,MU5760,,B737,,D,33-计划,REG,REG,,PAX,2017/6/23,,,0,CES,2017/6/23 15:35,BSD,,,,,,2017/6/23 14:35
MU5984,保山-昆明,B5243,,MU5742,,B737,,D,33-计划,REG,REG,,PAX,2017/6/23,,,0,CES,2017/6/23 18:45,BSD,,,,,,2017/6/23 17:40
MU5986,保山-昆明,B5243,Y,,,B737,,D,33-计划,REG,REG,,PAX,2017/6/23,,,0,CES,2017/6/23 23:05,BSD,,,,,,2017/6/23 22:00
MU5988,保山-昆明,B5267,,MU5920,,B737,,D,33-计划,REG,REG,,PAX,2017/6/23,,,0,CES,2017/6/23 19:30,BSD,,,,,,2017/6/23 18:25
MU5990,重庆-昭通-昆明,B5816,,MU5744,ZAT,B737,,D,33-计划,REG,REG,,PAX,2017/6/23,,,0,CES,2017/6/23 18:20,CKG,,,,,,2017/6/23 17:30
MU734,香港-昆明,B1907,,,,B738,,R,33-计划,REG,REG,,PAX,2017/6/23,,,0,CES,2017/6/23 19:45,HKG,,,,,,2017/6/23 17:05
MU742,曼谷-昆明,B5515,,,,B738,,I,33-计划,REG,REG,,PAX,2017/6/23,,,0,CES,2017/6/23 19:20,BKK,,,,,,2017/6/23 16:45
MU746,金边-南宁-昆明,B6146,,MU5855,NNG,B738,,M,33-计划,REG,REG,,PAX,2017/6/23,,,0,CES,2017/6/23 18:35,PNH,,,,,,2017/6/23 17:15
MU748,大阪-上海-昆明,B1702,,,PVG,B738,,M,33-计划,REG,REG,,PAX,2017/6/24,,,0,CES,2017/6/24 0:25,KIX,,,,,,2017/6/23 21:05
MU754,暹粒-昆明,B5817,,,,B737,,I,33-计划,REG,REG,,PAX,2017/6/23,,,0,CES,2017/6/23 22:00,REP,,,,,,2017/6/23 19:30
MU756,迪拜-昆明,B6123,,MU5811,,A332,,I,33-计划,REG,REG,,PAX,2017/6/23,,,0,CES,2017/6/23 7:30,DXB,,,,,,2017/6/23 1:00
MU758,加德-昆明,B5259,,,,B737,,I,33-计划,REG,REG,,PAX,2017/6/23,,,0,CES,2017/6/23 22:10,KTM,,,,,,2017/6/23 18:50
MU768,旧金山-青岛-昆明,B5903,,,TAO,A332,,M,33-计划,REG,REG,,PAX,2017/6/23,,,0,CES,2017/6/23 21:35,SFO,,,,,,2017/6/23 18:00
MU774,巴黎-昆明,B5930,,MU9751,,A33E,,I,33-计划,REG,REG,,PAX,2017/6/23,,,0,CES,2017/6/23 7:40,CDG,,,,,,2017/6/22 20:50
MU778,悉尼-昆明,B5921,,MU756,,A33E,,I,33-计划,REG,REG,,PAX,2017/6/23,,,0,CES,2017/6/23 5:30,SYD,,,,,,2017/6/22 18:50
MU9714,武汉-宜宾-昆明,B2502,,,YBP,B737,,D,33-计划,REG,REG,,PAX,2017/6/23,,,0,CES,2017/6/23 21:30,WUH,,,,,,2017/6/23 20:25
MU9731,长沙-昆明,B5817,,MU753,,B737,,D,33-计划,REG,REG,,PAX,2017/6/23,,,0,CES,2017/6/23 14:10,HHA,,,,,,2017/6/23 12:00
MU9732,拉萨-昆明,B5819,,MU9732,,B737,,D,33-计划,REG,REG,,PAX,2017/6/23,,,0,CES,2017/6/23 21:15,LXA,,,,,,2017/6/23 18:55
MU9737,芒市-昆明,B5282,,MU5712,,B737,,D,33-计划,REG,REG,,PAX,2017/6/23,,,0,CES,2017/6/23 19:15,LUM,,,,,,2017/6/23 18:05
MU9738,天津-昆明,B5647,,MU5737,,B738,,D,33-计划,REG,REG,,PAX,2017/6/23,,,0,CES,2017/6/23 13:10,TSN,,,,,,2017/6/23 9:35
MU9744,北京-昭通-昆明,B5256,,MU5815,ZAT,B737,,D,33-计划,REG,REG,,PAX,2017/6/23,,,0,CES,2017/6/23 11:45,PEK,,,,,,2017/6/23 10:50
MU9756,保山-昆明,B5828,,,,B737,,D,33-计划,REG,REG,,PAX,2017/6/23,,,0,CES,2017/6/23 11:30,BSD,,,,,,2017/6/23 10:25
NS3269,石家庄-昆明,B5212,,NS3270,,B737,,D,33-计划,REG,REG,,PAX,2017/6/23,,,0,YAG,2017/6/23 19:20,SJW,,,,,,2017/6/23 16:15
O36944,杭州-昆明,B6150,,O36943,,B752,,D,33-计划,REG,REG,,CGO,2017/6/23,,,0,YAG,2017/6/23 8:40,HGH,,,,,,2017/6/23 5:55
OQ2327,重庆-昆明,B2343,,OQ2328,,A320,,D,33-计划,REG,REG,,PAX,2017/6/23,,,1,YAG,2017/6/23 8:43,CKG,,,,,,2017/6/23 7:15
OQ2357,重庆-昆明,B2343,,OQ2358,,A320,,D,33-计划,REG,REG,,PAX,2017/6/23,,,1,YAG,2017/6/23 20:53,CKG,,,,,,2017/6/23 19:25
PN6393,重庆-昆明,B1898,,PN6393,,A320,,D,33-计划,REG,REG,,PAX,2017/6/23,,,0,YAG,2017/6/23 7:55,CKG,,,,,,2017/6/23 6:10
PN6394,版纳-昆明,B1898,,PN6394,,A320,,D,33-计划,REG,REG,,PAX,2017/6/23,,,0,YAG,2017/6/23 11:45,JHG,,,,,,2017/6/23 10:45
QG8816,巴厘岛-昆明,PKGQM,,QG8815,,A320,,I,33-计划,REG,REG,,PAX,2017/6/24,,,0,YAG,2017/6/24 1:15,DPS,,,,,,2017/6/23 19:20
QV815,万象-昆明,RDPL34223,,QV816,,A320,,I,33-计划,REG,REG,,PAX,2017/6/23,,,0,YAG,2017/6/23 9:50,VTE,,,,,,2017/6/23 7:20
QW9855,青岛-屯溪-昆明,B1693,,,TXN,A320,,D,33-计划,REG,REG,,PAX,2017/6/24,,,0,YAG,2017/6/24 0:10,TAO,,,,,,2017/6/23 21:20
SC4695,青岛-南京-昆明,B5526,,SC4696,NKG,B738,,D,33-计划,REG,REG,,PAX,2017/6/23,,,0,YAG,2017/6/23 12:35,TAO,,,,,,2017/6/23 9:40
SC4719,重庆-昆明,B5347,,SC4720,,B738,,D,33-计划,REG,REG,,PAX,2017/6/23,,,0,YAG,2017/6/23 21:30,CKG,,,,,,2017/6/23 19:55
SC4737,青岛-昆明,B1986,,SC4738,,B738,,D,33-计划,REG,REG,,PAX,2017/6/23,,,0,YAG,2017/6/23 20:05,TAO,,,,,,2017/6/23 16:30
SC4769,厦门-昆明,B1985,,SC4770,,B738,,D,33-计划,REG,REG,,PAX,2017/6/23,,,0,YAG,2017/6/23 9:50,XMN,,,,,,2017/6/23 7:10
SC4859,青岛-昆明,B7978,,,,B738,,D,33-计划,REG,REG,,PAX,2017/6/24,,,0,YAG,2017/6/24 1:00,TAO,,,,,,2017/6/23 21:20
SC4873,烟台-济南-昆明,B5117,,SC4874,TNA,B738,,D,33-计划,REG,REG,,PAX,2017/6/23,,,0,YAG,2017/6/23 12:00,YNT,,,,,,2017/6/23 8:50
SC4925,济南-昆明,B7808,,,,B738,,D,33-计划,REG,REG,,PAX,2017/6/24,,,0,YAG,2017/6/24 1:00,TNA,,,,,,2017/6/23 21:45
SC8829,青岛-昆明,B1746,,SC8829,,B738,,D,33-计划,REG,REG,,PAX,2017/6/23,,,0,YAG,2017/6/23 9:45,TAO,,,,,,2017/6/23 6:10
SC8830,德里-昆明,B1746,,SC8830,,B738,,I,33-计划,REG,REG,,PAX,2017/6/23,,,0,YAG,2017/6/23 23:00,DEL,,,,,,2017/6/23 18:15
SC8844,大阪-济南-昆明,B7805,,,TNA,B738,,M,33-计划,REG,REG,,PAX,2017/6/24,,,0,YAG,2017/6/24 0:10,KIX,,,,,,2017/6/23 20:50
SC8885,乌鲁-昆明,B7087,,SC8885,,B738,,D,33-计划,REG,REG,,PAX,2017/6/23,,,0,YAG,2017/6/23 23:30,URC,,,,,,2017/6/23 19:20
SC8886,曼谷-昆明,B7087,,SC8886,,B738,,I,33-计划,REG,REG,,PAX,2017/6/23,,,0,YAG,2017/6/23 5:55,BKK,,,,,,2017/6/23 4:05
TG612,曼谷-昆明,,,TG613,,A333,,I,33-计划,REG,REG,,PAX,2017/6/23,,,0,YAG,2017/6/23 14:05,BKK,,,,,,2017/6/23 11:10
TV6007,兰州-丽江-昆明,B8843,,TV6008,LJG,A320,,D,33-计划,REG,REG,,PAX,2017/6/23,,,0,YAG,2017/6/23 11:45,ZGC,,,,,,2017/6/23 10:45
TV9820,芒市-昆明,B6475,,TV9894,,A319,,D,33-计划,REG,REG,,PAX,2017/6/23,,,0,YAG,2017/6/23 17:50,LUM,,,,,,2017/6/23 16:45
TV9893,拉萨-昆明,B6475,,TV9819,,A319,,D,33-计划,REG,REG,,PAX,2017/6/23,,,0,YAG,2017/6/23 13:25,LXA,,,,,,2017/6/23 11:00
UL828,科伦坡-昆明,,,UL829,,A320,,I,33-计划,REG,REG,,PAX,2017/6/24,,,0,YAG,2017/6/24 1:50,CMB,,,,,,2017/6/23 21:20
UO273,香港-昆明,BLCC,,UO274,,A320,,R,33-计划,REG,REG,,PAX,2017/6/23,,,0,YAG,2017/6/23 11:25,HKG,,,,,,2017/6/23 7:50
UW9944,德里-昆明,B2325,,,,A306,,I,33-计划,REG,REG,,CGO,2017/6/24,,,0,YAG,2017/6/24 1:05,DEL,,,,,,2017/6/23 21:15
ZH9265,西安-昆明,B6565,,ZH9266,,A320,,D,33-计划,REG,REG,,PAX,2017/6/23,,,0,YAG,2017/6/23 11:05,XIY,,,,,,2017/6/23 8:35
ZH9413,深圳-昆明,B5772,,ZH9414,,B738,,D,33-计划,REG,REG,,PAX,2017/6/23,,,0,YAG,2017/6/23 16:30,SZX,,,,,,2017/6/23 14:05
ZH9415,深圳-昆明,B5772,,,,B738,,D,33-计划,REG,REG,,PAX,2017/6/23,,,0,YAG,2017/6/23 22:35,SZX,,,,,,2017/6/23 20:05
ZH9451,广州-昆明,B5360,,,,B737,,D,33-计划,REG,REG,,PAX,2017/6/23,,,0,YAG,2017/6/23 22:45,CAN,,,,,,2017/6/23 20:05
ZH9455,广州-昆明,B6691,,ZH9456,,A320,,D,33-计划,REG,REG,,PAX,2017/6/23,,,0,YAG,2017/6/23 21:30,CAN,,,,,,2017/6/23 18:50
ZH9531,无锡-昆明,B5365,,ZH9532,,B738,,D,33-计划,REG,REG,,PAX,2017/6/23,,,0,YAG,2017/6/23 18:15,WUX,,,,,,2017/6/23 15:10
ZH9533,无锡-昆明,B1602,,ZH9534,,A322,,D,33-计划,REG,REG,,PAX,2017/6/23,,,0,YAG,2017/6/23 14:05,WUX,,,,,,2017/6/23 11:05
ZH9561,南京-昆明,B5400,,ZH9562,,B738,,D,33-计划,REG,REG,,PAX,2017/6/23,,,0,YAG,2017/6/23 11:10,NKG,,,,,,2017/6/23 8:20
ZH9714,沈阳-太原-昆明,B6550,,,TYN,A320,,D,33-计划,REG,REG,,PAX,2017/6/23,,,0,YAG,2017/6/23 23:25,SHE,,,,,,2017/6/23 20:20
ZH9773,南昌-昆明,B6615,,ZH9774,,A320,,D,33-计划,REG,REG,,PAX,2017/6/23,,,0,YAG,2017/6/23 12:25,KHN,,,,,,2017/6/23 9:55
ZH9789,泉州-昆明,B6740,,,,A320,,D,33-计划,REG,REG,,PAX,2017/6/23,,,0,YAG,2017/6/23 16:45,JJN,,,,,,2017/6/23 14:05
ZH9793,泉州-昆明,B9909,,ZH9794,,A322,,D,33-计划,REG,REG,,PAX,2017/6/23,,,0,YAG,2017/6/23 12:40,JJN,,,,,,2017/6/23 10:00
