FLT,RFC,REG,VIP,LKF,VI1,ITY,TAR,TOF,FSA,OPE,POP,RCP,NAT,SDT,FLX,MFF,SST,HDL,STD,DES
3U8107,昆明-常州-青岛,B8329,,3U8667,CZX,A320,,D,33-计划,REG,REG,,PAX,2017/6/27,,,0,YAG,2017/6/27 14:05,TAO
3U8129,昆明-版纳,B6449,,3U8968,,A319,,D,33-计划,REG,REG,,PAX,2017/6/27,,,0,YAG,2017/6/27 9:25,JHG
3U8215,昆明-郑州,B6732,,3U8918,,A320,,D,33-计划,REG,REG,,PAX,2017/6/27,,,0,YAG,2017/6/27 14:40,CGO
3U8221,昆明-南宁-福州,B8331,,3U8723,NNG,A320,,D,33-计划,REG,REG,,PAX,2017/6/27,,,0,YAG,2017/6/27 11:55,FOC
3U8243,昆明-厦门,B6778,,3U8866,,A320,,D,33-计划,REG,REG,,PAX,2017/6/27,,,1,YAG,2017/6/27 15:15,XMN
3U8259,昆明-南京,B1822,,3U8661,,A320,,D,33-计划,REG,REG,,PAX,2017/6/27,,,0,YAG,2017/6/27 11:20,NKG
3U8513,昆明-重庆-兰州,B6325,,3U8108,CKG,A320,,D,33-计划,REG,REG,,PAX,2017/6/27,,,0,YAG,2017/6/27 7:15,ZGC
3U8527,昆明-西安,B6953,,3U8598,,A320,,D,33-计划,REG,REG,,PAX,2017/6/27,,,0,YAG,2017/6/27 23:20,XIY
3U8530,昆明-杭州,B1818,,3U8529,,A320,,D,33-计划,REG,REG,,PAX,2017/6/27,,,0,YAG,2017/6/27 13:05,HGH
3U8553,昆明-重庆-乌鲁,B6719,,3U8762,CKG,A320,,D,33-计划,REG,REG,,PAX,2017/6/27,,,0,YAG,2017/6/27 8:45,URC
3U8597,昆明-太原-哈尔滨,B6953,,3U8554,TYN,A320,,D,33-计划,REG,REG,,PAX,2017/6/27,,,0,YAG,2017/6/27 7:45,HRB
3U8619,昆明-版纳,B6442,,3U8818,,A319,,D,33-计划,REG,REG,,PAX,2017/6/27,,,0,YAG,2017/6/27 21:00,JHG
3U8637,昆明-广州-岘港,B1661,,3U8206,CAN,A320,,M,33-计划,REG,REG,,PAX,2017/6/27,,,0,YAG,2017/6/27 17:05,DAD
3U8662,昆明-成都,B8948,,3U8808,,A320,,D,33-计划,REG,REG,,PAX,2017/6/27,,,0,YAG,2017/6/27 23:00,CTU
3U8668,昆明-成都,B6325,,3U8514,,A320,,D,33-计划,REG,REG,,PAX,2017/6/27,,,0,YAG,2017/6/27 18:20,CTU
3U8669,昆明-成都-石家庄,B8500,,3U8768,CTU,A320,521R,D,33-计划,REG,REG,,PAX,2017/6/27,,,0,YAG,2017/6/27 7:30,SJW
3U8685,昆明-长沙-哈尔滨,B6590,,3U8686,HHA,A321,,D,33-计划,REG,REG,,PAX,2017/6/27,,,0,YAG,2017/6/27 16:00,HRB
3U8709,昆明-万象,B6956,,3U8958,,A320,,I,33-计划,REG,REG,,PAX,2017/6/27,,,0,YAG,2017/6/27 8:50,VTE
3U8724,昆明-北京,B8331,,3U8222,,A320,,D,33-计划,REG,REG,,PAX,2017/6/27,,,0,YAG,2017/6/27 21:50,PEK
3U8761,昆明-无锡,B8326,,3U8948,,A320,,D,33-计划,REG,REG,,PAX,2017/6/27,,,0,YAG,2017/6/27 15:10,WUX
3U8767,昆明-南宁-温州,B8657,,3U8260,NNG,A320,524L,D,33-计划,REG,REG,,PAX,2017/6/27,,,0,YAG,2017/6/27 7:00,WNZ
3U8807,昆明-徐州-沈阳,B8948,,3U8222,XUZ,A320,152,D,33-计划,REG,REG,,PAX,2017/6/27,,,0,YAG,2017/6/27 7:50,SHE
3U8817,昆明-丽江-拉萨,B6442,,3U8818,LJG,A319,521L,D,33-计划,REG,REG,,PAX,2017/6/27,,,0,YAG,2017/6/27 7:30,LXA
3U8823,昆明-南昌,B8500,,3U8670,,A320,,D,33-计划,REG,REG,,PAX,2017/6/27,,,0,YAG,2017/6/27 19:45,KHN
3U8837,昆明-万州-北京,B1665,,3U8838,WXN,A320,,D,33-计划,REG,REG,,PAX,2017/6/27,,,0,YAG,2017/6/27 14:15,PEK
3U8865,昆明-宁波,B6778,,3U8528,,A320,,D,33-计划,REG,REG,,PAX,2017/6/27,,,0,YAG,2017/6/27 7:20,NGB
3U8917,昆明-厦门,B6732,,3U8202,,A320,155,D,33-计划,REG,REG,,PAX,2017/6/27,,,0,YAG,2017/6/27 6:25,XMN
3U8947,昆明-济南,B8326,,3U8824,,A320,,D,33-计划,REG,REG,,PAX,2017/6/27,,,0,YAG,2017/6/27 6:55,TNA
3U8967,昆明-重庆-大连,B6449,,3U8130,CKG,A319,,D,33-计划,REG,REG,,PAX,2017/6/27,,,0,YAG,2017/6/27 13:10,DLC
8L9545,昆明-太原-大同,B5359,,8L9980,TYN,B738,,D,33-计划,REG,REG,,PAX,2017/6/27,,,0,YAG,2017/6/27 7:10,DAT
8L9555,昆明-海口,B6809,,8L9624,,B738,,D,33-计划,REG,REG,,PAX,2017/6/27,,,0,YAG,2017/6/27 23:10,HAK
8L9557,昆明-锦州-哈尔滨,B6015,,8L9974,JNZ,B738,,D,33-计划,REG,REG,,PAX,2017/6/27,,,0,YAG,2017/6/27 6:10,HRB
8L9585,昆明-南宁-巴厘岛,B7167,,8L9992,NNG,B738,322,M,33-计划,REG,REG,,PAX,2017/6/27,,,0,YAG,2017/6/27 7:10,DPS
8L9623,昆明-杭州,B6809,,8L9652,,B738,,D,33-计划,REG,REG,,PAX,2017/6/27,,,0,YAG,2017/6/27 10:45,HGH
8L9637,昆明-苏梅岛,B6221,,8L9644,,A319,,I,33-计划,REG,REG,,PAX,2017/6/27,,,0,YAG,2017/6/27 12:30,USM
8L9643,昆明-芒市,B6221,,8L9870,,A319,,D,33-计划,REG,REG,,PAX,2017/6/27,,,0,YAG,2017/6/27 8:05,LUM
8L9647,昆明-淮安-天津,B1825,,8L9890,HIA,A320,,D,33-计划,REG,REG,,PAX,2017/6/27,,,0,YAG,2017/6/27 7:10,TSN
8L9651,昆明-郑州,B7989,,8L9556,,B738,,D,33-计划,REG,REG,,PAX,2017/6/27,,,0,YAG,2017/6/27 9:50,CGO
8L9685,昆明-凯里-郑州,B5292,,8L9876,KJH,B737,,D,33-计划,REG,REG,,PAX,2017/6/27,,,0,YAG,2017/6/27 7:00,CGO
8L9689,昆明-合肥,B2677,,8L9866,,B738,,D,33-计划,REG,REG,,PAX,2017/6/27,,,0,YAG,2017/6/27 18:45,HFE
8L9697,昆明-普吉,B8446,,8L9986,,A320,,I,33-计划,REG,REG,,PAX,2017/6/27,,,0,YAG,2017/6/27 8:25,HKT
8L9747,昆明-宿务市,B6800,,8L9598,,B738,,I,33-计划,REG,REG,,PAX,2017/6/27,,,0,YAG,2017/6/27 13:40,CEB
8L9801,昆明-丽江,B5825,,8L9804,,B737,,D,33-计划,REG,REG,,PAX,2017/6/27,,,0,YAG,2017/6/27 23:55,LJG
8L9803,昆明-丽江,B5825,,8L9946,,B737,,D,33-计划,REG,REG,,PAX,2017/6/27,,,0,YAG,2017/6/27 7:15,LJG
8L9827,昆明-泸沽湖,B5805,,8L9850,,B737,,D,33-计划,REG,REG,,PAX,2017/6/27,,,0,YAG,2017/6/27 11:05,NLH
8L9841,昆明-普洱,B1563,,8L9907,,B737,321,D,33-计划,REG,REG,,PAX,2017/6/27,,,0,YAG,2017/6/27 9:00,SYM
8L9849,昆明-迪庆,B5805,,8L9903,,B737,,D,33-计划,REG,REG,,PAX,2017/6/27,,,0,YAG,2017/6/27 7:05,DIG
8L9855,昆明-绵阳,B1588,,8L9958,,B738,,D,33-计划,REG,REG,,PAX,2017/6/27,,,0,YAG,2017/6/27 16:10,MIG
8L9857,昆明-腾冲,B5272,,8L9905,,B737,,D,33-计划,REG,REG,,PAX,2017/6/27,,,0,YAG,2017/6/27 13:00,TCZ
8L9863,昆明-重庆-徐州,B6959,,8L9986,CKG,A320,,D,33-计划,REG,REG,,PAX,2017/6/27,,,0,YAG,2017/6/27 7:00,XUZ
8L9865,昆明-济南,B2677,,8L9984,,B738,,D,33-计划,REG,REG,,PAX,2017/6/27,,,0,YAG,2017/6/27 7:10,TNA
8L9869,昆明-武汉-青岛,B7988,,8L9966,WUH,B738,,D,33-计划,REG,REG,,PAX,2017/6/27,,,0,YAG,2017/6/27 14:20,TAO
8L9871,昆明-宜昌-宁波,B5810,,8L9915,YIH,B737,,D,33-计划,REG,REG,,PAX,2017/6/27,,,0,YAG,2017/6/27 13:50,NGB
8L9873,昆明-赣州-杭州,B1586,,8L9884,KOW,B738,,D,33-计划,REG,REG,,PAX,2017/6/27,,,0,YAG,2017/6/27 7:00,HGH
8L9883,昆明-南京,B1563,,8L9934,,B737,,D,33-计划,REG,REG,,PAX,2017/6/27,,,0,YAG,2017/6/27 18:00,NKG
8L9885,昆明-徐州,B5732,,8L9888,,B738,523R,D,33-计划,REG,REG,,PAX,2017/6/27,,,0,YAG,2017/6/27 9:10,XUZ
8L9887,昆明-宜春-上海,B5409,,8L9892,YIC,B738,323,D,33-计划,REG,REG,,PAX,2017/6/27,,,0,YAG,2017/6/27 8:30,SHA
8L9889,昆明-上海,B8446,,8L9698,,A320,,D,33-计划,REG,REG,,PAX,2017/6/27,,,0,YAG,2017/6/27 17:00,PVG
8L9891,昆明-武汉-大连,B7993,,8L9994,WUH,B738,,D,33-计划,REG,REG,,PAX,2017/6/27,,,0,YAG,2017/6/27 10:00,DLC
8L9893,昆明-珠海,B6198,,8L9898,,A319,,D,33-计划,REG,REG,,PAX,2017/6/27,,,0,YAG,2017/6/27 7:15,ZUH
8L9904,昆明-版纳,B5805,,8L9828,,B737,,D,33-计划,REG,REG,,PAX,2017/6/27,,,0,YAG,2017/6/27 15:10,JHG
8L9906,昆明-版纳,B5292,,8L9686,,B737,,D,33-计划,REG,REG,,PAX,2017/6/27,,,1,YAG,2017/6/27 23:10,JHG
8L9916,昆明-版纳,B5810,,8L9802,,B737,,D,33-计划,REG,REG,,PAX,2017/6/27,,,0,YAG,2017/6/27 9:15,JHG
8L9931,昆明-芒市,B5249,,8L9932,,B737,,D,33-计划,REG,REG,,PAX,2017/6/27,,,1,YAG,2017/6/27 17:30,LUM
8L9933,昆明-腾冲,B1563,,8L9842,,B737,,D,33-计划,REG,REG,,PAX,2017/6/27,,,0,YAG,2017/6/27 12:45,TCZ
8L9935,昆明-芒市,B6198,,8L9894,,A319,,D,33-计划,REG,REG,,PAX,2017/6/27,,,1,YAG,2017/6/27 13:05,LUM
8L9945,昆明-成都,B5805,,8L9903,,B737,,D,33-计划,REG,REG,,PAX,2017/6/27,,,1,YAG,2017/6/27 23:55,CTU
8L9947,昆明-成都,B1587,,8L9856,,B738,,D,33-计划,REG,REG,,PAX,2017/6/27,,,0,YAG,2017/6/27 10:25,CTU
8L9955,昆明-郑州,B1586,,8L9874,,B738,,D,33-计划,REG,REG,,PAX,2017/6/27,,,1,YAG,2017/6/27 22:00,CGO
8L9957,昆明-武汉,B1588,,8L9690,,B738,,D,33-计划,REG,REG,,PAX,2017/6/27,,,0,YAG,2017/6/27 7:10,WUH
8L9965,昆明-三亚,B7988,,8L9710,,B738,541,D,33-计划,REG,REG,,PAX,2017/6/27,,,0,YAG,2017/6/27 7:15,SYX
8L9971,昆明-海口,B5359,,8L9546,,B738,,D,33-计划,REG,REG,,PAX,2017/6/27,,,0,YAG,2017/6/27 18:45,HAK
8L9973,昆明-郑州,B5449,,8L9976,,B738,,D,33-计划,REG,REG,,PAX,2017/6/27,,,1,YAG,2017/6/27 7:05,CGO
8L9979,昆明-深圳,B5971,,8L9504,,A333,,D,33-计划,REG,REG,,PAX,2017/6/27,,,1,YAG,2017/6/27 16:20,SZX
8L9983,昆明-西安,B6959,,8L9864,,A320,,D,33-计划,REG,REG,,PAX,2017/6/27,,,0,YAG,2017/6/27 19:30,XIY
8L9985,昆明-太原-呼和,B8445,,8L9988,TYN,A320,,D,33-计划,REG,REG,,PAX,2017/6/27,,,0,YAG,2017/6/27 15:30,HET
8L9987,昆明-北京,B1825,,8L9648,,A320,,D,33-计划,REG,REG,,PAX,2017/6/27,,,1,YAG,2017/6/27 21:30,PEK
8L9993,昆明-西安,B1798,,8L9956,,B738,,D,33-计划,REG,REG,,PAX,2017/6/27,,,0,YAG,2017/6/27 21:55,XIY
8L9995,昆明-银川,B5407,,8L9678,,B738,,D,33-计划,REG,REG,,PAX,2017/6/27,,,1,YAG,2017/6/27 7:45,INC
9C8596,昆明-绵阳-沈阳,B6646,,9C8595,MIG,A320,,D,33-计划,REG,REG,,PAX,2017/6/27,,,0,YAG,2017/6/27 20:35,SHE
9C8730,昆明-扬州泰州,B1657,,9C8729,,A320,,D,33-计划,REG,REG,,PAX,2017/6/27,,,0,YAG,2017/6/27 17:55,YTY
9C8824,昆明-遵义-上海,B8646,,9C8823,ZYI,A320,,D,33-计划,REG,REG,,PAX,2017/6/27,,,0,YAG,2017/6/27 16:35,SHA
9C8828,昆明-芷江-上海,B9965,,9C8827,HJJ,A320,,D,33-计划,REG,REG,,PAX,2017/6/27,,,0,YAG,2017/6/27 12:15,SHA
9C8830,昆明-常德-上海,B8590,,9C8829,CGD,A320,,D,33-计划,REG,REG,,PAX,2017/6/27,,,0,YAG,2017/6/27 19:35,SHA
9C8938,昆明-石家庄,B8012,,9C8937,,A320,,D,33-计划,REG,REG,,PAX,2017/6/27,,,0,YAG,2017/6/27 14:50,SJW
A67105,昆明-南昌,B8285,,A67108,,A321,,D,33-计划,REG,REG,,PAX,2017/6/27,,,0,YAG,2017/6/27 9:40,KHN
A67107,昆明-郑州,B8318,,A67106,,A321,,D,33-计划,REG,REG,,PAX,2017/6/27,,,0,YAG,2017/6/27 18:25,CGO
AK100,昆明-吉隆坡,9MAFF,,AK101,,A320,,I,33-计划,REG,REG,,PAX,2017/6/27,,,0,YAG,2017/6/27 17:55,KUL
B7290,昆明-高雄,B16211,,B7289,,A321,,R,33-计划,REG,REG,,PAX,2017/6/27,,,0,CES,2017/6/27 12:25,KHH
BK2743,昆明-版纳,B1962,,BK2897,,B738,,D,33-计划,REG,REG,,PAX,2017/6/27,,,0,YAG,2017/6/27 14:25,JHG
BK2798,昆明-长沙,B1732,,BK2846,,B738,,D,33-计划,REG,REG,,PAX,2017/6/27,,,0,YAG,2017/6/27 18:10,HHA
BK2845,昆明-合肥,B1732,,BK2797,,B738,,D,33-计划,REG,REG,,PAX,2017/6/27,,,0,YAG,2017/6/27 10:25,HFE
BK2898,昆明-天津,B1962,,BK2744,,B738,,D,33-计划,REG,REG,,PAX,2017/6/27,,,0,YAG,2017/6/27 18:20,TSN
CA1402,昆明-天津,B1528,,CA1401,,B738,,D,33-计划,REG,REG,,PAX,2017/6/27,,,1,YAG,2017/6/27 20:20,TSN
CA1404,昆明-北京,B6498,,CA1403,,B738,,D,33-计划,REG,REG,,PAX,2017/6/27,,,1,YAG,2017/6/27 11:40,PEK
CA1468,昆明-天津,B5572,,CA1467,,B738,,D,33-计划,REG,REG,,PAX,2017/6/27,,,1,YAG,2017/6/27 18:05,TSN
CA1488,昆明-达县-北京,B5213,,CA1487,DAX,B737,,D,33-计划,REG,REG,,PAX,2017/6/27,,,0,YAG,2017/6/27 15:25,PEK
CA1752,昆明-杭州,B8743,,CA1955,,A320,,D,33-计划,REG,REG,,PAX,2017/6/27,,,1,YAG,2017/6/27 12:20,HGH
CA1754,昆明-杭州,B6677,,CA1753,,A320,,D,33-计划,REG,REG,,PAX,2017/6/27,,,1,YAG,2017/6/27 19:40,HGH
CA1938,昆明-上海,B6882,,CA1937,,A320,,D,33-计划,REG,REG,,PAX,2017/6/27,,,0,YAG,2017/6/27 20:25,PVG
CA1956,昆明-温州,B6032,,CA1751,,A319,,D,33-计划,REG,REG,,PAX,2017/6/27,,,1,YAG,2017/6/27 12:05,WNZ
CA1988,昆明-温州,B6773,,CA1987,,A320,,D,33-计划,REG,REG,,PAX,2017/6/27,,,0,YAG,2017/6/27 21:10,WNZ
CA415,昆明-仰光,B6468,,CA415,,A319,,I,33-计划,REG,REG,,PAX,2017/6/27,,,0,YAG,2017/6/27 10:45,RGN
CA416,昆明-成都,B6468,,CA416,,A319,,D,33-计划,REG,REG,,PAX,2017/6/27,,,0,YAG,2017/6/27 17:05,CTU
CA4171,昆明-北京,B1686,,CA4417,,A320,,D,33-计划,REG,REG,,PAX,2017/6/27,,,1,YAG,2017/6/27 7:20,PEK
CA4173,昆明-北京,B1686,,CA4172,,A320,,D,33-计划,REG,REG,,PAX,2017/6/27,,,1,YAG,2017/6/27 17:05,PEK
CA4175,昆明-沈阳,B6767,,CA4174,,A320,,D,33-计划,REG,REG,,PAX,2017/6/27,,,0,YAG,2017/6/27 7:20,SHE
CA4275,昆明-哈尔滨,B8338,,CA4276,,A320,,D,33-计划,REG,REG,,PAX,2017/6/27,,,0,YAG,2017/6/27 15:35,HRB
CA4414,昆明-成都,B6916,,CA4413,,A320,,D,33-计划,REG,REG,,PAX,2017/6/27,,,0,YAG,2017/6/27 13:25,CTU
CA4418,昆明-成都,B9918,,CA4459,,A320,,D,33-计划,REG,REG,,PAX,2017/6/27,,,0,YAG,2017/6/27 8:40,CTU
CA4460,昆明-成都,B6767,,CA4176,,A320,,D,33-计划,REG,REG,,PAX,2017/6/27,,,1,YAG,2017/6/27 21:00,CTU
CA8930,昆明-郑州-大连,B5642,,CA8937,CGO,B738,,D,33-计划,REG,REG,,PAX,2017/6/27,,,0,YAG,2017/6/27 10:25,DLC
CF9017,昆明-南京,B2824,,CF9018,,B757,,D,33-计划,REG,REG,,CGO,2017/6/28,,,0,UNK,2017/6/28 0:05,NKG
CZ3248,昆明-桂林,B5356,,CZ3247,,B738,,D,33-计划,REG,REG,,PAX,2017/6/27,,,0,YAG,2017/6/27 15:00,KWL
CZ3408,昆明-广州,B6685,,CZ3407,,A321,,D,33-计划,REG,REG,,PAX,2017/6/27,,,0,YAG,2017/6/27 17:35,CAN
CZ3410,昆明-广州,B6526,,CZ3409,,A332,,D,33-计划,REG,REG,,PAX,2017/6/27,,,0,YAG,2017/6/27 11:55,CAN
CZ3416,昆明-广州,B1921,,CZ3415,,B738,,D,33-计划,REG,REG,,PAX,2017/6/27,,,0,YAG,2017/6/27 15:00,CAN
CZ3420,昆明-广州,B6202,,CZ3419,,A319,,D,33-计划,REG,REG,,PAX,2017/6/27,,,0,YAG,2017/6/27 7:35,CAN
CZ3432,昆明-海口,B8547,,CZ3431,,A320,,D,33-计划,REG,REG,,PAX,2017/6/27,,,0,YAG,2017/6/27 10:55,HAK
CZ3451,昆明-丽江,B2351,,CZ3451,,A320,,D,33-计划,REG,REG,,PAX,2017/6/27,,,0,YAG,2017/6/27 17:20,LJG
CZ3452,昆明-深圳,B2351,,CZ3452,,A320,,D,33-计划,REG,REG,,PAX,2017/6/27,,,0,YAG,2017/6/27 21:20,SZX
CZ3460,昆明-深圳,B2392,,CZ3459,,A320,,D,33-计划,REG,REG,,PAX,2017/6/27,,,0,YAG,2017/6/27 11:35,SZX
CZ3468,昆明-长沙,B6251,,CZ3467,,A320,,D,33-计划,REG,REG,,PAX,2017/6/27,,,0,YAG,2017/6/27 21:30,HHA
CZ3481,昆明-大理,B6208,,CZ3481,,A319,,D,33-计划,REG,REG,,PAX,2017/6/27,,,0,YAG,2017/6/27 10:30,DLU
CZ3482,昆明-广州,B6208,,CZ3482,,A319,,D,33-计划,REG,REG,,PAX,2017/6/27,,,0,YAG,2017/6/27 14:10,CAN
CZ3487,昆明-丽江,B6290,,CZ3487,,A320,,D,33-计划,REG,REG,,PAX,2017/6/27,,,0,YAG,2017/6/27 16:15,LJG
CZ3488,昆明-广州,B6290,,CZ3488,,A320,,D,33-计划,REG,REG,,PAX,2017/6/27,,,0,YAG,2017/6/27 20:10,CAN
CZ3490,昆明-广州,B6342,,CZ3489,,A321,,D,33-计划,REG,REG,,PAX,2017/6/27,,,0,YAG,2017/6/27 22:10,CAN
CZ3491,昆明-版纳,B2622,,CZ3491,,B737,,D,33-计划,REG,REG,,PAX,2017/6/27,,,0,YAG,2017/6/27 11:35,JHG
CZ3492,昆明-郑州,B2622,,CZ3492,,B737,,D,33-计划,REG,REG,,PAX,2017/6/27,,,0,YAG,2017/6/27 15:30,CGO
CZ3496,昆明-郑州,B2169,,CZ3495,,B737,,D,33-计划,REG,REG,,PAX,2017/6/27,,,0,YAG,2017/6/27 17:40,CGO
CZ3541,昆明-武汉-杭州,B5189,,CZ3542,WUH,B738,,D,33-计划,REG,REG,,PAX,2017/6/27,,,0,YAG,2017/6/27 7:55,HGH
CZ3678,昆明-上海,B6703,,CZ3677,,A320,,D,33-计划,REG,REG,,PAX,2017/6/27,,,0,YAG,2017/6/27 12:05,PVG
CZ3748,昆明-珠海,B1922,,CZ3747,,B738,,D,33-计划,REG,REG,,PAX,2017/6/27,,,0,YAG,2017/6/27 21:40,ZUH
CZ3858,昆明-汕头,B5837,,CZ3857,,B738,,D,33-计划,REG,REG,,PAX,2017/6/27,,,0,YAG,2017/6/27 12:15,SWA
CZ3864,昆明-南宁-汕头,B5721,,CZ3863,NNG,B737,,D,33-计划,REG,REG,,PAX,2017/6/27,,,0,YAG,2017/6/27 21:10,SWA
CZ3902,昆明-北京,B6056,,CZ3901,,A332,,D,33-计划,REG,REG,,PAX,2017/6/27,,,0,YAG,2017/6/27 13:45,PEK
CZ3998,昆明-北京,B6098,,CZ3997,,A333,,D,33-计划,REG,REG,,PAX,2017/6/27,,,0,YAG,2017/6/27 9:15,PEK
CZ6160,昆明-北京,B6628,,CZ6159,,A321,,D,33-计划,REG,REG,,PAX,2017/6/27,,,0,YAG,2017/6/27 20:05,PEK
CZ6270,昆明-西安-哈尔滨,B8847,,CZ6269,XIY,A32E,,D,33-计划,REG,REG,,PAX,2017/6/27,,,0,YAG,2017/6/27 15:50,HRB
CZ6294,昆明-大连-太原,B6896,,CZ6293,DLC,A320,,D,33-计划,REG,REG,,PAX,2017/6/27,,,0,YAG,2017/6/27 17:50,TYN
CZ6369,昆明-版纳,B2916,,CZ6369,,B737,,D,33-计划,REG,REG,,PAX,2017/6/27,,,0,YAG,2017/6/27 16:50,JHG
CZ6370,昆明-郑州,B2916,,CZ6370,,B737,,D,33-计划,REG,REG,,PAX,2017/6/27,,,0,YAG,2017/6/27 21:00,CGO
CZ6404,昆明-重庆-沈阳,B6775,,CZ6403,CKG,A320,,D,33-计划,REG,REG,,PAX,2017/6/27,,,0,YAG,2017/6/27 15:50,SHE
CZ6416,昆明-西安-沈阳,B6815,,CZ6415,XIY,A320,,D,33-计划,REG,REG,,PAX,2017/6/27,,,0,YAG,2017/6/27 20:05,SHE
CZ6426,昆明-武汉-大连,B9958,,CZ6425,WUH,A320,,D,33-计划,REG,REG,,PAX,2017/6/27,,,0,YAG,2017/6/27 13:55,DLC
CZ6460,昆明-重庆-长春,B1652,,CZ6459,CKG,A320,,D,33-计划,REG,REG,,PAX,2017/6/27,,,0,YAG,2017/6/27 16:10,CGQ
CZ6598,昆明-三亚,B8675,,CZ6597,,A321,,D,33-计划,REG,REG,,PAX,2017/6/27,,,0,YAG,2017/6/27 21:05,SYX
CZ6602,昆明-郑州,B2620,,CZ6601,,B737,,D,33-计划,REG,REG,,PAX,2017/6/27,,,0,YAG,2017/6/27 22:10,CGO
CZ6800,昆明-上海,B8869,,CZ6799,,A321,,D,33-计划,REG,REG,,PAX,2017/6/27,,,0,YAG,2017/6/27 19:45,PVG
CZ6924,昆明-深圳,B6379,,CZ6923,,A321,,D,33-计划,REG,REG,,PAX,2017/6/27,,,0,YAG,2017/6/27 22:20,SZX
CZ6950,昆明-重庆-乌鲁,B1952,,CZ6949,CKG,B738,,D,33-计划,REG,REG,,PAX,2017/6/27,,,0,YAG,2017/6/27 17:45,URC
CZ6978,昆明-武汉,B5739,,CZ6977,,B738,,D,33-计划,REG,REG,,PAX,2017/6/27,,,0,YAG,2017/6/27 21:50,WUH
DR5315,昆明-长治-天津,B5829,,DR6516,CIH,B737,158,D,33-计划,REG,REG,,PAX,2017/6/27,,,0,YAG,2017/6/27 7:25,TSN
DR6001,昆明-文山,B5830,,DR6512,,B737,715,D,33-计划,REG,REG,,SPE,2017/6/27,,,0,YAG,2017/6/27 8:00,WNH
DR6008,昆明-文山,B5830,,DR6007,,B737,,D,33-计划,REG,REG,,SPE,2017/6/27,,,0,YAG,2017/6/27 16:00,WNH
DR6501,昆明-芒市,B5812,,DR6508,,B737,,D,33-计划,REG,REG,,PAX,2017/6/27,,,0,YAG,2017/6/27 13:10,LUM
DR6503,昆明-芒市,B5812,,DR6502,,B737,,D,33-计划,REG,REG,,PAX,2017/6/27,,,0,YAG,2017/6/27 17:00,LUM
DR6505,昆明-芒市,B5829,,DR5316,,B737,,D,33-计划,REG,REG,,PAX,2017/6/27,,,0,YAG,2017/6/27 18:30,LUM
DR6507,昆明-芒市,B5812,,DR6578,,B737,706,D,33-计划,REG,REG,,PAX,2017/6/27,,,0,YAG,2017/6/27 9:10,LUM
DR6511,昆明-版纳,B5829,,DR6506,,B737,,D,33-计划,REG,REG,,PAX,2017/6/27,,,0,YAG,2017/6/27 22:40,JHG
DR6521,昆明-成都,B1595,,DR6560,,B738,,D,33-计划,REG,REG,,PAX,2017/6/27,,,0,YAG,2017/6/27 7:00,CTU
DR6523,昆明-丽江,B6109,,DR6580,,B737,,D,33-计划,REG,REG,,PAX,2017/6/27,,,0,YAG,2017/6/27 17:10,LJG
DR6533,昆明-武汉,B7865,,DR6534,,B738,160,D,33-计划,REG,REG,,PAX,2017/6/27,,,0,YAG,2017/6/27 7:20,WUH
DR6537,昆明-兰州,B7088,,DR6592,,B737,,D,33-计划,REG,REG,,PAX,2017/6/27,,,0,YAG,2017/6/27 18:55,ZGC
DR6557,昆明-呼和-沈阳,B7866,,DR6562,HET,B738,,D,33-计划,REG,REG,,PAX,2017/6/27,,,0,YAG,2017/6/27 11:55,SHE
DR6559,昆明-太原-大连,B1593,,DR6570,TYN,B738,,D,33-计划,REG,REG,,PAX,2017/6/27,,,0,YAG,2017/6/27 12:40,DLC
DR6569,昆明-北海,B1593,,DR6522,,B738,157,D,33-计划,REG,REG,,PAX,2017/6/27,,,0,YAG,2017/6/27 7:20,BHY
DR6577,昆明-榆林-沈阳,B5811,,DR6524,UYN,B737,156,D,33-计划,REG,REG,,PAX,2017/6/27,,,0,YAG,2017/6/27 7:15,SHE
DR6579,昆明-芒市,B5812,,DR6504,,B737,,D,33-计划,REG,REG,,PAX,2017/6/27,,,0,YAG,2017/6/27 20:40,LUM
DR6591,昆明-西安,B1597,,DR6538,,B738,,D,33-计划,REG,REG,,PAX,2017/6/27,,,0,YAG,2017/6/27 6:35,XIY
EU2224,昆明-成都,B6850,,EU2226,,A320,,D,33-计划,REG,REG,,PAX,2017/6/27,,,0,YAG,2017/6/27 23:25,CTU
EU2225,昆明-版纳,B6850,,EU2722,,A320,,D,33-计划,REG,REG,,PAX,2017/6/27,,,0,YAG,2017/6/27 19:25,JHG
EU2721,昆明-柳州-厦门,B6850,,EU2223,LZH,A320,,D,33-计划,REG,REG,,PAX,2017/6/27,,,0,YAG,2017/6/27 9:20,XMN
FD583,昆明-廊曼,HSBBE,,FD582,,A320,,I,33-计划,REG,REG,,PAX,2017/6/27,,,0,YAG,2017/6/27 12:30,DMK
FM9398,昆明-长沙-上海,B5799,,FM9397,HHA,B738,,D,33-计划,REG,REG,,PAX,2017/6/27,,,0,CES,2017/6/27 16:10,PVG
FM9430,昆明-衡阳-上海,B1968,,FM9429,HNY,B738,,D,33-计划,REG,REG,,PAX,2017/6/27,,,0,CES,2017/6/27 17:25,PVG
FM9452,昆明-上海,B2563,,FM9451,,B763,,D,33-计划,REG,REG,,PAX,2017/6/27,,,0,CES,2017/6/27 13:50,SHA
FM9453,昆明-版纳,B5261,,FM9453,,B737,,D,33-计划,REG,REG,,PAX,2017/6/27,,,0,CES,2017/6/27 12:55,JHG
FM9454,昆明-上海,B5261,,FM9454,,B737,,D,33-计划,REG,REG,,PAX,2017/6/27,,,0,CES,2017/6/27 16:40,SHA
FM9540,昆明-温州,B5142,,FM9539,,B738,,D,33-计划,REG,REG,,PAX,2017/6/27,,,0,CES,2017/6/27 12:00,WNZ
FM9542,昆明-郑州,B2688,,FM9541,,B738,,D,33-计划,REG,REG,,PAX,2017/6/27,,,0,CES,2017/6/27 11:50,CGO
FU6510,昆明-福州,B1435,,FU6509,,B738,,D,33-计划,REG,REG,,PAX,2017/6/27,,,0,YAG,2017/6/27 22:25,FOC
G52628,昆明-南阳-大连,B3141,,G52627,NNY,CRJ9,,D,33-计划,REG,REG,,PAX,2017/6/27,,,3,YAG,2017/6/27 19:05,DLC
GJ8662,昆明-贵阳-杭州,B1869,,GJ8661,KWE,A320,,D,33-计划,REG,REG,,PAX,2017/6/27,,,0,YAG,2017/6/27 7:30,HGH
GJ8838,昆明-珠海-杭州,B8335,,GJ8837,ZUH,A320,,D,33-计划,REG,REG,,PAX,2017/6/27,,,0,YAG,2017/6/27 18:05,HGH
GJ8871,昆明-临沂-长春,B8148,,GJ8690,LYI,A320,,D,33-计划,REG,REG,,PAX,2017/6/27,,,0,YAG,2017/6/27 8:05,CGQ
GJ8882,昆明-杭州,B1866,,GJ8881,,A320,,D,33-计划,REG,REG,,PAX,2017/6/27,,,0,YAG,2017/6/27 21:25,HGH
GS7662,昆明-西安,B9983,,GS7661,,A320,,D,33-计划,REG,REG,,PAX,2017/6/27,,,0,YAG,2017/6/27 22:50,XIY
GS7856,昆明-天津,B8959,,GS7855,,A330,,D,33-计划,REG,REG,,PAX,2017/6/27,,,0,YAG,2017/6/27 13:25,TSN
GX8982,昆明-南宁,B3178,,GX8981,,E190,,D,33-计划,REG,REG,,PAX,2017/6/27,,,0,YAG,2017/6/27 10:55,NNG
HO1018,昆明-大庸-上海,B6618,,HO1017,DYG,A320,,D,33-计划,REG,REG,,PAX,2017/6/27,,,0,YAG,2017/6/27 19:55,PVG
HO1048,昆明-毕节-杭州,B6340,,HO1047,BFJ,A320,,D,33-计划,REG,REG,,PAX,2017/6/27,,,0,YAG,2017/6/27 19:55,HGH
HO1094,昆明-上海,B6768,,HO1093,,A320,,D,33-计划,REG,REG,,PAX,2017/6/27,,,0,YAG,2017/6/27 7:40,SHA
HO1096,昆明-毕节-上海,B6717,,HO1095,BFJ,A320,,D,33-计划,REG,REG,,PAX,2017/6/27,,,0,YAG,2017/6/27 20:25,PVG
HO1100,昆明-上海,B8408,,HO1099,,A320,,D,33-计划,REG,REG,,PAX,2017/6/27,,,0,YAG,2017/6/27 16:35,SHA
HO1122,昆明-上海,B6640,,HO1121,,A320,,D,33-计划,REG,REG,,PAX,2017/6/27,,,1,YAG,2017/6/27 12:55,SHA
HU7088,昆明-海口,B5136,,HU7087,,B738,,D,33-计划,REG,REG,,PAX,2017/6/27,,,1,YAG,2017/6/27 10:35,HAK
HU7112,昆明-北京,B8015,,HU7111,,A333,,D,33-计划,REG,REG,,PAX,2017/6/27,,,1,YAG,2017/6/27 20:25,PEK
HU7164,昆明-深圳,B1503,,HU7163,,B738,,D,33-计划,REG,REG,,PAX,2017/6/27,,,1,YAG,2017/6/27 11:25,SZX
HU7212,昆明-北京,B2490,,HU7211,,B763,,D,33-计划,REG,REG,,PAX,2017/6/27,,,0,YAG,2017/6/27 12:55,PEK
HU7236,昆明-广州,B5372,,HU7235,,B738,,D,33-计划,REG,REG,,PAX,2017/6/27,,,0,YAG,2017/6/27 22:20,CAN
HU7312,昆明-北京,B6061,,HU7311,,B738,,D,33-计划,REG,REG,,PAX,2017/6/27,,,0,YAG,2017/6/27 7:10,PEK
JD5156,昆明-丽江,B8171,,JD5155,,A320,,D,33-计划,REG,REG,,PAX,2017/6/27,,,0,YAG,2017/6/27 16:05,LJG
JD5158,昆明-杭州,B8678,,JD5157,,A330,,D,33-计划,REG,REG,,PAX,2017/6/27,,,0,YAG,2017/6/27 14:30,HGH
JD5166,昆明-丽江,B6182,,JD5792,,A319,,D,33-计划,REG,REG,,PAX,2017/6/27,,,0,YAG,2017/6/27 15:50,LJG
JD5790,昆明-版纳,B1622,,JD5789,,A320,,D,33-计划,REG,REG,,PAX,2017/6/27,,,0,YAG,2017/6/27 12:20,JHG
JD5791,昆明-芒市,B6182,,JD5165,,A319,,D,33-计划,REG,REG,,PAX,2017/6/27,,,0,YAG,2017/6/27 11:45,LUM
KA761,昆明-香港,BHLL,,KA760,,A330,,R,33-计划,REG,REG,,PAX,2017/6/27,,,1,YAG,2017/6/27 15:20,HKG
KN2382,昆明-石家庄,B1990,,KN5211,,B738,,D,33-计划,REG,REG,,PAX,2017/6/27,,,0,CES,2017/6/27 20:55,SJW
KN5212,昆明-汉中-南苑,B1753,,KN2381,HZG,B738,,D,33-计划,REG,REG,,PAX,2017/6/27,,,0,CES,2017/6/27 11:10,NAY
KY8203,昆明-南京,B2669,,KY8220,,B737,,D,33-计划,REG,REG,,PAX,2017/6/27,,,0,YAG,2017/6/27 12:00,NKG
KY8205,昆明-济南-哈尔滨,B5025,,KY8206,TNA,B737,,D,33-计划,REG,REG,,PAX,2017/6/27,,,0,YAG,2017/6/27 9:05,HRB
KY8209,昆明-版纳,B7870,,KY8256,,B737,,D,33-计划,REG,REG,,PAX,2017/6/27,,,0,YAG,2017/6/27 12:55,JHG
KY8219,昆明-深圳,B2669,,KY8204,,B737,,D,33-计划,REG,REG,,PAX,2017/6/27,,,0,YAG,2017/6/27 21:25,SZX
KY8221,昆明-重庆,B1507,,KY8274,,B738,,D,33-计划,REG,REG,,PAX,2017/6/27,,,0,YAG,2017/6/27 17:25,CKG
KY8231,昆明-丽江,B7871,,KY8252,,B737,,D,33-计划,REG,REG,,PAX,2017/6/27,,,0,YAG,2017/6/27 16:40,LJG
KY8233,昆明-太原,B5702,,KY8308,,B738,,D,33-计划,REG,REG,,PAX,2017/6/27,,,0,YAG,2017/6/27 13:55,TYN
KY8235,昆明-杭州,B5673,,KY8266,,B738,519L,D,33-计划,REG,REG,,PAX,2017/6/27,,,0,YAG,2017/6/27 8:15,HGH
KY8239,昆明-青岛,B7089,,KY8284,,B738,,D,33-计划,REG,REG,,PAX,2017/6/27,,,0,YAG,2017/6/27 16:20,TAO
KY8243,昆明-普洱,B5026,,KY8298,,B737,,D,33-计划,REG,REG,,PAX,2017/6/27,,,0,YAG,2017/6/27 18:15,SYM
KY8245,昆明-芒市,B2678,,KY8340,,B737,,D,33-计划,REG,REG,,PAX,2017/6/27,,,0,YAG,2017/6/27 15:00,LUM
KY8247,昆明-芒市,B5026,,KY8244,,B737,,D,33-计划,REG,REG,,PAX,2017/6/27,,,0,YAG,2017/6/27 21:55,LUM
KY8249,昆明-丽江,B7872,,KY8316,,B737,,D,33-计划,REG,REG,,PAX,2017/6/27,,,0,YAG,2017/6/27 20:10,LJG
KY8251,昆明-保山,B7871,,KY8232,,B737,,D,33-计划,REG,REG,,PAX,2017/6/27,,,0,YAG,2017/6/27 7:55,BSD
KY8253,昆明-西安,B6492,,KY8222,,B738,,D,33-计划,REG,REG,,PAX,2017/6/27,,,0,YAG,2017/6/27 8:10,XIY
KY8255,昆明-临沧,B7870,,KY8210,,B737,,D,33-计划,REG,REG,,PAX,2017/6/27,,,0,YAG,2017/6/27 8:50,LNJ
KY8257,昆明-郑州,B6495,,KY8276,,B738,,D,33-计划,REG,REG,,PAX,2017/6/27,,,0,YAG,2017/6/27 8:25,CGO
KY8265,昆明-杭州,B5673,,KY8236,,B738,,D,33-计划,REG,REG,,PAX,2017/6/27,,,0,YAG,2017/6/27 16:50,HGH
KY8269,昆明-丽江,B1459,,KY8314,,B737,,D,33-计划,REG,REG,,PAX,2017/6/27,,,0,YAG,2017/6/27 19:10,LJG
KY8273,昆明-武汉,B1507,,KY8286,,B738,,D,33-计划,REG,REG,,PAX,2017/6/27,,,0,YAG,2017/6/27 10:20,WUH
KY8281,昆明-上海,B6492,,KY8254,,B738,,D,33-计划,REG,REG,,PAX,2017/6/27,,,0,YAG,2017/6/27 14:40,PVG
KY8283,昆明-上海,B7089,,KY8240,,B738,,D,33-计划,REG,REG,,PAX,2017/6/27,,,0,YAG,2017/6/27 7:40,PVG
KY8285,昆明-广州,B1507,,KY8222,,B738,,D,33-计划,REG,REG,,PAX,2017/6/27,,,0,YAG,2017/6/27 22:40,CAN
KY8295,昆明-重庆-南通,B1991,,KY8282,CKG,B738,,D,33-计划,REG,REG,,PAX,2017/6/27,,,0,YAG,2017/6/27 7:05,NTG
KY8297,昆明-石家庄-长春,B2679,,KY8270,SJW,B737,,D,33-计划,REG,REG,,PAX,2017/6/27,,,0,YAG,2017/6/27 9:40,CGQ
KY8301,昆明-惠州,B2678,,KY8246,,B737,,D,33-计划,REG,REG,,PAX,2017/6/27,,,0,YAG,2017/6/27 18:40,HUZ
KY8307,昆明-南昌,B6495,,KY8258,,B738,,D,33-计划,REG,REG,,PAX,2017/6/27,,,0,YAG,2017/6/27 16:50,KHN
KY8313,昆明-腾冲,B1459,,KY8302,,B737,,D,33-计划,REG,REG,,PAX,2017/6/27,,,0,YAG,2017/6/27 8:00,TCZ
KY8315,昆明-腾冲,B7872,,KY8250,,B737,,D,33-计划,REG,REG,,PAX,2017/6/27,,,0,YAG,2017/6/27 7:20,TCZ
KY8321,昆明-成都,B6491,,KY8262,,B738,523L,D,33-计划,REG,REG,,PAX,2017/6/27,,,0,YAG,2017/6/27 8:15,CTU
KY8333,昆明-西安-大连,B7873,,KY8334,XIY,B738,,D,33-计划,REG,REG,,PAX,2017/6/27,,,0,YAG,2017/6/27 9:50,DLC
KY8337,昆明-临汾,B6493,,KY8234,,B738,,D,33-计划,REG,REG,,PAX,2017/6/27,,,0,YAG,2017/6/27 10:40,LFQ
KY8339,昆明-运城,B2678,,KY8248,,B737,,D,33-计划,REG,REG,,PAX,2017/6/27,,,0,YAG,2017/6/27 8:10,YCU
KY8341,昆明-厦门-南宁,B2667,,KY8342,XMN,B737,,D,33-计划,REG,REG,,PAX,2017/6/27,,,0,YAG,2017/6/27 9:15,NNG
KY8361,昆明-合艾,B6491,,KY8322,,B738,,I,33-计划,REG,REG,,PAX,2017/6/27,,,0,YAG,2017/6/27 14:10,HDY
MF8406,昆明-厦门,B5847,,MF8405,,B738,,D,33-计划,REG,REG,,PAX,2017/6/27,,,5,YAG,2017/6/27 11:50,XMN
MF8418,昆明-厦门,B5605,,MF8417,,B738,,D,33-计划,REG,REG,,PAX,2017/6/27,,,4,YAG,2017/6/27 15:40,XMN
MF8428,昆明-福州,B5791,,MF8427,,B738,,D,33-计划,REG,REG,,PAX,2017/6/27,,,5,YAG,2017/6/27 12:20,FOC
MF8430,昆明-厦门,B5605,,MF8429,,B738,,D,33-计划,REG,REG,,PAX,2017/6/27,,,5,YAG,2017/6/27 8:05,XMN
MF8462,昆明-武汉-杭州,B6889,,MF8461,WUH,B738,,D,33-计划,REG,REG,,PAX,2017/6/27,,,5,YAG,2017/6/27 19:15,HGH
MF8476,昆明-福州,B5552,,MF8475,,B738,,D,33-计划,REG,REG,,PAX,2017/6/27,,,3,YAG,2017/6/27 20:15,FOC
MI915,昆明-新加坡,9VMGE,,MI916,,B738,,I,33-计划,REG,REG,,PAX,2017/6/27,,,2,YAG,2017/6/27 19:15,SIN
MU2027,昆明-台北,B1789,,MU2594,,B738,506,R,33-计划,REG,REG,,PAX,2017/6/27,,,0,CES,2017/6/27 8:15,TPE
MU2029,昆明-曼德勒,B5527,,MU9738,,B738,,I,33-计划,REG,REG,,PAX,2017/6/27,,,0,CES,2017/6/27 14:45,MDL
MU2031,昆明-仰光,B1908,,MU5842,,B738,,I,33-计划,REG,REG,,PAX,2017/6/27,,,0,CES,2017/6/27 13:55,RGN
MU2035,昆明-达卡,B6148,,MU2035,,B738,,I,33-计划,REG,REG,,PAX,2017/6/27,,,0,CES,2017/6/27 13:00,DAC
MU2036,昆明-北京,B6148,,MU2036,,B738,,D,33-计划,REG,REG,,PAX,2017/6/27,,,0,CES,2017/6/27 20:30,PEK
MU215,昆明-南京-温哥华,B8226,,MU216,NKG,A33H,134,M,33-计划,REG,REG,,PAX,2017/6/27,,,0,CES,2017/6/27 9:10,YVR
MU2178,昆明-宁波,B6880,,MU2177,,A320,,D,33-计划,REG,REG,,PAX,2017/6/27,,,0,CES,2017/6/27 18:25,NGB
MU2182,昆明-西安,B6372,,MU2181,,A320,,D,33-计划,REG,REG,,PAX,2017/6/27,,,0,CES,2017/6/27 11:15,XIY
MU2206,昆明-银川,B6877,,MU2205,,A320,,D,33-计划,REG,REG,,PAX,2017/6/27,,,0,CES,2017/6/27 11:35,INC
MU2208,昆明-西安,B6372,,MU2207,,A320,,D,33-计划,REG,REG,,PAX,2017/6/27,,,0,CES,2017/6/27 18:10,XIY
MU2246,昆明-西宁,B6876,,MU2245,,A320,,D,33-计划,REG,REG,,PAX,2017/6/27,,,0,CES,2017/6/27 23:15,XNN
MU2250,昆明-兰州,B8395,,MU2249,,A320,,D,33-计划,REG,REG,,PAX,2017/6/27,,,0,CES,2017/6/27 10:35,ZGC
MU2263,昆明-西安-沈阳,B5647,Y,MU5738,XIY,B738,,D,33-计划,REG,REG,,PAX,2017/6/27,,,0,CES,2017/6/27 9:45,SHE
MU2360,昆明-西宁,B6876,,MU2359,,A320,,D,33-计划,REG,REG,,PAX,2017/6/27,,,0,CES,2017/6/27 10:20,XNN
MU2362,昆明-西安,B1838,,MU2361,,A325,,D,33-计划,REG,REG,,PAX,2017/6/27,,,0,CES,2017/6/27 21:30,XIY
MU2486,昆明-武汉,B7876,,MU2485,,B738,,D,33-计划,REG,REG,,PAX,2017/6/27,,,0,CES,2017/6/27 15:25,WUH
MU2494,昆明-武汉-温州,B1535,,MU2497,WUH,B738,,D,33-计划,REG,REG,,PAX,2017/6/27,,,0,CES,2017/6/27 11:20,WNZ
MU2496,昆明-成都,B5199,,MU2495,,B737,,D,33-计划,REG,REG,,PAX,2017/6/27,,,0,CES,2017/6/27 10:10,CTU
MU2498,昆明-武汉,B1535,,MU2493,,B738,,D,33-计划,REG,REG,,PAX,2017/6/27,,,0,CES,2017/6/27 23:20,WUH
MU2561,昆明-琅勃,B5295,,MU5741,,B737,,I,33-计划,REG,REG,,PAX,2017/6/27,,,0,CES,2017/6/27 14:05,LPQ
MU2567,昆明-曼德勒,B5795,,MU742,,B738,507,I,33-计划,REG,REG,,PAX,2017/6/27,,,0,CES,2017/6/27 10:30,MDL
MU2568,昆明-广州,B5527,,MU2568,,B738,,D,33-计划,REG,REG,,PAX,2017/6/27,,,0,CES,2017/6/27 22:05,CAN
MU2571,昆明-加德,B5259,,MU5966,,B737,,I,33-计划,REG,REG,,PAX,2017/6/27,,,0,CES,2017/6/27 16:05,KTM
MU2575,昆明-河内,B5809,,MU5974,,B737,,I,33-计划,REG,REG,,PAX,2017/6/27,,,0,CES,2017/6/27 15:05,HAN
MU2581,昆明-岘港,B1788,,MU714,,B738,,I,33-计划,REG,REG,,PAX,2017/6/27,,,0,CES,2017/6/27 13:20,DAD
MU2585,昆明-胡市,B5242,,MU5737,,B737,,I,33-计划,REG,REG,,PAX,2017/6/27,,,0,CES,2017/6/27 15:50,SGN
MU2587,昆明-奈比多,B6143,,MU2587,,B738,,I,33-计划,REG,REG,,PAX,2017/6/27,,,0,CES,2017/6/27 14:10,NYT
MU2588,昆明-北京,B6143,,MU2588,,B738,,D,33-计划,REG,REG,,PAX,2017/6/27,,,0,CES,2017/6/27 20:25,PEK
MU2589,昆明-万象,B1790,,MU5720,,B738,,I,33-计划,REG,REG,,PAX,2017/6/27,,,0,CES,2017/6/27 8:05,VTE
MU2591,昆明-普吉,B6758,,MU5455,,A320,,I,33-计划,REG,REG,,PAX,2017/6/28,,,0,CES,2017/6/28 1:20,HKT
MU2593,昆明-清迈,B6249,,MU5764,,B738,,I,33-计划,REG,REG,,PAX,2017/6/27,,,0,CES,2017/6/27 14:30,CNX
MU2599,昆明-金边,B5816,,MU9731,,B737,,I,33-计划,REG,REG,,PAX,2017/6/27,,,0,CES,2017/6/27 16:20,PNH
MU2705,昆明-丽江,B8017,,MU2705,,A319,,D,33-计划,REG,REG,,PAX,2017/6/27,,,0,CES,2017/6/27 11:30,LJG
MU2706,昆明-南京,B8017,,MU2706,,A319,,D,33-计划,REG,REG,,PAX,2017/6/27,,,0,CES,2017/6/27 15:35,NKG
MU2716,昆明-长沙-南京,B6892,,MU2715,HHA,A320,,D,33-计划,REG,REG,,PAX,2017/6/27,,,0,CES,2017/6/27 17:10,NKG
MU2726,昆明-南京,B6757,,MU2765,,A320,,D,33-计划,REG,REG,,PAX,2017/6/27,,,0,CES,2017/6/27 8:30,NKG
MU2736,昆明-长沙-南京,B6891,,MU2735,HHA,A320,,D,33-计划,REG,REG,,PAX,2017/6/27,,,0,CES,2017/6/27 19:35,NKG
MU2746,昆明-长沙-南京,B8018,,MU2745,HHA,A320,,D,33-计划,REG,REG,,PAX,2017/6/27,,,0,CES,2017/6/27 21:10,NKG
MU2755,昆明-版纳,B6462,,MU2755,,A319,,D,33-计划,REG,REG,,PAX,2017/6/27,,,0,CES,2017/6/27 21:05,JHG
MU2756,昆明-南京,B6463,,MU2756,,A319,,D,33-计划,REG,REG,,PAX,2017/6/27,,,0,CES,2017/6/27 10:40,NKG
MU2766,昆明-南京-长春,B6893,,MU2995,NKG,A320,,D,33-计划,REG,REG,,PAX,2017/6/27,,,0,CES,2017/6/27 7:35,CGQ
MU2786,昆明-南京,B6757,,MU2725,,A320,,D,33-计划,REG,REG,,PAX,2017/6/27,,,0,CES,2017/6/27 16:30,NKG
MU2976,昆明-重庆-无锡,B6890,,MU2975,CKG,A320,,D,33-计划,REG,REG,,PAX,2017/6/27,,,0,CES,2017/6/27 14:25,WUX
MU2986,昆明-无锡,B2220,,MU2985,,A320,,D,33-计划,REG,REG,,PAX,2017/6/27,,,0,CES,2017/6/27 20:10,WUX
MU2996,昆明-重庆-无锡,B2220,,MU5746,CKG,A320,,D,33-计划,REG,REG,,PAX,2017/6/27,,,0,CES,2017/6/27 7:45,WUX
MU5077,昆明-曼谷,B8973,,MU5077,,A320,,I,33-计划,REG,REG,,PAX,2017/6/27,,,0,CES,2017/6/27 16:10,BKK
MU5078,昆明-合肥,B8973,,MU5078,,A320,,D,33-计划,REG,REG,,PAX,2017/6/28,,,0,CES,2017/6/28 0:55,HFE
MU5146,昆明-太原,B1723,,MU5229,,B738,,D,33-计划,REG,REG,,PAX,2017/6/27,,,0,CES,2017/6/27 21:30,TYN
MU5230,昆明-温州,B1773,,MU5145,,B738,,D,33-计划,REG,REG,,PAX,2017/6/27,,,0,CES,2017/6/27 22:25,WNZ
MU5299,昆明-太原-北京,B5258,,MU5292,TYN,B737,,D,33-计划,REG,REG,,PAX,2017/6/27,,,0,CES,2017/6/27 16:15,PEK
MU5328,昆明-九华山-济南,B2207,,MU5327,JUH,A320,,D,33-计划,REG,REG,,PAX,2017/6/27,,,0,CES,2017/6/27 16:20,TNA
MU5330,昆明-合肥,B1862,,MU5329,,A320,,D,33-计划,REG,REG,,PAX,2017/6/27,,,0,CES,2017/6/27 18:40,HFE
MU5438,昆明-南充-上海,B6423,,MU5437,NAO,A319,,D,33-计划,REG,REG,,PAX,2017/6/27,,,0,CES,2017/6/27 15:40,PVG
MU5450,昆明-重庆,B8391,,MU5463,,A320,,D,33-计划,REG,REG,,PAX,2017/6/27,,,0,CES,2017/6/27 22:15,CKG
MU5454,昆明-武汉-宁波,B6758,,MU5453,WUH,A320,,D,33-计划,REG,REG,,PAX,2017/6/27,,,0,CES,2017/6/27 14:15,NGB
MU5456,昆明-宁波,B1860,Y,MU5455,,A320,,D,33-计划,REG,REG,,PAX,2017/6/27,,,0,CES,2017/6/27 9:30,NGB
MU5464,昆明-合肥-上海,B1611,,MU5449,HFE,A320,,D,33-计划,REG,REG,,PAX,2017/6/27,,,0,CES,2017/6/27 9:35,PVG
MU5470,昆明-南昌,B1613,,MU5469,,A320,,D,33-计划,REG,REG,,PAX,2017/6/27,,,0,CES,2017/6/27 10:50,KHN
MU5472,昆明-重庆-济南,B8556,,MU5471,CKG,A320,,D,33-计划,REG,REG,,PAX,2017/6/27,,,0,CES,2017/6/27 20:50,TNA
MU5475,昆明-合肥,B6802,,MU5476,,A320,,D,33-计划,REG,REG,,PAX,2017/6/27,,,0,CES,2017/6/27 12:00,HFE
MU5480,昆明-武汉-青岛,B2333,,MU5479,WUH,A319,,D,33-计划,REG,REG,,PAX,2017/6/27,,,0,CES,2017/6/27 20:20,TAO
MU5498,昆明-青岛,B2208,,MU5497,,A320,,D,33-计划,REG,REG,,PAX,2017/6/27,,,0,CES,2017/6/27 11:55,TAO
MU5532,昆明-南昌-上海,B8276,,MU5465,KHN,A320,,D,33-计划,REG,REG,,PAX,2017/6/27,,,0,CES,2017/6/27 16:10,PVG
MU5548,昆明-景德镇-杭州,B2415,,MU5547,JDZ,A320,,D,33-计划,REG,REG,,PAX,2017/6/27,,,0,CES,2017/6/27 17:25,HGH
MU555,昆明-加尔,B2229,,MU555,,A320,,I,33-计划,REG,REG,,PAX,2017/6/27,,,0,CES,2017/6/27 23:35,CCU
MU5576,昆明-郑州-烟台,B2338,,MU5575,CGO,A320,,D,33-计划,REG,REG,,PAX,2017/6/27,,,0,CES,2017/6/27 18:25,YNT
MU5588,昆明-福州-上海,B9906,,MU5505,FOC,A321,,D,33-计划,REG,REG,,PAX,2017/6/27,,,0,CES,2017/6/27 16:05,PVG
MU5618,昆明-南昌,B6009,,MU5617,,A320,,D,33-计划,REG,REG,,PAX,2017/6/27,,,0,CES,2017/6/27 22:20,KHN
MU5645,昆明-版纳,B6797,,MU5645,,A322,,D,33-计划,REG,REG,,PAX,2017/6/27,,,0,CES,2017/6/27 18:55,JHG
MU5646,昆明-杭州,B6797,,MU5646,,A322,,D,33-计划,REG,REG,,PAX,2017/6/27,,,0,CES,2017/6/27 23:00,HGH
MU5656,昆明-杭州,B6870,,MU5712,,A320,,D,33-计划,REG,REG,,PAX,2017/6/27,,,0,CES,2017/6/27 21:15,HGH
MU5706,昆明-版纳,B5265,,MU5884,,B737,,D,33-计划,REG,REG,,PAX,2017/6/27,,,0,CES,2017/6/27 23:25,JHG
MU5707,昆明-北京,B7170,Y,MU5830,,B738,,D,33-计划,REG,REG,,PAX,2017/6/27,,,1,CES,2017/6/27 16:00,PEK
MU5711,昆明-北京,B6870,,MU5655,,A320,,D,33-计划,REG,REG,,PAX,2017/6/27,,,0,CES,2017/6/27 11:50,PEK
MU5712,昆明-芒市,B5231,,MU9737,,B737,,D,33-计划,REG,REG,,PAX,2017/6/27,,,0,CES,2017/6/27 21:35,LUM
MU5713,昆明-北京,B7590,,MU5850,,B738,512,D,33-计划,REG,REG,,PAX,2017/6/27,,,0,CES,2017/6/27 8:30,PEK
MU5714,昆明-普洱,B6141,,MU5940,,B737,,D,33-计划,REG,REG,,PAX,2017/6/27,,,0,CES,2017/6/27 18:35,SYM
MU5715,昆明-北京,B6147,,MU784,,B738,,D,33-计划,REG,REG,,PAX,2017/6/27,,,0,CES,2017/6/27 20:10,PEK
MU5717,昆明-腾冲,B5802,,MU5757,,B737,,D,33-计划,REG,REG,,PAX,2017/6/27,,,0,CES,2017/6/27 13:40,TCZ
MU5718,昆明-北京,B1790,,MU5758,,B738,,D,33-计划,REG,REG,,PAX,2017/6/27,,,0,CES,2017/6/27 21:00,PEK
MU5719,昆明-北京,B7592,,MU5802,,B738,,D,33-计划,REG,REG,,PAX,2017/6/27,,,0,CES,2017/6/27 17:20,PEK
MU5721,昆明-黔江-北京,B5276,,MU9756,JIQ,B737,,D,33-计划,REG,REG,,PAX,2017/6/27,,,0,CES,2017/6/27 12:35,PEK
MU5723,昆明-西安,B7589,,MU5862,,B738,,D,33-计划,REG,REG,,PAX,2017/6/27,,,1,CES,2017/6/27 14:10,XIY
MU5724,昆明-版纳,B5809,,MU2576,,B737,,D,33-计划,REG,REG,,PAX,2017/6/27,,,0,CES,2017/6/27 21:35,JHG
MU5725,昆明-乌鲁,B5819,,MU5846,,B737,503,D,33-计划,REG,REG,,PAX,2017/6/27,,,0,CES,2017/6/27 14:25,URC
MU5731,昆明-广州,B8496,,MU5810,,A320,,D,33-计划,REG,REG,,PAX,2017/6/27,,,0,CES,2017/6/27 8:00,CAN
MU5732,昆明-西昌,B5245,Y,MU5882,,B737,,D,33-计划,REG,REG,,PAX,2017/6/27,,,0,CES,2017/6/27 14:50,XIC
MU5733,昆明-广州,B6145,,MU5818,,B738,,D,33-计划,REG,REG,,PAX,2017/6/27,,,0,CES,2017/6/27 23:15,CAN
MU5734,昆明-版纳,B5817,,MU5734,,B737,,D,33-计划,REG,REG,,PAX,2017/6/27,,,0,CES,2017/6/27 22:05,JHG
MU5737,昆明-广州,B5756,,MU5776,,B738,,D,33-计划,REG,REG,,PAX,2017/6/27,,,0,CES,2017/6/27 15:35,CAN
MU5739,昆明-广州,B5231,,MU5912,,B737,,D,33-计划,REG,REG,,PAX,2017/6/27,,,0,CES,2017/6/27 11:05,CAN
MU5740,昆明-大理,B5242,,MU5892,,B737,,D,33-计划,REG,REG,,PAX,2017/6/27,,,0,CES,2017/6/27 11:50,DLU
MU5741,昆明-广州,B1792,,MU5716,,B738,,D,33-计划,REG,REG,,PAX,2017/6/27,,,0,CES,2017/6/27 13:05,CAN
MU5742,昆明-保山,B5270,,MU5990,,B737,,D,33-计划,REG,REG,,PAX,2017/6/27,,,0,CES,2017/6/27 19:55,BSD
MU5743,昆明-广州,B1703,,MU5852,,B738,,D,33-计划,REG,REG,,PAX,2017/6/27,,,0,CES,2017/6/27 13:35,CAN
MU5744,昆明-丽江,B5295,,MU2562,,B737,,D,33-计划,REG,REG,,PAX,2017/6/27,,,0,CES,2017/6/27 21:15,LJG
MU5745,昆明-三亚,B6637,,MU5748,,A320,,D,33-计划,REG,REG,,PAX,2017/6/27,,,0,CES,2017/6/27 19:00,SYX
MU5747,昆明-天津,B6637,,MU2785,,A320,,D,33-计划,REG,REG,,PAX,2017/6/27,,,0,CES,2017/6/27 9:45,TSN
MU5748,昆明-版纳,B5263,,MU5964,,B737,,D,33-计划,REG,REG,,PAX,2017/6/27,,,0,CES,2017/6/27 19:05,JHG
MU5749,昆明-长沙-盐城,B1791,,MU5717,HHA,B738,,D,33-计划,REG,REG,,PAX,2017/6/27,,,0,CES,2017/6/27 13:15,YNZ
MU5757,昆明-深圳,B1790,,MU2590,,B738,,D,33-计划,REG,REG,,PAX,2017/6/27,,,0,CES,2017/6/27 14:00,SZX
MU5759,昆明-深圳,B7599,,MU5750,,B738,,D,33-计划,REG,REG,,PAX,2017/6/27,,,0,CES,2017/6/27 10:00,SZX
MU5760,昆明-大理,B5282,,MU5982,,B737,,D,33-计划,REG,REG,,PAX,2017/6/27,,,0,CES,2017/6/27 17:05,DLU
MU5763,昆明-深圳,B1703,,MU5744,,B738,,D,33-计划,REG,REG,,PAX,2017/6/27,,,0,CES,2017/6/27 22:00,SZX
MU5764,昆明-芒市,B5817,,MU5811,,B737,,D,33-计划,REG,REG,,PAX,2017/6/27,,,0,CES,2017/6/27 12:10,LUM
MU5771,昆明-广州,B7590,,MU5714,,B738,,D,33-计划,REG,REG,,PAX,2017/6/27,,,0,CES,2017/6/27 18:50,CAN
MU5775,昆明-广州,B5756,,MU5704,,B738,,D,33-计划,REG,REG,,PAX,2017/6/27,,,0,CES,2017/6/27 8:40,CAN
MU5781,昆明-厦门,B5701,,MU5844,,B738,,D,33-计划,REG,REG,,PAX,2017/6/27,,,0,CES,2017/6/27 16:35,XMN
MU5799,昆明-洛阳-大连,B5225,,MU5884,LYA,B737,712,D,33-计划,REG,REG,,PAX,2017/6/27,,,0,CES,2017/6/27 8:45,DLC
MU5801,昆明-上海,B7592,,MU5824,,B738,,D,33-计划,REG,REG,,PAX,2017/6/27,,,1,CES,2017/6/27 8:00,SHA
MU5802,昆明-腾冲,B5822,,MU5719,,B737,,D,33-计划,REG,REG,,PAX,2017/6/27,,,0,CES,2017/6/27 17:15,TCZ
MU5803,昆明-上海,B5243,,MU5715,,B737,,D,33-计划,REG,REG,,PAX,2017/6/27,,,0,CES,2017/6/27 20:20,SHA
MU5805,昆明-上海,B5683,,MU2032,,B738,509,D,33-计划,REG,REG,,PAX,2017/6/27,,,0,CES,2017/6/27 9:00,SHA
MU5809,昆明-上海,B8496,,MU5732,,A320,,D,33-计划,REG,REG,,PAX,2017/6/27,,,0,CES,2017/6/27 15:00,SHA
MU5811,昆明-上海,B7591,,MU5744,,B738,508,D,33-计划,REG,REG,,PAX,2017/6/27,,,0,CES,2017/6/27 12:00,SHA
MU5812,昆明-迪庆,B5821,,MU5718,,B737,,D,33-计划,REG,REG,,PAX,2017/6/27,,,0,CES,2017/6/27 20:50,DIG
MU5813,昆明-上海,B7599,,MU5760,,B738,,D,33-计划,REG,REG,,PAX,2017/6/27,,,0,CES,2017/6/27 17:30,SHA
MU5817,昆明-兴义-上海,B6145,,MU5848,ACX,B738,,D,33-计划,REG,REG,,PAX,2017/6/27,,,1,CES,2017/6/27 9:35,SHA
MU5821,昆明-东胜-哈尔滨,B1907,,MU5782,DSN,B738,,D,33-计划,REG,REG,,PAX,2017/6/27,,,0,CES,2017/6/27 8:20,HRB
MU5823,昆明-郑州,B1789,,MU2028,,B738,,D,33-计划,REG,REG,,PAX,2017/6/27,,,0,CES,2017/6/27 17:35,CGO
MU5829,昆明-郑州,B7170,,MU5822,,B738,,D,33-计划,REG,REG,,PAX,2017/6/27,,,0,CES,2017/6/27 8:20,CGO
MU5831,昆明-郑州,B5796,,MU2264,,B738,,D,33-计划,REG,REG,,PAX,2017/6/27,,,0,CES,2017/6/27 12:15,CGO
MU5841,昆明-成都,B1908,,MU5854,,B738,,D,33-计划,REG,REG,,PAX,2017/6/27,,,1,CES,2017/6/27 8:00,CTU
MU5843,昆明-成都,B5701,,MU2567,,B738,,D,33-计划,REG,REG,,PAX,2017/6/27,,,0,CES,2017/6/27 11:00,CTU
MU5845,昆明-成都,B5820,,MU5726,,B737,,D,33-计划,REG,REG,,PAX,2017/6/27,,,0,CES,2017/6/27 9:00,CTU
MU5847,昆明-成都,B1792,,MU5742,,B738,,D,33-计划,REG,REG,,PAX,2017/6/27,,,0,CES,2017/6/27 19:55,CTU
MU5849,昆明-成都,B5795,,MU2030,,B738,,D,33-计划,REG,REG,,PAX,2017/6/27,,,0,CES,2017/6/27 16:30,CTU
MU5851,昆明-成都,B5828,,MU754,,B737,,D,33-计划,REG,REG,,PAX,2017/6/27,,,0,CES,2017/6/27 10:00,CTU
MU5853,昆明-成都,B5683,,MU5806,,B738,,D,33-计划,REG,REG,,PAX,2017/6/27,,,0,CES,2017/6/27 18:00,CTU
MU5855,昆明-成都,B7591,,MU5812,,B738,,D,33-计划,REG,REG,,PAX,2017/6/27,,,0,CES,2017/6/27 21:05,CTU
MU5861,昆明-重庆,B7589,,MU5766,,B738,,D,33-计划,REG,REG,,PAX,2017/6/27,,,0,CES,2017/6/27 8:05,CKG
MU5869,昆明-宜宾-青岛,B2503,,MU5898,YBP,B737,,D,33-计划,REG,REG,,PAX,2017/6/27,,,0,CES,2017/6/27 8:00,TAO
MU5881,昆明-铜仁-上海,B5267,,MU5988,TEN,B737,,D,33-计划,REG,REG,,PAX,2017/6/27,,,0,CES,2017/6/27 14:25,SHA
MU5883,昆明-湛江,B5265,,MU5723,,B737,,D,33-计划,REG,REG,,PAX,2017/6/27,,,0,CES,2017/6/27 17:45,ZHA
MU5885,昆明-湛江,B5807,,MU5913,,B737,,D,33-计划,REG,REG,,PAX,2017/6/27,,,0,CES,2017/6/27 8:40,ZHA
MU5891,昆明-普洱,B5242,,MU5972,,B737,714,D,33-计划,REG,REG,,PAX,2017/6/27,,,0,CES,2017/6/27 7:55,SYM
MU5893,昆明-普洱,B5243,,MU5922,,B737,,D,33-计划,REG,REG,,PAX,2017/6/27,,,0,CES,2017/6/27 10:10,SYM
MU5897,昆明-普洱,B5821,,MU5856,,B737,,D,33-计划,REG,REG,,PAX,2017/6/27,,,0,CES,2017/6/27 17:10,SYM
MU5901,昆明-版纳,B5295,,MU5741,,B737,708L,D,33-计划,REG,REG,,PAX,2017/6/27,,,0,CES,2017/6/27 8:20,JHG
MU5903,昆明-版纳,B5265,,MU5804,,B737,,D,33-计划,REG,REG,,PAX,2017/6/27,,,0,CES,2017/6/27 8:50,JHG
MU5911,昆明-版纳,B5245,,MU5970,,B737,,D,33-计划,REG,REG,,PAX,2017/6/27,,,0,CES,2017/6/27 22:10,JHG
MU5915,昆明-版纳,B5815,,MU5763,,B737,,D,33-计划,REG,REG,,PAX,2017/6/27,,,0,CES,2017/6/27 21:35,JHG
MU5919,昆明-丽江,B5822,,MU5743,,B737,,D,33-计划,REG,REG,,PAX,2017/6/27,,,0,CES,2017/6/27 13:15,LJG
MU5920,昆明-丽江,B5822,,MU5952,,B737,,D,33-计划,REG,REG,,PAX,2017/6/27,,,0,CES,2017/6/27 22:05,LJG
MU5921,昆明-丽江,B5271,,MU5914,,B737,,D,33-计划,REG,REG,,PAX,2017/6/27,,,0,CES,2017/6/27 7:05,LJG
MU5927,昆明-文山,B5255,,MU5990,,B737,710,D,33-计划,REG,REG,,PAX,2017/6/27,,,0,CES,2017/6/27 10:20,WNH
MU5929,昆明-文山,B2502,,MU5960,,B737,,D,33-计划,REG,REG,,PAX,2017/6/27,,,0,CES,2017/6/27 19:50,WNH
MU5931,昆明-迪庆,B5817,,MU5932,,B737,,D,33-计划,REG,REG,,PAX,2017/6/27,,,0,CES,2017/6/27 7:55,DIG
MU5935,昆明-迪庆,B6142,,MU5968,,B737,,D,33-计划,REG,REG,,PAX,2017/6/27,,,0,CES,2017/6/27 18:05,DIG
MU5939,昆明-迪庆-拉萨,B6141,,MU758,DIG,B737,112,D,33-计划,REG,REG,,PAX,2017/6/27,,,0,CES,2017/6/27 9:00,LXA
MU5941,昆明-大理,B5815,,MU5800,,B737,,D,33-计划,REG,REG,,PAX,2017/6/27,,,0,CES,2017/6/27 8:10,DLU
MU5943,昆明-大理,B5256,,MU5986,,B737,,D,33-计划,REG,REG,,PAX,2017/6/27,,,0,CES,2017/6/27 7:40,DLU
MU5957,昆明-临沧,B2640,,MU9714,,B737,511,D,33-计划,REG,REG,,PAX,2017/6/27,,,0,CES,2017/6/27 9:35,LNJ
MU5959,昆明-临沧,B2502,,MU5930,,B737,,D,33-计划,REG,REG,,PAX,2017/6/27,,,0,CES,2017/6/27 16:25,LNJ
MU5961,昆明-临沧,B5282,,MU5968,,B737,513,D,33-计划,REG,REG,,PAX,2017/6/27,,,0,CES,2017/6/27 8:10,LNJ
MU5963,昆明-临沧,B5263,,MU9742,,B737,,D,33-计划,REG,REG,,PAX,2017/6/27,,,0,CES,2017/6/27 14:55,LNJ
MU5965,昆明-沧源,B5259,,MU5960,,B737,504,D,33-计划,REG,REG,,PAX,2017/6/27,,,0,CES,2017/6/27 11:25,CWJ
MU5967,昆明-临沧,B6142,,MU5942,,B737,,D,33-计划,REG,REG,,PAX,2017/6/27,,,0,CES,2017/6/27 13:40,LNJ
MU5969,昆明-昭通,B5245,,MU5771,,B737,,D,33-计划,REG,REG,,PAX,2017/6/27,,,0,CES,2017/6/27 18:50,ZAT
MU5971,昆明-芒市,B5802,,MU5902,,B737,713,D,33-计划,REG,REG,,PAX,2017/6/27,,,0,CES,2017/6/27 9:25,LUM
MU5973,昆明-芒市,B5809,,MU5747,,B737,,D,33-计划,REG,REG,,PAX,2017/6/27,,,0,CES,2017/6/27 10:25,LUM
MU5975,昆明-芒市,B2640,,MU5958,,B737,,D,33-计划,REG,REG,,PAX,2017/6/27,,,0,CES,2017/6/27 13:55,LUM
MU5981,昆明-保山,B5282,,MU5962,,B737,,D,33-计划,REG,REG,,PAX,2017/6/27,,,0,CES,2017/6/27 13:00,BSD
MU5985,昆明-保山,B5822,,MU5936,,B737,,D,33-计划,REG,REG,,PAX,2017/6/27,,,0,CES,2017/6/27 8:55,BSD
MU5987,昆明-保山,B5267,,MU5916,,B737,,D,33-计划,REG,REG,,PAX,2017/6/27,,,0,CES,2017/6/27 8:15,BSD
MU5989,昆明-昭通-重庆,B5270,,MU5711,ZAT,B737,,D,33-计划,REG,REG,,PAX,2017/6/27,,,0,CES,2017/6/27 11:25,CKG
MU733,昆明-香港,B5293,,MU5733,,B737,,R,33-计划,REG,REG,,PAX,2017/6/27,,,0,CES,2017/6/27 14:30,HKG
MU741,昆明-曼谷,B6149,,MU5740,,B738,,I,33-计划,REG,REG,,PAX,2017/6/27,,,0,CES,2017/6/27 13:00,BKK
MU747,昆明-上海-大阪,B1702,,MU748,PVG,B738,,M,33-计划,REG,REG,,PAX,2017/6/27,,,0,CES,2017/6/27 7:50,KIX
MU755,昆明-迪拜,B5921,,MU755,,A33E,,I,33-计划,REG,REG,,PAX,2017/6/27,,,0,CES,2017/6/27 15:20,DXB
MU757,昆明-加德,B5255,,MU5928,,B737,,I,33-计划,REG,REG,,PAX,2017/6/27,,,0,CES,2017/6/27 14:25,KTM
MU767,昆明-青岛-旧金山,B5902,,MU5369,TAO,A33E,,M,33-计划,REG,REG,,PAX,2017/6/27,,,0,CES,2017/6/27 8:25,SFO
MU783,昆明-南宁-万象,B6147,,MU5742,NNG,B738,318,M,33-计划,REG,REG,,PAX,2017/6/27,,,0,CES,2017/6/27 8:30,VTE
MU9715,昆明-武汉,B7600,,MU5772,,B738,,D,33-计划,REG,REG,,PAX,2017/6/27,,,0,CES,2017/6/27 15:20,WUH
MU9731,昆明-拉萨,B5807,,MU5886,,B737,,D,33-计划,REG,REG,,PAX,2017/6/27,,,0,CES,2017/6/27 15:15,LXA
MU9732,昆明-长沙,B5807,,MU9732,,B737,,D,33-计划,REG,REG,,PAX,2017/6/27,,,0,CES,2017/6/27 22:25,HHA
MU9737,昆明-天津,B5796,,MU5832,,B738,,D,33-计划,REG,REG,,PAX,2017/6/27,,,0,CES,2017/6/27 21:10,TSN
MU9738,昆明-芒市,B5243,,MU5894,,B737,,D,33-计划,REG,REG,,PAX,2017/6/27,,,0,CES,2017/6/27 16:00,LUM
MU9741,昆明-保山-北京,B5820,,MU5936,BSD,B737,,D,33-计划,REG,REG,,PAX,2017/6/27,,,0,CES,2017/6/27 17:30,PEK
MU9751,昆明-北京,B5926,,MU774,,A33E,,D,33-计划,REG,REG,,PAX,2017/6/27,,,0,CES,2017/6/27 14:00,PEK
MU9755,昆明-保山,B5276,,MU734,,B737,510,D,33-计划,REG,REG,,PAX,2017/6/27,,,0,CES,2017/6/27 8:30,BSD
NS3270,昆明-石家庄,B5212,,NS3269,,B737,,D,33-计划,REG,REG,,PAX,2017/6/27,,,0,YAG,2017/6/27 20:25,SJW
O36943,昆明-杭州,B2828,,O36944,,B757,,D,33-计划,REG,REG,,CGO,2017/6/28,,,0,YAG,2017/6/28 1:15,HGH
OQ2328,昆明-重庆,B6248,,OQ2327,,A319,,D,33-计划,REG,REG,,PAX,2017/6/27,,,1,YAG,2017/6/27 9:50,CKG
OQ2358,昆明-重庆,B6246,,OQ2357,,A319,,D,33-计划,REG,REG,,PAX,2017/6/27,,,1,YAG,2017/6/27 22:00,CKG
PN6393,昆明-版纳,B8845,,PN6393,,A320,,D,33-计划,REG,REG,,PAX,2017/6/27,,,0,YAG,2017/6/27 8:55,JHG
PN6394,昆明-重庆,B8845,,PN6394,,A320,,D,33-计划,REG,REG,,PAX,2017/6/27,,,0,YAG,2017/6/27 12:45,CKG
QV816,昆明-万象,RDPL34223,,QV815,,A320,,I,33-计划,REG,REG,,PAX,2017/6/27,,,0,YAG,2017/6/27 10:50,VTE
QW9856,昆明-屯溪-青岛,B1693,,QW9855,TXN,A320,,D,33-计划,REG,REG,,PAX,2017/6/27,,,0,YAG,2017/6/27 6:55,TAO
SC4696,昆明-南京-青岛,B5531,,SC4695,NKG,B738,,D,33-计划,REG,REG,,PAX,2017/6/27,,,0,YAG,2017/6/27 13:40,TAO
SC4720,昆明-重庆,B5725,,SC4719,,B738,,D,33-计划,REG,REG,,PAX,2017/6/27,,,0,YAG,2017/6/27 22:35,CKG
SC4738,昆明-青岛,B1743,,SC4737,,B738,,D,33-计划,REG,REG,,PAX,2017/6/27,,,0,YAG,2017/6/27 20:55,TAO
SC4770,昆明-厦门,B1982,,SC4769,,B738,,D,33-计划,REG,REG,,PAX,2017/6/27,,,0,YAG,2017/6/27 11:20,XMN
SC4860,昆明-青岛,B7978,,SC8844,,B738,,D,33-计划,REG,REG,,PAX,2017/6/27,,,0,YAG,2017/6/27 6:55,TAO
SC4874,昆明-济南-烟台,B5335,,SC4873,TNA,B738,,D,33-计划,REG,REG,,PAX,2017/6/27,,,0,YAG,2017/6/27 12:50,YNT
SC4926,昆明-济南,B7809,,SC4925,,B738,,D,33-计划,REG,REG,,PAX,2017/6/27,,,0,YAG,2017/6/27 6:50,TNA
SC8843,昆明-济南-大阪,B7976,,SC4859,TNA,B738,,M,33-计划,REG,REG,,PAX,2017/6/27,,,0,YAG,2017/6/27 6:50,KIX
SC8885,昆明-曼谷,B6986,,SC8885,,B738,,I,33-计划,REG,REG,,PAX,2017/6/28,,,0,YAG,2017/6/28 1:00,BKK
SC8886,昆明-乌鲁,B1745,,SC8886,,B738,,D,33-计划,REG,REG,,PAX,2017/6/27,,,0,YAG,2017/6/27 7:25,URC
TV6008,昆明-丽江-兰州,B8419,,TV6007,LJG,A320,,D,33-计划,REG,REG,,PAX,2017/6/27,,,0,YAG,2017/6/27 13:20,ZGC
TV9819,昆明-芒市,B6467,,TV9893,,A319,,D,33-计划,REG,REG,,PAX,2017/6/27,,,0,YAG,2017/6/27 14:45,LUM
TV9894,昆明-拉萨,B6467,,TV9820,,A319,,D,33-计划,REG,REG,,PAX,2017/6/27,,,0,YAG,2017/6/27 20:15,LXA
UO274,昆明-香港,BLPF,,UO273,,A320,,R,33-计划,REG,REG,,PAX,2017/6/27,,,0,YAG,2017/6/27 12:10,HKG
UW9941,昆明-达卡,B2325,,UW9944,,A306,,I,33-计划,REG,REG,,CGO,2017/6/28,,,0,YAG,2017/6/28 1:30,DAC
UW9945,昆明-孟买,B2330,,UW9948,,A306,,I,33-计划,REG,REG,,CGO,2017/6/27,,,0,YAG,2017/6/27 15:00,BOM
VN737,昆明-芽庄,VNA,,VN736,,A321,,I,33-计划,REG,REG,,PAX,2017/6/28,,,0,CES,2017/6/28 2:05,CXR
ZH9266,昆明-西安,B6571,,ZH9265,,A320,,D,33-计划,REG,REG,,PAX,2017/6/27,,,0,YAG,2017/6/27 12:45,XIY
ZH9412,昆明-深圳,B6937,,ZH9411,,A322,,D,33-计划,REG,REG,,PAX,2017/6/27,,,0,YAG,2017/6/27 11:00,SZX
ZH9414,昆明-深圳,B5771,,ZH9413,,B738,,D,33-计划,REG,REG,,PAX,2017/6/27,,,0,YAG,2017/6/27 17:30,SZX
ZH9416,昆明-深圳,B5360,,ZH9451,,B737,,D,33-计划,REG,REG,,PAX,2017/6/27,,,0,YAG,2017/6/27 8:45,SZX
ZH9452,昆明-广州,B5775,,ZH9415,,B738,,D,33-计划,REG,REG,,PAX,2017/6/27,,,0,YAG,2017/6/27 9:05,CAN
ZH9454,昆明-广州,B6565,,ZH9453,,A320,,D,33-计划,REG,REG,,PAX,2017/6/27,,,0,YAG,2017/6/27 17:10,CAN
ZH9456,昆明-广州,B5361,,ZH9455,,B738,,D,33-计划,REG,REG,,PAX,2017/6/27,,,0,YAG,2017/6/27 22:45,CAN
ZH9532,昆明-无锡,B5773,,ZH9531,,B738,,D,33-计划,REG,REG,,PAX,2017/6/27,,,0,YAG,2017/6/27 19:20,WUX
ZH9534,昆明-无锡,B8413,,ZH9533,,A320,,D,33-计划,REG,REG,,PAX,2017/6/27,,,0,YAG,2017/6/27 15:10,WUX
ZH9562,昆明-南京,B5400,,ZH9561,,B738,,D,33-计划,REG,REG,,PAX,2017/6/27,,,0,YAG,2017/6/27 12:10,NKG
ZH9713,昆明-太原-沈阳,B6563,,ZH9455,TYN,A320,,D,33-计划,REG,REG,,PAX,2017/6/27,,,0,YAG,2017/6/27 10:05,SHE
ZH9774,昆明-南昌,B6749,,ZH9773,,A320,,D,33-计划,REG,REG,,PAX,2017/6/27,,,0,YAG,2017/6/27 13:30,KHN
ZH9790,昆明-泉州,B6615,,ZH9714,,A320,,D,33-计划,REG,REG,,PAX,2017/6/27,,,0,YAG,2017/6/27 9:05,JJN
ZH9794,昆明-泉州,B6377,,ZH9793,,A320,,D,33-计划,REG,REG,,PAX,2017/6/27,,,0,YAG,2017/6/27 13:40,JJN
