FLT,REG,VIP,TAR,ITY,LKF,RFC,ORG,VI1,TOF,STP,ABP,STA,ETA,TDT,FSA,ATA,SDT,RCP,OPE,POP,CAR,NAT,FLX,MFF,SST,HDL
"MU774","B5926","","","A33E","MU9751","巴黎-昆明","CDG","","I","2017/7/6 20:50","","7:40","7:36","","32-准时","","2017/7/7","","REG","REG","","PAX","","","00","CES"
"UW9942","B2325","","","A306","UW9937","达卡-昆明","DAC","","I","2017/7/7 6:00","","8:00","15:40","","32-准时","","2017/7/7","飞机晚到原因","DEL","DEL","","CGO","","","00","YAG"
"MU778","B5930","","","A33E","MU756","悉尼-昆明","SYD","","I","2017/7/6 18:50","","5:30","","","33-计划","","2017/7/7","","REG","REG","","PAX","","","00","CES"
"MU556","B6001","","","A320","MU556","加尔-昆明","CCU","","I","2017/7/7 3:00","","5:45","","","33-计划","","2017/7/7","","REG","REG","","PAX","","","00","CES"
"MU2592","B6011","","","A320","MU5456","普吉-昆明","HKT","","I","2017/7/7 2:55","","5:50","","","33-计划","","2017/7/7","","REG","REG","","PAX","","","00","CES"
"SC8886","B1745","","","B738","SC8886","曼谷-昆明","BKK","","I","2017/7/7 4:05","","5:55","","","33-计划","","2017/7/7","","REG","REG","","PAX","","","00","YAG"
"MU756","B5921","","","A33E","MU5853","迪拜-昆明","DXB","","I","2017/7/7 1:00","","7:30","","","33-计划","","2017/7/7","","REG","REG","","PAX","","","00","CES"
"8L9905","B5292","","","B737","8L9921","版纳-昆明","JHG","","D","2017/7/7 6:50","","7:50","","","33-计划","","2017/7/7","","REG","REG","","PAX","","","00","YAG"
"8L9802","B6959","","","A320","8L9845","丽江-昆明","LJG","","D","2017/7/7 6:55","","7:55","","","33-计划","","2017/7/7","","REG","REG","","PAX","","","00","YAG"
"PN6393","B6743","","","A320","PN6393","重庆-昆明","CKG","","D","2017/7/7 6:10","","7:55","","","33-计划","","2017/7/7","","REG","REG","","PAX","","","00","YAG"
"8L9584","B6800","","","B738","8L9633","马尼拉-昆明","MNL","","I","2017/7/7 4:40","","8:05","","","33-计划","","2017/7/7","","REG","REG","","PAX","","","00","YAG"
"EU2223","B6229","","","A319","EU2721","成都-昆明","CTU","","D","2017/7/7 6:45","","8:20","","","33-计划","","2017/7/7","","REG","REG","","PAX","","","00","YAG"
"MU5449","B6012","","","A320","MU5464","重庆-昆明","CKG","","D","2017/7/7 6:50","","8:25","","","33-计划","","2017/7/7","","REG","REG","","PAX","","","00","CES"
"UW9938","B2330","","","A306","UW9933","马德拉斯-昆明","MAA","","I","2017/7/7 4:35","","8:25","","","33-计划","","2017/7/7","","REG","REG","","CGO","","","00","YAG"
"8L9856","B6015","","","B738","8L9651","绵阳-昆明","MIG","","D","2017/7/7 7:05","","8:35","","","33-计划","","2017/7/7","","REG","REG","","PAX","","","00","YAG"
"MU5747","B5295","","","B737","MU5973","版纳-昆明","JHG","","D","2017/7/7 7:30","","8:35","","","33-计划","","2017/7/7","","REG","REG","","PAX","","","00","CES"
"O36944","B2817","","","B757","O36943","杭州-昆明","HGH","","D","2017/7/7 5:55","","8:40","","","33-计划","","2017/7/7","","REG","REG","","CGO","","","00","YAG"
"OQ2327","B1826","","","A320","OQ2328","重庆-昆明","CKG","","D","2017/7/7 7:15","","8:43","","","33-计划","","2017/7/7","","REG","REG","","PAX","","","00","YAG"
"3U8638","B6322","","","A320","3U8201","岘港-广州-昆明","DAD","CAN","M","2017/7/7 6:15","","8:45","","","33-计划","","2017/7/7","","REG","REG","","PAX","","","00","YAG"
"8L9556","B8732","","","A320","8L9947","海口-昆明","HAK","","D","2017/7/7 7:00","","8:50","","","33-计划","","2017/7/7","","REG","REG","","PAX","","","00","YAG"
"8L9994","B1588","","","B738","8L9883","西安-昆明","XIY","","D","2017/7/7 6:25","","8:50","","","33-计划","","2017/7/7","","REG","REG","","PAX","","","00","YAG"
"CF9018","B2827","","","B757","CF9017","南京-昆明","NKG","","D","2017/7/7 6:00","","8:55","","","33-计划","","2017/7/7","","REG","REG","","CGO","","","00","UNK"
"DZ6311","B1533","","","B738","DZ6313","珠海-昆明","ZUH","","D","2017/7/7 7:00","","8:55","","","33-计划","","2017/7/7","","REG","REG","","PAX","","","00","YAG"
"MU5852","B1791","","","B738","MU5741","成都-昆明","CTU","","D","2017/7/7 7:10","","8:55","","","33-计划","","2017/7/7","","REG","REG","","PAX","","","00","CES"
"3U8661","B6388","","","A320","3U8227","成都-昆明","CTU","","D","2017/7/7 7:20","","9:00","","","33-计划","","2017/7/7","","REG","REG","","PAX","","","00","YAG"
"MU2567","B1908","","","B738","MU2567","广州-昆明","CAN","","D","2017/7/7 6:30","","9:05","","","33-计划","","2017/7/7","","REG","REG","","PAX","","","00","CES"
"BK2797","B6026","","","B738","BK2715","长沙-昆明","HHA","","D","2017/7/7 7:05","","9:10","","","33-计划","","2017/7/7","","REG","REG","","PAX","","","00","YAG"
"CA415","B6227","","","A319","CA415","成都-昆明","CTU","","D","2017/7/7 7:40","","9:15","","","33-计划","","2017/7/7","","REG","REG","","PAX","","","00","YAG"
"KY8286","B6493","","","B738","KY8273","广州-昆明","CAN","","D","2017/7/7 6:45","","9:15","","","33-计划","","2017/7/7","","REG","REG","","PAX","","","00","YAG"
"CZ3481","B6209","","","A319","CZ3481","广州-昆明","CAN","","D","2017/7/7 7:00","","9:18","","","33-计划","","2017/7/7","","REG","REG","","PAX","","","00","YAG"
"MU2359","B2372","","","A320","MU2360","西宁-昆明","XNN","","D","2017/7/7 7:05","","9:20","","","33-计划","","2017/7/7","","REG","REG","","PAX","","","00","CES"
"MU5764","B6143","","","B738","MU5811","深圳-昆明","SZX","","D","2017/7/7 6:55","","9:25","","","33-计划","","2017/7/7","","REG","REG","","PAX","","","00","CES"
"MU2249","B6871","","","A320","MU2250","兰州-昆明","ZGC","","D","2017/7/7 7:15","","9:30","","","33-计划","","2017/7/7","","REG","REG","","PAX","","","00","CES"
"HU7087","B5371","","","B738","HU7088","海口-昆明","HAK","","D","2017/7/7 7:40","","9:35","","","33-计划","","2017/7/7","","REG","REG","","PAX","","","00","YAG"
"MU2495","B7031","","","B738","MU2496","成都-昆明","CTU","","D","2017/7/7 7:55","","9:35","","","33-计划","","2017/7/7","","REG","REG","","PAX","","","00","CES"
"8L9915","B5268","","","B737","8L9519","版纳-昆明","JHG","","D","2017/7/7 8:40","","9:40","","","33-计划","","2017/7/7","","REG","REG","","PAX","","","00","YAG"
"MU2756","B6472","","","A319","MU2756","版纳-昆明","JHG","","D","2017/7/7 8:40","","9:40","","","33-计划","","2017/7/7","","REG","REG","","PAX","","","00","CES"
"ZH9411","B5380","","","B738","ZH9412","深圳-昆明","SZX","","D","2017/7/7 7:10","","9:40","","","33-计划","","2017/7/7","","REG","REG","","PAX","","","00","YAG"
"8L9652","B7993","","","B738","8L9869","郑州-昆明","CGO","","D","2017/7/7 7:05","","9:45","","","33-计划","","2017/7/7","","REG","REG","","PAX","","","00","YAG"
"SC8829","B1508","","","B738","SC8829","青岛-昆明","TAO","","D","2017/7/7 6:10","","9:45","","","33-计划","","2017/7/7","","REG","REG","","PAX","","","00","YAG"
"CZ3431","B8675","","","A321","CZ3432","海口-昆明","HAK","","D","2017/7/7 8:05","","9:48","","","33-计划","","2017/7/7","","REG","REG","","PAX","","","00","YAG"
"MU5469","B6013","","","A320","MU5470","南昌-昆明","KHN","","D","2017/7/7 7:20","","9:50","","","33-计划","","2017/7/7","","REG","REG","","PAX","","","00","CES"
"QV815","RDPL34223","","","A320","QV816","万象-昆明","VTE","","I","2017/7/7 7:20","","9:50","","","33-计划","","2017/7/7","","REG","REG","","PAX","","","00","YAG"
"SC4769","B1510","","","B738","SC4770","厦门-昆明","XMN","","D","2017/7/7 7:10","","9:50","","","33-计划","","2017/7/7","","REG","REG","","PAX","","","00","YAG"
"8L9850","B5825","","","B737","8L9923","迪庆-昆明","DIG","","D","2017/7/7 8:50","","9:55","","","33-计划","","2017/7/7","","REG","REG","","PAX","","","00","YAG"
"MU5711","B5097","","","B737","MU5989","版纳-昆明","JHG","","D","2017/7/7 8:50","","9:55","","","33-计划","","2017/7/7","","REG","REG","","PAX","","","00","CES"
"3U8034","B6778","","","A320","3U8245","丽江-昆明","LJG","","D","2017/7/7 8:55","","9:55","","","33-计划","","2017/7/7","","REG","REG","","PAX","","","00","YAG"
"KN2381","B7371","","","B738","KN5212","石家庄-昆明","SJW","","D","2017/7/7 6:50","","10:00","","","33-计划","","2017/7/7","","REG","REG","","PAX","","","00","CES"
"DLC997","B5818","","","B737","","成都-昆明","CTU","","D","2017/7/7 9:00","","10:00","","","33-计划","","2017/7/7","","REG","REG","","SPE","","","00","YAG"
"MU5740","B5527","","","B738","MU741","广州-昆明","CAN","","D","2017/7/7 7:35","","10:05","","","33-计划","","2017/7/7","","REG","REG","","PAX","","","00","CES"
"MU2181","B1608","","","B738","MU2182","西安-昆明","XIY","","D","2017/7/7 7:50","","10:10","","","33-计划","","2017/7/7","","REG","REG","","PAX","","","00","CES"
"MU2497","B1422","","","B738","MU2494","武汉-昆明","WUH","","D","2017/7/7 7:55","","10:10","","","33-计划","","2017/7/7","","REG","REG","","PAX","","","00","CES"
"MU5946","B5809","","","B737","MU5965","澜沧-昆明","JMJ","","D","2017/7/7 9:20","","10:20","","","33-计划","","2017/7/7","","REG","REG","","PAX","","","00","CES"
"CZ3459","B2391","","","A320","CZ3460","深圳-昆明","SZX","","D","2017/7/7 8:00","","10:23","","","33-计划","","2017/7/7","","REG","REG","","PAX","","","00","YAG"
"GS7653","B8062","","","A320","GS7654","西安-昆明","XIY","","D","2017/7/7 8:05","","10:25","","","33-计划","","2017/7/7","","REG","REG","","PAX","","","00","YAG"
"HU7163","B1797","","","B738","HU7164","深圳-昆明","SZX","","D","2017/7/7 7:55","","10:25","","","33-计划","","2017/7/7","","REG","REG","","PAX","","","00","YAG"
"MU2205","B9921","","","A320","MU2206","银川-昆明","INC","","D","2017/7/7 7:40","","10:25","","","33-计划","","2017/7/7","","REG","REG","","PAX","","","00","CES"
"CA1751","B6033","","","A319","CA1956","杭州-昆明","HGH","","D","2017/7/7 7:25","","10:30","","","33-计划","","2017/7/7","","REG","REG","","PAX","","","00","YAG"
"MU2143","B5258","","","B737","MU5462","太原-昆明","TYN","","D","2017/7/7 7:35","","10:30","","","33-计划","","2017/7/7","","REG","REG","","PAX","","","00","CES"
"MU2705","B6462","","","A319","MU2705","南京-昆明","NKG","","D","2017/7/7 7:30","","10:30","","","33-计划","","2017/7/7","","REG","REG","","PAX","","","00","CES"
"CZ3491","B2169","","","B737","CZ3491","郑州-昆明","CGO","","D","2017/7/7 7:55","","10:33","","","33-计划","","2017/7/7","","REG","REG","","PAX","","","00","YAG"
"CA1403","B6106","","","B738","CA1404","北京-昆明","PEK","","D","2017/7/7 7:00","","10:35","","","33-计划","","2017/7/7","","REG","REG","","PAX","","","00","YAG"
"FM9541","B5145","","","B738","FM9542","郑州-昆明","CGO","","D","2017/7/7 7:50","","10:35","","","33-计划","","2017/7/7","","REG","REG","","PAX","","","00","CES"
"MU5892","B5276","","","B737","MU5740","普洱-昆明","SYM","","D","2017/7/7 9:30","","10:35","","","33-计划","","2017/7/7","","REG","REG","","PAX","","","00","CES"
"JD5165","B6211","","","A319","JD5791","丽江-昆明","LJG","","D","2017/7/7 9:40","","10:40","","","33-计划","","2017/7/7","","REG","REG","","PAX","","","00","YAG"
"MU5476","B6799","","","A320","MU5475","合肥-昆明","HFE","","D","2017/7/7 7:55","","10:40","","","33-计划","","2017/7/7","","REG","REG","","PAX","","","00","CES"
"MU5962","B2502","","","B737","MU9713","临沧-昆明","LNJ","","D","2017/7/7 9:45","","10:40","","","33-计划","","2017/7/7","","REG","REG","","PAX","","","00","CES"
"CZ3409","B6242","","","A319","CZ3410","广州-昆明","CAN","","D","2017/7/7 8:20","","10:43","","","33-计划","","2017/7/7","","REG","REG","","PAX","","","00","YAG"
"9C8953","B6820","","","A320","9C8954","上海-昆明","SHA","","D","2017/7/7 7:25","","10:45","","","33-计划","","2017/7/7","","REG","REG","","PAX","","","00","YAG"
"FM9539","B5130","","","B738","FM9540","温州-昆明","WNZ","","D","2017/7/7 7:40","","10:45","","","33-计划","","2017/7/7","","REG","REG","","PAX","","","00","CES"
"KY8252","B7872","","","B737","KY8209","保山-昆明","BSD","","D","2017/7/7 9:40","","10:45","","","33-计划","","2017/7/7","","REG","REG","","PAX","","","00","YAG"
"MF8405","B5595","","","B738","MF8406","厦门-昆明","XMN","","D","2017/7/7 8:05","","10:50","","","33-计划","","2017/7/7","","REG","REG","","PAX","","","00","YAG"
"MU5497","B1863","","","A320","MU5498","青岛-昆明","TAO","","D","2017/7/7 7:10","","10:50","","","33-计划","","2017/7/7","","REG","REG","","PAX","","","00","CES"
"MU5655","B6333","","","A320","MU5711","杭州-昆明","HGH","","D","2017/7/7 7:35","","10:50","","","33-计划","","2017/7/7","","REG","REG","","PAX","","","00","CES"
"CZ3677","B9930","","","A320","CZ3678","上海-昆明","PVG","","D","2017/7/7 7:40","","10:53","","","33-计划","","2017/7/7","","REG","REG","","PAX","","","00","YAG"
"3U8723","B1819","","","A320","3U8221","北京-昆明","PEK","","D","2017/7/7 7:20","","10:55","","","33-计划","","2017/7/7","","REG","REG","","PAX","","","00","YAG"
"KY8220","B5673","","","B738","KY8203","深圳-昆明","SZX","","D","2017/7/7 8:30","","10:55","","","33-计划","","2017/7/7","","REG","REG","","PAX","","","00","YAG"
"CZ3857","B5746","","","B738","CZ3858","汕头-昆明","SWA","","D","2017/7/7 8:40","","10:58","","","33-计划","","2017/7/7","","REG","REG","","PAX","","","00","YAG"
"MF8427","B5688","","","B738","MF8428","福州-昆明","FOC","","D","2017/7/7 8:05","","11:00","","","33-计划","","2017/7/7","","REG","REG","","PAX","","","00","YAG"
"MU5811","B5807","","","B737","MU5764","迪庆-昆明","DIG","","D","2017/7/7 9:50","","11:00","","","33-计划","","2017/7/7","","REG","REG","","PAX","","","00","CES"
"ZH9265","B8409","","","A320","ZH9266","西安-昆明","XIY","","D","2017/7/7 8:35","","11:05","","","33-计划","","2017/7/7","","REG","REG","","PAX","","","00","YAG"
"CA1955","B6773","","","A320","CA1752","温州-昆明","WNZ","","D","2017/7/7 8:00","","11:10","","","33-计划","","2017/7/7","","REG","REG","","PAX","","","00","YAG"
"ZH9561","B5771","","","B738","ZH9562","南京-昆明","NKG","","D","2017/7/7 8:20","","11:10","","","33-计划","","2017/7/7","","REG","REG","","PAX","","","00","YAG"
"DR6570","B1593","","","B738","DR6559","北海-昆明","BHY","","D","2017/7/7 9:45","","11:20","","","33-计划","","2017/7/7","","REG","REG","","PAX","","","00","YAG"
"JD5789","B8170","","","A320","JD5790","版纳-昆明","JHG","","D","2017/7/7 10:05","","11:20","","","33-计划","","2017/7/7","","REG","REG","","PAX","","","00","YAG"
"MU5741","B5256","","","B737","MU757","版纳-昆明","JHG","","D","2017/7/7 10:15","","11:20","","","33-计划","","2017/7/7","","REG","REG","","PAX","","","00","CES"
"UO273","BLCI","","","A320","UO274","香港-昆明","HKG","","R","2017/7/7 7:50","","11:25","","","33-计划","","2017/7/7","","REG","REG","","PAX","","","00","YAG"
"FD582","HSBBE","","","A320","FD583","廊曼-昆明","DMK","","I","2017/7/7 7:50","","11:25","","","33-计划","","2017/7/7","","REG","REG","","PAX","","","00","YAG"
"MU9756","B5265","","","B737","MU5981","保山-昆明","BSD","","D","2017/7/7 10:25","","11:30","","","33-计划","","2017/7/7","","REG","REG","","PAX","","","00","CES"
"HU7211","B5709","","","B738","HU7212","北京-昆明","PEK","","D","2017/7/7 8:10","","11:35","","","33-计划","","2017/7/7","","REG","REG","","PAX","","","00","YAG"
"DR6510","B5829","","","B737","DR6515","版纳-昆明","JHG","","D","2017/7/7 10:35","","11:40","","","33-计划","","2017/7/7","","REG","REG","","PAX","","","00","YAG"
"MU2570","B1703","","","B738","MU2569","清迈-昆明","CNX","","I","2017/7/7 9:30","","11:40","","","33-计划","","2017/7/7","","REG","REG","","PAX","","","00","CES"
"FM9453","B5261","","","B737","FM9453","上海-昆明","SHA","","D","2017/7/7 8:15","","11:45","","","33-计划","","2017/7/7","","REG","REG","","PAX","","","00","CES"
"MU9744","B5255","","","B737","MU733","北京-昭通-昆明","PEK","ZAT","D","2017/7/7 10:50","","11:45","","","33-计划","","2017/7/7","","REG","REG","","PAX","","","00","CES"
"PN6394","B6743","","","A320","PN6394","版纳-昆明","JHG","","D","2017/7/7 10:45","","11:45","","","33-计划","","2017/7/7","","REG","REG","","PAX","","","00","YAG"
"TV6007","B8841","","","A320","TV6008","兰州-丽江-昆明","ZGC","LJG","D","2017/7/7 8:05","","11:45","","","33-计划","","2017/7/7","","REG","REG","","PAX","","","00","YAG"
"HO1121","B6788","","","A320","HO1122","上海-昆明","SHA","","D","2017/7/7 8:35","","11:50","","","33-计划","","2017/7/7","","REG","REG","","PAX","","","00","YAG"
"KY8256","B7870","","","B737","KY8245","临沧-昆明","LNJ","","D","2017/7/7 10:55","","11:50","","","33-计划","","2017/7/7","","REG","REG","","PAX","","","00","YAG"
"KY8308","B6495","","","B738","KY8275","南昌-昆明","KHN","","D","2017/7/7 9:40","","11:55","","","33-计划","","2017/7/7","","REG","REG","","PAX","","","00","YAG"
"DR6508","B7088","","","B737","DR6501","芒市-昆明","LUM","","D","2017/7/7 10:55","","12:00","","","33-计划","","2017/7/7","","REG","REG","","PAX","","","00","YAG"
"MU5743","B5259","","","B737","MU5743","保山-昆明","BSD","","D","2017/7/7 10:55","","12:00","","","33-计划","","2017/7/7","","REG","REG","","PAX","","","00","CES"
"SC4873","B1931","","","B738","SC4874","烟台-济南-昆明","YNT","TNA","D","2017/7/7 8:50","","12:00","","","33-计划","","2017/7/7","","REG","REG","","PAX","","","00","YAG"
"N383AZ","N383AZ","","","G200","N383AZ","深圳-昆明","SZX","","D","2017/7/7 10:00","","12:00","","","33-计划","","2017/7/7","","REG","REG","","SPE","","","00","YAG"
"3U8529","B6905","","","A320","3U8530","杭州-昆明","HGH","","D","2017/7/7 9:00","","12:05","","","33-计划","","2017/7/7","","REG","REG","","PAX","","","00","YAG"
"3U8902","B1887","","","A320","3U8107","珠海-昆明","ZUH","","D","2017/7/7 10:10","","12:05","","","33-计划","","2017/7/7","","REG","REG","","PAX","","","00","YAG"
"CA4413","B6847","Y","","A320","CA4414","成都-昆明","CTU","","D","2017/7/7 10:30","","12:05","","","33-计划","","2017/7/7","","REG","REG","","PAX","","","00","YAG"
"GS7855","B8659","","","A330","GS7856","天津-昆明","TSN","","D","2017/7/7 8:25","","12:05","","","33-计划","","2017/7/7","","REG","REG","","PAX","","","00","YAG"
"MU5723","B5231","","","B737","MU5919","版纳-昆明","JHG","","D","2017/7/7 11:10","","12:15","","","33-计划","","2017/7/7","","REG","REG","","PAX","","","00","CES"
"MU5757","B2639","","","B737","MU5967","芒市-昆明","LUM","","D","2017/7/7 11:15","","12:20","","","33-计划","","2017/7/7","","REG","REG","","PAX","","","00","CES"
"CZ3901","B6098","","","A333","CZ3902","北京-昆明","PEK","","D","2017/7/7 9:05","","12:23","","","33-计划","","2017/7/7","","REG","REG","","PAX","","","00","YAG"
"8L9894","B6221","","","A319","8L9871","珠海-昆明","ZUH","","D","2017/7/7 10:15","","12:25","","","33-计划","","2017/7/7","","REG","REG","","PAX","","","00","YAG"
"MU5942","B5820","","","B737","MU5935","大理-昆明","DLU","","D","2017/7/7 11:30","","12:25","","","33-计划","","2017/7/7","","REG","REG","","PAX","","","00","CES"
"MU5958","B5282","","","B737","MU5717","临沧-昆明","LNJ","","D","2017/7/7 11:30","","12:25","","","33-计划","","2017/7/7","","REG","REG","","PAX","","","00","CES"
"ZH9773","B6313","","","A320","ZH9774","南昌-昆明","KHN","","D","2017/7/7 10:10","","12:25","","","33-计划","","2017/7/7","","REG","REG","","PAX","","","00","YAG"
"FM9451","B2570","Y","","B763","FM9452","上海-昆明","SHA","","D","2017/7/7 9:00","","12:30","","","33-计划","","2017/7/7","","REG","REG","","PAX","","","00","CES"
"MU5842","B6149","","","B738","MU2029","成都-昆明","CTU","","D","2017/7/7 10:50","","12:30","","","33-计划","","2017/7/7","","REG","REG","","PAX","","","00","CES"
"MU5862","B5795","","","B738","MU2031","重庆-昆明","CKG","","D","2017/7/7 10:55","","12:30","","","33-计划","","2017/7/7","","REG","REG","","PAX","","","00","CES"
"XXX9630","B9630","","","C680","","上海-昆明","SHA","","D","2017/7/7 9:05","","12:30","","","33-计划","","2017/7/7","","REG","REG","","SPE","","","00","YAG"
"8L9966","B7989","","","B738","8L9855","三亚-昆明","SYX","","D","2017/7/7 10:30","","12:35","","","33-计划","","2017/7/7","","REG","REG","","PAX","","","00","YAG"
"KY8322","B7089","","","B738","KY8233","成都-昆明","CTU","","D","2017/7/7 10:45","","12:35","","","33-计划","","2017/7/7","","REG","REG","","PAX","","","00","YAG"
"SC4695","B7976","","","B738","SC4696","青岛-南京-昆明","TAO","NKG","D","2017/7/7 9:40","","12:35","","","33-计划","","2017/7/7","","REG","REG","","PAX","","","00","YAG"
"8L9958","B7990","","","B738","8L9689","武汉-昆明","WUH","","D","2017/7/7 10:20","","12:40","","","33-计划","","2017/7/7","","REG","REG","","PAX","","","00","YAG"
"ZH9793","B6648","","","A320","ZH9794","泉州-昆明","JJN","","D","2017/7/7 10:00","","12:40","","","33-计划","","2017/7/7","","REG","REG","","PAX","","","00","YAG"
"CZ6425","B9951","","","A320","CZ6426","大连-武汉-昆明","DLC","WUH","D","2017/7/7 10:40","","12:43","","","33-计划","","2017/7/7","","REG","REG","","PAX","","","00","YAG"
"3U8918","B6772","","","A320","3U8957","厦门-昆明","XMN","","D","2017/7/7 10:05","","12:50","","","33-计划","","2017/7/7","","REG","REG","","PAX","","","00","YAG"
"8L9862","B5359","","","B738","8L9897","合肥-昆明","HFE","","D","2017/7/7 10:15","","12:50","","","33-计划","","2017/7/7","","REG","REG","","PAX","","","00","YAG"
"MU5886","B5815","","","B737","MU9731","湛江-昆明","ZHA","","D","2017/7/7 11:05","","12:55","","","33-计划","","2017/7/7","","REG","REG","","PAX","","","00","CES"
"CZ3482","B6209","","","A319","CZ3482","大理-昆明","DLU","","D","2017/7/7 12:10","","12:58","","","33-计划","","2017/7/7","","REG","REG","","PAX","","","00","YAG"
"MU5928","B5263","","","B737","MU2597","文山-昆明","WNH","","D","2017/7/7 11:55","","13:00","","","33-计划","","2017/7/7","","REG","REG","","PAX","","","00","CES"
"MU5816","B5245","","","B737","MU5732","上海-六盘水-昆明","SHA","LPF","D","2017/7/7 12:05","","13:05","","","33-计划","","2017/7/7","","REG","REG","","PAX","","","00","CES"
"MU5894","B5816","","","B737","MU2571","普洱-昆明","SYM","","D","2017/7/7 12:00","","13:05","","","33-计划","","2017/7/7","","REG","REG","","PAX","","","00","CES"
"GS7857","B6727","","","A320","GS7858","天津-西安-昆明","TSN","XIY","D","2017/7/7 10:40","","13:10","","","33-计划","","2017/7/7","","REG","REG","","PAX","","","00","YAG"
"MU5453","B2229","","","A320","MU5454","宁波-武汉-昆明","NGB","WUH","D","2017/7/7 10:50","","13:10","","","33-计划","","2017/7/7","","REG","REG","","PAX","","","00","CES"
"MU9738","B1907","","","B738","MU5725","天津-昆明","TSN","","D","2017/7/7 9:35","","13:10","","","33-计划","","2017/7/7","","REG","REG","","PAX","","","00","CES"
"3U8838","B8499","","","A320","3U8837","北京-万州-昆明","PEK","WXN","D","2017/7/7 11:40","","13:15","","","33-计划","","2017/7/7","","REG","REG","","PAX","","","00","YAG"
"JD5157","B6898","","","A322","JD5158","杭州-昆明","HGH","","D","2017/7/7 9:55","","13:15","","","33-计划","","2017/7/7","","REG","REG","","PAX","","","00","YAG"
"MU5683","B6470","","","A319","MU5684","黎平-昆明","HZH","","D","2017/7/7 12:10","","13:15","","","33-计划","","2017/7/7","","REG","REG","","PAX","","","00","CES"
"BK2897","B5562","","","B738","BK2743","天津-昆明","TSN","","D","2017/7/7 9:45","","13:20","","","33-计划","","2017/7/7","","REG","REG","","PAX","","","00","YAG"
"MU5974","B5295","","","B737","MU5959","芒市-昆明","LUM","","D","2017/7/7 12:15","","13:20","","","33-计划","","2017/7/7","","REG","REG","","PAX","","","00","CES"
"MU2975","B6757","","","A320","MU2976","无锡-昆明","WUX","","D","2017/7/7 10:15","","13:25","","","33-计划","","2017/7/7","","REG","REG","","PAX","","","00","CES"
"TV9893","B6480","Y","","A319","TV9819","拉萨-昆明","LXA","","D","2017/7/7 11:00","","13:25","","","33-计划","","2017/7/7","","REG","REG","","PAX","","","00","YAG"
"MU5964","B5802","","","B737","MU9738","临沧-昆明","LNJ","","D","2017/7/7 12:40","","13:35","","","33-计划","","2017/7/7","","REG","REG","","PAX","","","00","CES"
"MU5826","B5293","","","B737","MU5815","桂林-昆明","KWL","","D","2017/7/7 12:00","","13:35","","","33-计划","","2017/7/7","","REG","REG","","PAX","","","00","CES"
"8L9996","B7167","","","B738","8L9597","银川-昆明","INC","","D","2017/7/7 10:55","","13:40","","","33-计划","","2017/7/7","","REG","REG","","PAX","","","00","YAG"
"KY8254","B5702","","","B738","KY8281","西安-昆明","XIY","","D","2017/7/7 11:20","","13:40","","","33-计划","","2017/7/7","","REG","REG","","PAX","","","00","YAG"
"8L9520","B5268","","","B737","8L9904","芒市-昆明","LUM","","D","2017/7/7 12:45","","13:45","","","33-计划","","2017/7/7","","REG","REG","","PAX","","","00","YAG"
"9C8937","B1672","","","A320","9C8938","石家庄-昆明","SJW","","D","2017/7/7 10:35","","13:45","","","33-计划","","2017/7/7","","REG","REG","","PAX","","","00","YAG"
"GJ8837","B1673","","","A320","GJ8838","杭州-珠海-昆明","HGH","ZUH","D","2017/7/7 11:50","","13:45","","","33-计划","","2017/7/7","","REG","REG","","PAX","","","00","YAG"
"CZ3247","B5339","","","B738","CZ3248","桂林-昆明","KWL","","D","2017/7/7 12:20","","13:48","","","33-计划","","2017/7/7","","REG","REG","","PAX","","","00","YAG"
"HO1681","B1871","","","A320","HO1682","南京-毕节-昆明","NKG","BFJ","D","2017/7/7 12:55","","13:50","","","33-计划","","2017/7/7","","REG","REG","","PAX","","","00","YAG"
"MU5732","B7600","","","B738","MU5809","广州-昆明","CAN","","D","2017/7/7 11:15","","13:50","","","33-计划","","2017/7/7","","REG","REG","","PAX","","","00","CES"
"3U8948","B8329","","","A320","3U8761","济南-昆明","TNA","","D","2017/7/7 10:50","","13:55","","","33-计划","","2017/7/7","","REG","REG","","PAX","","","00","YAG"
"8L9922","B5292","","","B737","8L9541","沧源-昆明","CWJ","","D","2017/7/7 12:50","","13:55","","","33-计划","","2017/7/7","","REG","REG","","PAX","","","00","YAG"
"CZ3415","B5041","","","B738","CZ3416","广州-昆明","CAN","","D","2017/7/7 11:35","","14:03","","","33-计划","","2017/7/7","","REG","REG","","PAX","","","00","YAG"
"TG612","HST","","","B773","TG613","曼谷-昆明","BKK","","I","2017/7/7 10:50","","14:05","","","33-计划","","2017/7/7","","REG","REG","","PAX","","","00","YAG"
"ZH9533","B9909","","","A322","ZH9534","无锡-昆明","WUX","","D","2017/7/7 11:05","","14:05","","","33-计划","","2017/7/7","","REG","REG","","PAX","","","00","YAG"
"MU5966","B5809","","","B737","MU5983","沧源-昆明","CWJ","","D","2017/7/7 13:05","","14:05","","","33-计划","","2017/7/7","","REG","REG","","PAX","","","00","CES"
"MU9731","B5819","","","B737","MU753","长沙-昆明","HHA","","D","2017/7/7 12:00","","14:10","","","33-计划","","2017/7/7","","REG","REG","","PAX","","","00","CES"
"3U8866","B6955","","","A320","3U8205","宁波-昆明","NGB","","D","2017/7/7 11:10","","14:15","","","33-计划","","2017/7/7","","REG","REG","","PAX","","","00","YAG"
"MU5437","B6459","","","A319","MU5438","上海-南充-昆明","PVG","NAO","D","2017/7/7 12:30","","14:15","","","33-计划","","2017/7/7","","REG","REG","","PAX","","","00","CES"
"CA1487","B5228","","","B737","CA1488","北京-达县-昆明","PEK","DAX","D","2017/7/7 12:40","","14:20","","","33-计划","","2017/7/7","","REG","REG","","PAX","","","00","YAG"
"CA4276","B8745","","","A320","CA4275","哈尔滨-昆明","HRB","","D","2017/7/7 9:40","","14:20","","","33-计划","","2017/7/7","","REG","REG","","PAX","","","00","YAG"
"KA760","BLAB","","","A330","KA761","香港-昆明","HKG","","R","2017/7/7 11:50","","14:20","","","33-计划","","2017/7/7","","REG","REG","","PAX","","","00","YAG"
"CZ3492","B2169","","","B737","CZ3492","版纳-昆明","JHG","","D","2017/7/7 13:25","","14:23","","","33-计划","","2017/7/7","","REG","REG","","PAX","","","00","YAG"
"MU5737","B5276","","","B737","MU5760","大理-昆明","DLU","","D","2017/7/7 13:30","","14:25","","","33-计划","","2017/7/7","","REG","REG","","PAX","","","00","CES"
"MU5077","B8973","","","A320","MU5077","合肥-昆明","HFE","","D","2017/7/7 11:40","","14:30","","","33-计划","","2017/7/7","","REG","REG","","PAX","","","00","CES"
"MU2706","B6462","","","A319","MU2706","丽江-昆明","LJG","","D","2017/7/7 13:30","","14:35","","","33-计划","","2017/7/7","","REG","REG","","PAX","","","00","CES"
"MU5776","B5647","","","B738","MU5737","广州-昆明","CAN","","D","2017/7/7 12:05","","14:35","","","33-计划","","2017/7/7","","REG","REG","","PAX","","","00","CES"
"CZ6403","B9929","","","A320","CZ6404","沈阳-重庆-昆明","SHE","CKG","D","2017/7/7 13:05","","14:38","","","33-计划","","2017/7/7","","REG","REG","","PAX","","","00","YAG"
"8L9866","B5449","","","B738","8L9979","济南-昆明","TNA","","D","2017/7/7 11:30","","14:40","","","33-计划","","2017/7/7","","REG","REG","","PAX","","","00","YAG"
"JD5792","B6211","","","A319","JD5166","芒市-昆明","LUM","","D","2017/7/7 13:40","","14:40","","","33-计划","","2017/7/7","","REG","REG","","PAX","","","00","YAG"
"MF8417","B5383","","","B738","MF8418","厦门-昆明","XMN","","D","2017/7/7 12:00","","14:40","","","33-计划","","2017/7/7","","REG","REG","","PAX","","","00","YAG"
"CZ6269","B6378","","","A321","CZ6270","哈尔滨-西安-昆明","HRB","XIY","D","2017/7/7 12:30","","14:43","","","33-计划","","2017/7/7","","REG","REG","","PAX","","","00","YAG"
"8L9948","B8732","","","A320","8L9985","成都-昆明","CTU","","D","2017/7/7 13:10","","14:45","","","33-计划","","2017/7/7","","REG","REG","","PAX","","","00","YAG"
"CZ6459","B9953","","","A320","CZ6460","长春-重庆-昆明","CGQ","CKG","D","2017/7/7 13:20","","14:48","","","33-计划","","2017/7/7","","REG","REG","","PAX","","","00","YAG"
"FM9397","B6993","","","B738","FM9398","上海-长沙-昆明","PVG","HHA","D","2017/7/7 12:50","","14:50","","","33-计划","","2017/7/7","","REG","REG","","PAX","","","00","CES"
"MU2030","B1908","","","B738","MU5833","曼德勒-昆明","MDL","","I","2017/7/7 13:15","","14:50","","","33-计划","","2017/7/7","","REG","REG","","PAX","","","00","CES"
"DR6580","B5811","","","B737","DR6523","芒市-昆明","LUM","","D","2017/7/7 13:50","","14:55","","","33-计划","","2017/7/7","","REG","REG","","PAX","","","00","YAG"
"KY8258","B1926","","","B738","KY8307","郑州-昆明","CGO","","D","2017/7/7 12:10","","14:55","","","33-计划","","2017/7/7","","REG","REG","","PAX","","","00","YAG"
"3U8854","B6718","","","A321","3U8853","哈尔滨-徐州-昆明","HRB","XUZ","D","2017/7/7 12:05","","15:00","","","33-计划","","2017/7/7","","REG","REG","","PAX","","","00","YAG"
"MU5505","B1615","","","A325","MU5588","上海-福州-昆明","PVG","FOC","D","2017/7/7 11:50","","15:00","","","33-计划","","2017/7/7","","REG","REG","","PAX","","","00","CES"
"JD5155","B1622","","","A320","JD5156","丽江-昆明","LJG","","D","2017/7/7 14:05","","15:05","","","33-计划","","2017/7/7","","REG","REG","","PAX","","","00","YAG"
"MU5292","B5857","","","B738","MU5299","北京-太原-昆明","PEK","TYN","D","2017/7/7 12:10","","15:05","","","33-计划","","2017/7/7","","REG","REG","","PAX","","","00","CES"
"MU5465","B6006","Y","","A320","MU5532","上海-南昌-昆明","PVG","KHN","D","2017/7/7 12:35","","15:05","","","33-计划","","2017/7/7","","REG","REG","","PAX","","","00","CES"
"MU5830","B6601","","","A320","MU5813","郑州-昆明","CGO","","D","2017/7/7 12:20","","15:05","","","33-计划","","2017/7/7","","REG","REG","","PAX","","","00","CES"
"CZ3487","B6241","","","A319","CZ3487","广州-昆明","CAN","","D","2017/7/7 12:35","","15:08","","","33-计划","","2017/7/7","","REG","REG","","PAX","","","00","YAG"
"KY8284","B6491","","","B738","KY8239","上海-昆明","PVG","","D","2017/7/7 11:55","","15:15","","","33-计划","","2017/7/7","","REG","REG","","PAX","","","00","YAG"
"MU5327","B9901","","","A320","MU5328","济南-九华山-昆明","TNA","JUH","D","2017/7/7 11:35","","15:15","","","33-计划","","2017/7/7","","REG","REG","","PAX","","","00","CES"
"MU5762","B1792","","","B738","MU5849","深圳-昆明","SZX","","D","2017/7/7 12:45","","15:15","","","33-计划","","2017/7/7","","REG","REG","","PAX","","","00","CES"
"MU5936","B5821","","","B737","MU5802","迪庆-昆明","DIG","","D","2017/7/7 14:15","","15:20","","","33-计划","","2017/7/7","","REG","REG","","PAX","","","00","CES"
"CA4172","B6881","","","A320","CA4173","北京-昆明","PEK","","D","2017/7/7 11:50","","15:25","","","33-计划","","2017/7/7","","REG","REG","","PAX","","","00","YAG"
"KY8236","B2669","","","B737","KY8265","杭州-昆明","HGH","","D","2017/7/7 12:15","","15:25","","","33-计划","","2017/7/7","","REG","REG","","PAX","","","00","YAG"
"MU5844","B7170","","","B738","MU5781","成都-昆明","CTU","","D","2017/7/7 13:50","","15:25","","","33-计划","","2017/7/7","","REG","REG","","PAX","","","00","CES"
"HO1099","B6619","","","A320","HO1100","上海-昆明","SHA","","D","2017/7/7 12:00","","15:30","","","33-计划","","2017/7/7","","REG","REG","","PAX","","","00","YAG"
"MU2725","B6893","","","A320","MU2786","南京-昆明","NKG","","D","2017/7/7 12:25","","15:30","","","33-计划","","2017/7/7","","REG","REG","","PAX","","","00","CES"
"9C8823","B1657","","","A320","9C8824","上海-遵义-昆明","SHA","ZYI","D","2017/7/7 14:15","","15:35","","","33-计划","","2017/7/7","","REG","REG","","PAX","","","00","YAG"
"MU5982","B5265","","","B737","MU5883","保山-昆明","BSD","","D","2017/7/7 14:35","","15:35","","","33-计划","","2017/7/7","","REG","REG","","PAX","","","00","CES"
"MU5856","B5828","","","B737","MU5897","成都-昆明","CTU","","D","2017/7/7 14:05","","15:40","","","33-计划","","2017/7/7","","REG","REG","","PAX","","","00","CES"
"MU7183","B2682","","","B737","MU2144","北京-昆明","PEK","","D","2017/7/7 12:00","","15:40","","","33-计划","","2017/7/7","","REG","REG","","PAX","","","00","CES"
"CZ6369","B2620","","","B737","CZ6369","郑州-昆明","CGO","","D","2017/7/7 13:00","","15:43","","","33-计划","","2017/7/7","","REG","REG","","PAX","","","00","YAG"
"CA416","B6227","","","A319","CA416","仰光-昆明","RGN","","I","2017/7/7 13:45","","15:45","","","33-计划","","2017/7/7","","REG","REG","","PAX","","","00","YAG"
"FM9454","B5261","","","B737","FM9454","版纳-昆明","JHG","","D","2017/7/7 14:45","","15:45","","","33-计划","","2017/7/7","","REG","REG","","PAX","","","00","CES"
"MU2715","B6930","","","A320","MU2716","南京-长沙-昆明","NKG","HHA","D","2017/7/7 13:45","","15:50","","","33-计划","","2017/7/7","","REG","REG","","PAX","","","00","CES"
"DR6502","B7088","","","B737","DR6503","芒市-昆明","LUM","","D","2017/7/7 14:55","","15:55","","","33-计划","","2017/7/7","","REG","REG","","PAX","","","00","YAG"
"KY8246","B7870","","","B737","KY8231","芒市-昆明","LUM","","D","2017/7/7 14:50","","15:55","","","33-计划","","2017/7/7","","REG","REG","","PAX","","","00","YAG"
"KY8274","B6493","","","B738","KY8221","武汉-昆明","WUH","","D","2017/7/7 13:40","","15:55","","","33-计划","","2017/7/7","","REG","REG","","PAX","","","00","YAG"
"MU5760","B7591","","","B738","MU5823","深圳-昆明","SZX","","D","2017/7/7 13:20","","16:00","","","33-计划","","2017/7/7","","REG","REG","","PAX","","","00","CES"
"3U8768","B6956","","","A320","3U8668","温州-南宁-昆明","WNZ","NNG","D","2017/7/7 14:40","","16:05","","","33-计划","","2017/7/7","","REG","REG","","PAX","","","00","YAG"
"MU5802","B7599","Y","","B738","MU5719","上海-昆明","SHA","","D","2017/7/7 12:35","","16:05","","","33-计划","","2017/7/7","","REG","REG","","PAX","","","00","CES"
"CZ3451","B2396","","","A320","CZ3451","深圳-昆明","SZX","","D","2017/7/7 13:45","","16:08","","","33-计划","","2017/7/7","","REG","REG","","PAX","","","00","YAG"
"CZ3469","B2917","","","B737","CZ3470","武汉-昆明","WUH","","D","2017/7/7 13:50","","16:08","","","33-计划","","2017/7/7","","REG","REG","","PAX","","","00","YAG"
"MU5719","B5231","","","B737","MU9743","丽江-昆明","LJG","","D","2017/7/7 15:15","","16:15","","","33-计划","","2017/7/7","","REG","REG","","PAX","","","00","CES"
"3U8818","B6448","","","A319","3U8129","拉萨-丽江-昆明","LXA","LJG","D","2017/7/7 15:10","","16:20","","","33-计划","","2017/7/7","","REG","REG","","PAX","","","00","YAG"
"FM9429","B1967","","","B738","FM9430","上海-衡阳-昆明","PVG","HNY","D","2017/7/7 14:20","","16:20","","","33-计划","","2017/7/7","","REG","REG","","PAX","","","00","CES"
"CZ3407","B9932","","","A320","CZ3408","广州-昆明","CAN","","D","2017/7/7 13:55","","16:28","","","33-计划","","2017/7/7","","REG","REG","","PAX","","","00","YAG"
"CA4176","B8490","","","A320","CA4460","沈阳-昆明","SHE","","D","2017/7/7 12:10","","16:30","","","33-计划","","2017/7/7","","REG","REG","","PAX","","","00","YAG"
"ZH9413","B5380","","","B738","ZH9414","深圳-昆明","SZX","","D","2017/7/7 14:05","","16:30","","","33-计划","","2017/7/7","","REG","REG","","PAX","","","00","YAG"
"CZ3495","B1923","","","B738","CZ3496","郑州-昆明","CGO","","D","2017/7/7 13:55","","16:33","","","33-计划","","2017/7/7","","REG","REG","","PAX","","","00","YAG"
"CZ6427","B1829","","","A320","CZ6428","大连-长沙-昆明","DLC","HHA","D","2017/7/7 14:40","","16:38","","","33-计划","","2017/7/7","","REG","REG","","PAX","","","00","YAG"
"CZ6949","B1782","","","B738","CZ6950","乌鲁-重庆-昆明","URC","CKG","D","2017/7/7 15:05","","16:38","","","33-计划","","2017/7/7","","REG","REG","","PAX","","","00","YAG"
"8L9874","B8446","","","A320","8L9875","杭州-赣州-昆明","HGH","KOW","D","2017/7/7 14:25","","16:40","","","33-计划","","2017/7/7","","REG","REG","","PAX","","","00","YAG"
"MU5714","B7592","","","B738","MU5771","北京-昆明","PEK","","D","2017/7/7 13:10","","16:45","","","33-计划","","2017/7/7","","REG","REG","","PAX","","","00","CES"
"ZH9789","B8219","","","A320","","泉州-昆明","JJN","","D","2017/7/7 14:05","","16:45","","","33-计划","","2017/7/7","","REG","REG","","PAX","","","00","YAG"
"8L9956","B1587","","","B738","8L9971","郑州-昆明","CGO","","D","2017/7/7 14:10","","16:50","","","33-计划","","2017/7/7","","REG","REG","","PAX","","","00","YAG"
"BK2716","B6026","","","B738","BK2798","南京-昆明","NKG","","D","2017/7/7 14:00","","16:50","","","33-计划","","2017/7/7","","REG","REG","","PAX","","","00","YAG"
"8L9596","B8445","","","A320","8L9677","吉隆坡-昆明","KUL","","I","2017/7/7 13:35","","16:55","","","33-计划","","2017/7/7","","REG","REG","","PAX","","","00","YAG"
"AK101","9MAFF","","","A320","AK100","吉隆坡-昆明","KUL","","I","2017/7/7 13:00","","16:55","","","33-计划","","2017/7/7","","REG","REG","","PAX","","","00","YAG"
"MU5803","B5282","","","B737","MU5920","腾冲-昆明","TCZ","","D","2017/7/7 15:55","","16:55","","","33-计划","","2017/7/7","","REG","REG","","PAX","","","00","CES"
"8L9710","B6016","","","B738","8L9975","南京-连城-昆明","NKG","LCX","D","2017/7/7 14:35","","16:55","","","33-计划","","2017/7/7","","REG","REG","","PAX","","","00","YAG"
"MU5645","B6797","","","A322","MU5645","杭州-昆明","HGH","","D","2017/7/7 13:50","","17:00","","","33-计划","","2017/7/7","","REG","REG","","PAX","","","00","CES"
"MU5968","B2639","","","B737","MU5714","临沧-昆明","LNJ","","D","2017/7/7 15:55","","17:00","","","33-计划","","2017/7/7","","REG","REG","","PAX","","","00","CES"
"CA1481","B6499","","","B738","CA1482","天津-运城-昆明","TSN","YCU","D","2017/7/7 14:30","","17:05","","","33-计划","","2017/7/7","","REG","REG","","PAX","","","00","YAG"
"A67106","B8318","","","A321","","南昌-昆明","KHN","","D","2017/7/7 14:45","","17:10","","","33-计划","","2017/7/7","","REG","REG","","PAX","","","00","YAG"
"MU2207","B1812","","","A325","MU2208","西安-昆明","XIY","","D","2017/7/7 14:45","","17:10","","","33-计划","","2017/7/7","","REG","REG","","PAX","","","00","CES"
"BK2744","B5562","","","B738","BK2898","版纳-昆明","JHG","","D","2017/7/7 16:15","","17:15","","","33-计划","","2017/7/7","","REG","REG","","PAX","","","00","YAG"
"MU5836","B6249","","","B738","MU5715","汕头-昆明","SWA","","D","2017/7/7 14:45","","17:15","","","33-计划","","2017/7/7","","REG","REG","","PAX","","","00","CES"
"3U8514","B1886","","","A320","","兰州-重庆-昆明","ZGC","CKG","D","2017/7/7 15:45","","17:20","","","33-计划","","2017/7/7","","REG","REG","","PAX","","","00","YAG"
"8L9864","B2677","","","B738","8L9983","徐州-重庆-昆明","XUZ","CKG","D","2017/7/7 15:50","","17:20","","","33-计划","","2017/7/7","","REG","REG","","PAX","","","00","YAG"
"MU2177","B8405","","","A325","MU2178","宁波-昆明","NGB","","D","2017/7/7 14:15","","17:20","","","33-计划","","2017/7/7","","REG","REG","","PAX","","","00","CES"
"KY8230","B2679","","","B737","KY8243","腾冲-昆明","TCZ","","D","2017/7/7 16:20","","17:25","","","33-计划","","2017/7/7","","REG","REG","","PAX","","","00","YAG"
"MU5575","B6587","","","A320","MU5576","烟台-郑州-昆明","YNT","CGO","D","2017/7/7 14:30","","17:25","","","33-计划","","2017/7/7","","REG","REG","","PAX","","","00","CES"
"MU5940","B6141","Y","","B737","","拉萨-迪庆-昆明","LXA","DIG","D","2017/7/7 16:20","","17:25","","","33-计划","","2017/7/7","","REG","REG","","PAX","","","00","CES"
"CZ3449","B6292","","","A320","CZ3450","广州-昆明","CAN","","D","2017/7/7 15:10","","17:33","","","33-计划","","2017/7/7","","REG","REG","","PAX","","","00","YAG"
"DR5314","B5830","","","B737","DR6505","天津-恩施-昆明","TSN","ENH","D","2017/7/7 15:40","","17:35","","","33-计划","","2017/7/7","","REG","REG","","PAX","","","00","YAG"
"MU5329","B6002","","","A320","MU5330","合肥-昆明","HFE","","D","2017/7/7 15:00","","17:35","","","33-计划","","2017/7/7","","REG","REG","","PAX","","","00","CES"
"HO1095","B6670","","","A320","HO1096","上海-毕节-昆明","SHA","BFJ","D","2017/7/7 16:40","","17:40","","","33-计划","","2017/7/7","","REG","REG","","PAX","","","00","YAG"
"MU5771","B5245","","","B737","MU5748","西昌-昆明","XIC","","D","2017/7/7 16:45","","17:40","","","33-计划","","2017/7/7","","REG","REG","","PAX","","","00","CES"
"8L9942","B6198","","","A319","8L9914","大理-昆明","DLU","","D","2017/7/7 16:55","","17:45","","","33-计划","","2017/7/7","","REG","REG","","PAX","","","00","YAG"
"8L9960","B7991","","","B738","8L9993","宁波-安庆-昆明","NGB","AQG","D","2017/7/7 15:40","","17:45","","","33-计划","","2017/7/7","","REG","REG","","PAX","","","00","YAG"
"KY8262","B1991","","","B738","KY8301","台州-重庆-昆明","HYN","CKG","D","2017/7/7 16:10","","17:45","","","33-计划","","2017/7/7","","REG","REG","","PAX","","","00","YAG"
"DR6530","B1597","","","B738","","呼和-太原-昆明","HET","TYN","D","2017/7/7 14:55","","17:50","","","33-计划","","2017/7/7","","REG","REG","","PAX","","","00","YAG"
"MU2185","B9921","","","A320","MU2186","银川-昆明","INC","","D","2017/7/7 15:05","","17:50","","","33-计划","","2017/7/7","","REG","REG","","PAX","","","00","CES"
"MU5748","B5756","","","B738","MU5745","天津-昆明","TSN","","D","2017/7/7 14:15","","17:50","","","33-计划","","2017/7/7","","REG","REG","","PAX","","","00","CES"
"TV9820","B6480","","","A319","TV9894","芒市-昆明","LUM","","D","2017/7/7 16:45","","17:50","","","33-计划","","2017/7/7","","REG","REG","","PAX","","","00","YAG"
"KY8352","B1459","","","B737","KY8269","芒市-昆明","LUM","","D","2017/7/7 16:45","","17:50","","","33-计划","","2017/7/7","","REG","REG","","PAX","","","00","YAG"
"KY8296","B5672","","","B738","KY8285","南通-重庆-昆明","NTG","CKG","D","2017/7/7 16:20","","17:55","","","33-计划","","2017/7/7","","REG","REG","","PAX","","","00","YAG"
"MU7182","B5683","Y","","B738","","北京-昆明","PEK","","D","2017/7/7 14:25","","18:00","","","33-计划","","2017/7/7","","REG","REG","","PAX","","","00","CES"
"9C8961","B8327","","","A320","9C8962","上海-黔江-昆明","SHA","JIQ","D","2017/7/7 16:25","","18:10","","","33-计划","","2017/7/7","","REG","REG","","PAX","","","00","YAG"
"CZ6159","B6111","","","A333","CZ6160","北京-昆明","PEK","","D","2017/7/7 14:50","","18:13","","","33-计划","","2017/7/7","","REG","REG","","PAX","","","00","YAG"
"CZ6799","B8848","","","A321","CZ6800","上海-昆明","PVG","","D","2017/7/7 14:50","","18:13","","","33-计划","","2017/7/7","","REG","REG","","PAX","","","00","YAG"
"MF8461","B5160","","","B738","MF8462","杭州-武汉-昆明","HGH","WUH","D","2017/7/7 15:55","","18:15","","","33-计划","","2017/7/7","","REG","REG","","PAX","","","00","YAG"
"ZH9531","B5773","","","B738","ZH9532","无锡-昆明","WUX","","D","2017/7/7 15:10","","18:15","","","33-计划","","2017/7/7","","REG","REG","","PAX","","","00","YAG"
"8L9648","B6943","","","A320","8L9987","天津-淮安-昆明","TSN","HIA","D","2017/7/7 15:15","","18:20","","","33-计划","","2017/7/7","","REG","REG","","PAX","","","00","YAG"
"MU5990","B5097","","","B737","MU5909","重庆-昭通-昆明","CKG","ZAT","D","2017/7/7 17:30","","18:20","","","33-计划","","2017/7/7","","REG","REG","","PAX","","","00","CES"
"EU2722","B6229","","","A319","EU2225","厦门-柳州-昆明","XMN","LZH","D","2017/7/7 16:55","","18:25","","","33-计划","","2017/7/7","","REG","REG","","PAX","","","00","YAG"
"MU5461","B5258","","","B737","MU7184","温州-昆明","WNZ","","D","2017/7/7 15:20","","18:25","","","33-计划","","2017/7/7","","REG","REG","","PAX","","","00","CES"
"MU5874","B2503","","","B737","MU5929","厦门-宜宾-昆明","XMN","YBP","D","2017/7/7 17:20","","18:25","","","33-计划","","2017/7/7","","REG","REG","","PAX","","","00","CES"
"HO1019","B6640","","","A320","HO1020","杭州-大庸-昆明","HGH","DYG","D","2017/7/7 16:35","","18:30","","","33-计划","","2017/7/7","","REG","REG","","PAX","","","00","YAG"
"HU7235","B2651","","","B738","HU7236","广州-昆明","CAN","","D","2017/7/7 16:00","","18:30","","","33-计划","","2017/7/7","","REG","REG","","PAX","","","00","YAG"
"MU2735","B6891","","","A320","MU2736","南京-长沙-昆明","NKG","HHA","D","2017/7/7 16:30","","18:30","","","33-计划","","2017/7/7","","REG","REG","","PAX","","","00","CES"
"CA1753","B6032","","","A319","CA1754","杭州-昆明","HGH","","D","2017/7/7 15:25","","18:35","","","33-计划","","2017/7/7","","REG","REG","","PAX","","","00","YAG"
"MU5715","B5802","","","B737","MU5803","芒市-昆明","LUM","","D","2017/7/7 17:35","","18:35","","","33-计划","","2017/7/7","","REG","REG","","PAX","","","00","CES"
"MU746","B6148","","","B738","","金边-南宁-昆明","PNH","NNG","M","2017/7/7 17:15","","18:35","","","33-计划","","2017/7/7","","REG","REG","","PAX","","","00","CES"
"MU5944","B5243","","","B737","MU5706","大理-昆明","DLU","","D","2017/7/7 17:50","","18:40","","","33-计划","","2017/7/7","","REG","REG","","PAX","","","00","CES"
"MU2574","B6147","","","B738","MU2574","万象-昆明","VTE","","I","2017/7/7 17:15","","18:45","","","33-计划","","2017/7/7","","REG","REG","","PAX","","","00","CES"
"MU5960","B5295","","","B737","","临沧-昆明","LNJ","","D","2017/7/7 17:55","","18:45","","","33-计划","","2017/7/7","","REG","REG","","PAX","","","00","CES"
"MU5984","B5809","","","B737","MU5742","保山-昆明","BSD","","D","2017/7/7 17:40","","18:45","","","33-计划","","2017/7/7","","REG","REG","","PAX","","","00","CES"
"MU2036","B6146","","","B738","MU2036","达卡-昆明","DAC","","I","2017/7/7 16:35","","18:50","","","33-计划","","2017/7/7","","REG","REG","","PAX","","","00","CES"
"MU2598","B5263","","","B737","MU5712","清莱-昆明","CEI","","I","2017/7/7 17:35","","18:50","","","33-计划","","2017/7/7","","REG","REG","","PAX","","","00","CES"
"MU5742","B1791","","","B738","MU5847","广州-昆明","CAN","","D","2017/7/7 16:20","","18:50","","","33-计划","","2017/7/7","","REG","REG","","PAX","","","00","CES"
"GS7875","B8776","","","A330","GS7876","天津-西安-昆明","TSN","XIY","D","2017/7/7 16:40","","18:55","","","33-计划","","2017/7/7","","REG","REG","","PAX","","","00","YAG"
"MU2433","B2333","","","A319","MU2434","青岛-宜昌-昆明","TAO","YIH","D","2017/7/7 17:00","","18:55","","","33-计划","","2017/7/7","","REG","REG","","PAX","","","00","CES"
"MU2985","B6879","","","A322","MU2986","无锡-重庆-昆明","WUX","CKG","D","2017/7/7 17:25","","18:55","","","33-计划","","2017/7/7","","REG","REG","","PAX","","","00","CES"
"CZ6415","B6739","","","A320","CZ6416","沈阳-西安-昆明","SHE","XIY","D","2017/7/7 16:50","","18:58","","","33-计划","","2017/7/7","","REG","REG","","PAX","","","00","YAG"
"3U8670","B8500","","","A320","3U8823","石家庄-成都-昆明","SJW","CTU","D","2017/7/7 17:20","","19:00","","","33-计划","","2017/7/7","","REG","REG","","PAX","","","00","YAG"
"KY8204","B5673","","","B738","KY8219","南京-昆明","NKG","","D","2017/7/7 16:00","","19:00","","","33-计划","","2017/7/7","","REG","REG","","PAX","","","00","YAG"
"MU2568","B6149","","","B738","MU2568","曼德勒-昆明","MDL","","I","2017/7/7 17:30","","19:00","","","33-计划","","2017/7/7","","REG","REG","","PAX","","","00","CES"
"MF8475","B5603","","","B738","MF8642","福州-昆明","FOC","","D","2017/7/7 15:55","","19:05","","","33-计划","","2017/7/7","","REG","REG","","PAX","","","00","YAG"
"MF8641","B5655","","","B737","MF8476","泉州-珠海-昆明","JJN","ZUH","D","2017/7/7 17:05","","19:05","","","33-计划","","2017/7/7","","REG","REG","","PAX","","","00","YAG"
"CZ3488","B6241","","","A319","CZ3488","丽江-昆明","LJG","","D","2017/7/7 18:05","","19:08","","","33-计划","","2017/7/7","","REG","REG","","PAX","","","00","YAG"
"HU7111","B2490","","","B763","HU7112","北京-昆明","PEK","","D","2017/7/7 15:40","","19:10","","","33-计划","","2017/7/7","","REG","REG","","PAX","","","00","YAG"
"KY8316","B7871","","","B737","KY8249","腾冲-昆明","TCZ","","D","2017/7/7 18:05","","19:10","","","33-计划","","2017/7/7","","REG","REG","","PAX","","","00","YAG"
"MU2594","B1703","","","B738","MU555","清迈-昆明","CNX","","I","2017/7/7 17:30","","19:10","","","33-计划","","2017/7/7","","REG","REG","","PAX","","","00","CES"
"CA1401","B7182","","","B738","CA1402","天津-昆明","TSN","","D","2017/7/7 15:40","","19:15","","","33-计划","","2017/7/7","","REG","REG","","PAX","","","00","YAG"
"MU5763","B5270","","","B737","","大理-昆明","DLU","","D","2017/7/7 18:10","","19:15","","","33-计划","","2017/7/7","","REG","REG","","PAX","","","00","CES"
"MU9737","B5817","","","B737","MU5905","芒市-昆明","LUM","","D","2017/7/7 18:05","","19:15","","","33-计划","","2017/7/7","","REG","REG","","PAX","","","00","CES"
"CA1937","B6882","","","A320","CA1938","上海-昆明","PVG","","D","2017/7/7 16:00","","19:20","","","33-计划","","2017/7/7","","REG","REG","","PAX","","","00","YAG"
"MU742","B5527","","","B738","","曼谷-昆明","BKK","","I","2017/7/7 16:45","","19:20","","","33-计划","","2017/7/7","","REG","REG","","PAX","","","00","CES"
"NS3269","B5215","","","B737","NS3270","石家庄-昆明","SJW","","D","2017/7/7 16:15","","19:20","","","33-计划","","2017/7/7","","REG","REG","","PAX","","","00","YAG"
"CZ6561","B5718","","","B738","CZ6562","义乌-昆明","YIW","","D","2017/7/7 16:30","","19:23","","","33-计划","","2017/7/7","","REG","REG","","PAX","","","00","YAG"
"MU216","B5941","","","A33H","MU5478","温哥华-南京-昆明","YVR","NKG","M","2017/7/7 16:30","","19:25","","","33-计划","","2017/7/7","","REG","REG","","PAX","","","00","CES"
"MU5471","B6003","","","A320","MU5472","济南-重庆-昆明","TNA","CKG","D","2017/7/7 17:50","","19:25","","","33-计划","","2017/7/7","","REG","REG","","PAX","","","00","CES"
"MU5744","B5259","","","B737","MU5744","广州-昆明","CAN","","D","2017/7/7 16:55","","19:25","","","33-计划","","2017/7/7","","REG","REG","","PAX","","","00","CES"
"MU5988","B5054","","","B737","","保山-昆明","BSD","","D","2017/7/7 18:25","","19:30","","","33-计划","","2017/7/7","","REG","REG","","PAX","","","00","CES"
"DR6504","B7088","","","B737","DR6579","芒市-昆明","LUM","","D","2017/7/7 18:40","","19:40","","","33-计划","","2017/7/7","","REG","REG","","PAX","","","00","YAG"
"MU5718","B5828","","","B737","MU5812","普洱-昆明","SYM","","D","2017/7/7 18:35","","19:40","","","33-计划","","2017/7/7","","REG","REG","","PAX","","","00","CES"
"MU2032","B5795","","","B738","MU5733","仰光-昆明","RGN","","I","2017/7/7 17:25","","19:45","","","33-计划","","2017/7/7","","REG","REG","","PAX","","","00","CES"
"MU5758","B7590","","","B738","MU5718","深圳-昆明","SZX","","D","2017/7/7 17:20","","19:45","","","33-计划","","2017/7/7","","REG","REG","","PAX","","","00","CES"
"MU734","B5255","","","B737","MU5724","香港-昆明","HKG","","R","2017/7/7 17:05","","19:45","","","33-计划","","2017/7/7","","REG","REG","","PAX","","","00","CES"
"KN5211","B1523","","","B738","KN2382","南苑-汉中-昆明","NAY","HZG","D","2017/7/7 17:55","","19:50","","","33-计划","","2017/7/7","","REG","REG","","PAX","","","00","CES"
"MU2745","B6472","","","A319","MU2746","南京-长沙-昆明","NKG","HHA","D","2017/7/7 17:50","","19:50","","","33-计划","","2017/7/7","","REG","REG","","PAX","","","00","CES"
"MU5724","B6145","","","B738","MU9737","西安-昆明","XIY","","D","2017/7/7 17:35","","19:50","","","33-计划","","2017/7/7","","REG","REG","","PAX","","","00","CES"
"MU5812","B6143","","","B738","","上海-昆明","SHA","","D","2017/7/7 16:30","","19:50","","","33-计划","","2017/7/7","","REG","REG","","PAX","","","00","CES"
"CZ3863","B5640","","","B738","CZ3864","汕头-南宁-昆明","SWA","NNG","D","2017/7/7 18:35","","19:53","","","33-计划","","2017/7/7","","REG","REG","","PAX","","","00","YAG"
"CZ6370","B2620","","","B737","CZ6370","版纳-昆明","JHG","","D","2017/7/7 18:55","","19:53","","","33-计划","","2017/7/7","","REG","REG","","PAX","","","00","YAG"
"MU2755","B6463","","","A319","MU2755","南京-昆明","NKG","","D","2017/7/7 17:05","","19:55","","","33-计划","","2017/7/7","","REG","REG","","PAX","","","00","CES"
"MU5712","B6333","Y","","A320","MU5656","北京-昆明","PEK","","D","2017/7/7 16:20","","19:55","","","33-计划","","2017/7/7","","REG","REG","","PAX","","","00","CES"
"CZ6597","B8425","","","A321","CZ6598","三亚-昆明","SYX","","D","2017/7/7 17:50","","19:58","","","33-计划","","2017/7/7","","REG","REG","","PAX","","","00","YAG"
"MU5800","B6890","","","A320","MU5855","大连-洛阳-昆明","DLC","LYA","D","2017/7/7 17:40","","20:00","","","33-计划","","2017/7/7","","REG","REG","","PAX","","","00","CES"
"CA1987","B8743","","","A320","CA1988","温州-昆明","WNZ","","D","2017/7/7 16:50","","20:05","","","33-计划","","2017/7/7","","REG","REG","","PAX","","","00","YAG"
"SC4737","B1509","","","B738","SC4738","青岛-昆明","TAO","","D","2017/7/7 16:30","","20:05","","","33-计划","","2017/7/7","","REG","REG","","PAX","","","00","YAG"
"CZ3452","B2396","","","A320","CZ3452","丽江-昆明","LJG","","D","2017/7/7 19:15","","20:08","","","33-计划","","2017/7/7","","REG","REG","","PAX","","","00","YAG"
"MU5952","B5821","","","B737","MU5915","腾冲-昆明","TCZ","","D","2017/7/7 18:55","","20:10","","","33-计划","","2017/7/7","","REG","REG","","PAX","","","00","CES"
"8L9888","B5407","","","B738","8L9955","上海-宜春-昆明","SHA","YIC","D","2017/7/7 18:05","","20:15","","","33-计划","","2017/7/7","","REG","REG","","PAX","","","00","YAG"
"MU5734","B5807","","","B737","MU5734","广州-昆明","CAN","","D","2017/7/7 17:40","","20:15","","","33-计划","","2017/7/7","","REG","REG","","PAX","","","00","CES"
"MU5229","B1772","","","B738","MU5146","温州-昆明","WNZ","","D","2017/7/7 17:15","","20:20","","","33-计划","","2017/7/7","","REG","REG","","PAX","","","00","CES"
"MU5818","B5701","","","B738","","上海-兴义-昆明","SHA","ACX","D","2017/7/7 19:25","","20:20","","","33-计划","","2017/7/7","","REG","REG","","PAX","","","00","CES"
"CZ3467","B6946","","","A320","CZ3468","长沙-昆明","HHA","","D","2017/7/7 18:25","","20:23","","","33-计划","","2017/7/7","","REG","REG","","PAX","","","00","YAG"
"CZ3747","B5743","","","B738","CZ3748","珠海-昆明","ZUH","","D","2017/7/7 18:40","","20:28","","","33-计划","","2017/7/7","","REG","REG","","PAX","","","00","YAG"
"MU2361","B9971","","","A325","MU2362","西安-昆明","XIY","","D","2017/7/7 18:15","","20:30","","","33-计划","","2017/7/7","","REG","REG","","PAX","","","00","CES"
"MU5926","B5267","","","B737","","丽江-昆明","LJG","","D","2017/7/7 19:30","","20:30","","","33-计划","","2017/7/7","","REG","REG","","PAX","","","00","CES"
"8L9846","B6959","","","A320","","杭州-赣州-昆明","HGH","KOW","D","2017/7/7 18:15","","20:30","","","33-计划","","2017/7/7","","REG","REG","","PAX","","","00","YAG"
"MU5463","B6012","","","A320","MU5450","上海-合肥-昆明","PVG","HFE","D","2017/7/7 17:50","","20:40","","","33-计划","","2017/7/7","","REG","REG","","PAX","","","00","CES"
"CZ6977","B1921","","","B738","CZ6978","武汉-昆明","WUH","","D","2017/7/7 18:25","","20:43","","","33-计划","","2017/7/7","","REG","REG","","PAX","","","00","YAG"
"MU5850","B1792","","","B738","MU5763","成都-昆明","CTU","","D","2017/7/7 19:05","","20:45","","","33-计划","","2017/7/7","","REG","REG","","PAX","","","00","CES"
"3U8222","B1819","","","A320","3U8724","福州-南宁-昆明","FOC","NNG","D","2017/7/7 19:35","","20:50","","","33-计划","","2017/7/7","","REG","REG","","PAX","","","00","YAG"
"OQ2357","B1826","","","A320","OQ2358","重庆-昆明","CKG","","D","2017/7/7 19:25","","20:53","","","33-计划","","2017/7/7","","REG","REG","","PAX","","","00","YAG"
"KY8244","B2679","","","B737","KY8247","普洱-昆明","SYM","","D","2017/7/7 19:50","","20:55","","","33-计划","","2017/7/7","","REG","REG","","PAX","","","00","YAG"
"CZ3489","B6623","","","A320","CZ3490","广州-昆明","CAN","","D","2017/7/7 18:30","","20:58","","","33-计划","","2017/7/7","","REG","REG","","PAX","","","00","YAG"
"3U8130","B6448","","","A319","","版纳-昆明","JHG","","D","2017/7/7 19:55","","21:00","","","33-计划","","2017/7/7","","REG","REG","","PAX","","","00","YAG"
"8L9656","B7988","","","B738","","哈尔滨-忻州-昆明","HRB","WUT","D","2017/7/7 18:05","","21:00","","","33-计划","","2017/7/7","","REG","REG","","PAX","","","00","YAG"
"MU5093","B8227","Y","","A320","MU5093","兰州-昆明","ZGC","","D","2017/7/7 18:50","","21:05","","","33-计划","","2017/7/7","","REG","REG","","PAX","","","00","CES"
"DZ6314","B1533","","","B738","DZ6312","南通-长沙-昆明","NTG","HHA","D","2017/7/7 19:00","","21:05","","","33-计划","","2017/7/7","","REG","REG","","PAX","","","00","YAG"
"3U8930","B6732","","","A320","3U8662","沈阳-长沙-昆明","SHE","HHA","D","2017/7/7 18:55","","21:10","","","33-计划","","2017/7/7","","REG","REG","","PAX","","","00","YAG"
"MU5145","B7966","","","B738","MU5230","太原-昆明","TYN","","D","2017/7/7 18:20","","21:15","","","33-计划","","2017/7/7","","REG","REG","","PAX","","","00","CES"
"MU5617","B6829","","","A320","MU5618","南昌-昆明","KHN","","D","2017/7/7 18:45","","21:15","","","33-计划","","2017/7/7","","REG","REG","","PAX","","","00","CES"
"MU9732","B5815","","","B737","MU9732","拉萨-昆明","LXA","","D","2017/7/7 18:55","","21:15","","","33-计划","","2017/7/7","","REG","REG","","PAX","","","00","CES"
"FU6509","B1562","","","B737","FU6510","福州-昆明","FOC","","D","2017/7/7 18:15","","21:20","","","33-计划","","2017/7/7","","REG","REG","","PAX","","","00","YAG"
"MU5738","B5647","","","B738","","广州-昆明","CAN","","D","2017/7/7 18:55","","21:25","","","33-计划","","2017/7/7","","REG","REG","","PAX","","","00","CES"
"MU5898","B2639","","","B737","","普洱-昆明","SYM","","D","2017/7/7 20:20","","21:25","","","33-计划","","2017/7/7","","REG","REG","","PAX","","","00","CES"
"MU9714","B2502","","","B737","","武汉-宜宾-昆明","WUH","YBP","D","2017/7/7 20:25","","21:30","","","33-计划","","2017/7/7","","REG","REG","","PAX","","","00","CES"
"SC4719","B5119","","","B738","SC4720","重庆-昆明","CKG","","D","2017/7/7 19:55","","21:30","","","33-计划","","2017/7/7","","REG","REG","","PAX","","","00","YAG"
"ZH9455","B5401","","","B738","ZH9456","广州-昆明","CAN","","D","2017/7/7 18:50","","21:30","","","33-计划","","2017/7/7","","REG","REG","","PAX","","","00","YAG"
"MU2765","B6637","","","A320","","长春-南京-昆明","CGQ","NKG","D","2017/7/7 18:35","","21:35","","","33-计划","","2017/7/7","","REG","REG","","PAX","","","00","CES"
"MU768","B5903","","","A332","","旧金山-青岛-昆明","SFO","TAO","M","2017/7/7 18:00","","21:35","","","33-计划","","2017/7/7","","REG","REG","","PAX","","","00","CES"
"HU7889","B1797","","","B738","HU7890","深圳-昆明","SZX","","D","2017/7/7 19:05","","21:35","","","33-计划","","2017/7/7","","REG","REG","","PAX","","","00","YAG"
"DR6506","B5830","","","B737","DR6511","芒市-昆明","LUM","","D","2017/7/7 20:25","","21:40","","","33-计划","","2017/7/7","","REG","REG","","PAX","","","00","YAG"
"KY8222","B6493","","","B738","","重庆-昆明","CKG","","D","2017/7/7 20:05","","21:40","","","33-计划","","2017/7/7","","REG","REG","","PAX","","","00","YAG"
"8L9542","B5292","","","B737","8L9801","文山-昆明","WNH","","D","2017/7/7 21:15","","21:45","","","33-计划","","2017/7/7","","REG","REG","","SPE","","","00","YAG"
"3U8848","B1881","","","A320","3U8527","哈尔滨-郑州-昆明","HRB","CGO","D","2017/7/7 19:05","","21:50","","","33-计划","","2017/7/7","","REG","REG","","PAX","","","00","YAG"
"GS7661","B9983","","","A320","GS7662","西安-昆明","XIY","","D","2017/7/7 19:25","","21:50","","","33-计划","","2017/7/7","","REG","REG","","PAX","","","00","YAG"
"MU5878","B2640","","","B737","","杭州-昆明","HGH","","D","2017/7/7 18:45","","21:55","","","","","2017/7/7","","REG","REG","","PAX","","","00","CES"
"KY8342","B2667","","","B737","","南宁-厦门-昆明","NNG","XMN","D","2017/7/7 19:15","","22:00","","","33-计划","","2017/7/7","","REG","REG","","PAX","","","00","YAG"
"MU5646","B6797","","","A322","MU5646","版纳-昆明","JHG","","D","2017/7/7 20:50","","22:00","","","33-计划","","2017/7/7","","REG","REG","","PAX","","","00","CES"
"MU754","B5819","","","B737","","暹粒-昆明","REP","","I","2017/7/7 19:30","","22:00","","","33-计划","","2017/7/7","","REG","REG","","PAX","","","00","CES"
"8L9903","B5268","","","B737","8L9555","版纳-昆明","JHG","","D","2017/7/7 21:00","","22:05","","","33-计划","","2017/7/7","","REG","REG","","PAX","","","00","YAG"
"DR6578","B6109","","","B737","","沈阳-榆林-昆明","SHE","UYN","D","2017/7/7 19:10","","22:05","","","33-计划","","2017/7/7","","REG","REG","","PAX","","","00","YAG"
"KE885","HL8225","","","B738","KE886","首尔-昆明","ICN","","I","2017/7/7 18:30","","22:05","","","33-计划","","2017/7/7","","REG","REG","","PAX","","","00","YAG"
"MU2493","B1422","","","B738","MU2498","温州-武汉-昆明","WNZ","WUH","D","2017/7/7 19:55","","22:10","","","33-计划","","2017/7/7","","REG","REG","","PAX","","","00","CES"
"MU5822","B5515","","","B738","","哈尔滨-东胜-昆明","HRB","DSN","D","2017/7/7 19:20","","22:10","","","33-计划","","2017/7/7","","REG","REG","","PAX","","","00","CES"
"MU758","B5256","","","B737","","加德-昆明","KTM","","I","2017/7/7 18:50","","22:10","","","33-计划","","2017/7/7","","REG","REG","","PAX","","","00","CES"
"3U8528","B1822","","","A320","","西安-昆明","XIY","","D","2017/7/7 19:50","","22:15","","","33-计划","","2017/7/7","","REG","REG","","PAX","","","00","YAG"
"EU2226","B6229","","","A319","EU2224","版纳-昆明","JHG","","D","2017/7/7 21:15","","22:15","","","33-计划","","2017/7/7","","REG","REG","","PAX","","","00","YAG"
"MU2245","B6929","","","A320","MU2246","西宁-昆明","XNN","","D","2017/7/7 19:50","","22:15","","","33-计划","","2017/7/7","","REG","REG","","PAX","","","00","CES"
"MU555","B6805","","","A320","","杭州-昆明","HGH","","D","2017/7/7 19:00","","22:15","","","33-计划","","2017/7/7","","REG","REG","","PAX","","","00","CES"
"MU5706","B5926","","","A33E","MU773","北京-昆明","PEK","","D","2017/7/7 18:40","","22:15","","","33-计划","","2017/7/7","","REG","REG","","PAX","","","00","CES"
"3U8958","B6772","","","A320","","台北-昆明","TPE","","R","2017/7/7 19:10","","22:20","","","33-计划","","2017/7/7","","REG","REG","","PAX","","","00","YAG"
"KY8276","B6495","","","B738","","济南-昆明","TNA","","D","2017/7/7 19:05","","22:20","","","33-计划","","2017/7/7","","REG","REG","","PAX","","","00","YAG"
"MU5884","B5265","","","B737","","湛江-昆明","ZHA","","D","2017/7/7 20:20","","22:20","","","33-计划","","2017/7/7","","REG","REG","","PAX","","","00","CES"
"MU5914","B5245","","","B737","","版纳-昆明","JHG","","D","2017/7/7 21:20","","22:20","","","33-计划","","2017/7/7","","REG","REG","","PAX","","","00","CES"
"MU5733","B5271","","","B737","","丽江-昆明","LJG","","D","2017/7/7 21:30","","22:25","","","33-计划","","2017/7/7","","REG","REG","","PAX","","","00","CES"
"8L9804","B5249","","","B737","8L9906","丽江-昆明","LJG","","D","2017/7/7 21:30","","22:30","","","33-计划","","2017/7/7","","REG","REG","","PAX","","","00","YAG"
"8L9980","B5449","","","B738","","深圳-昆明","SZX","","D","2017/7/7 19:55","","22:30","","","33-计划","","2017/7/7","","REG","REG","","PAX","","","00","YAG"
"CA4417","B6793","","","A320","","成都-昆明","CTU","","D","2017/7/7 20:45","","22:30","","","33-计划","","2017/7/7","","REG","REG","","PAX","","","00","YAG"
"MU5810","B7600","","","B738","","上海-昆明","SHA","","D","2017/7/7 19:10","","22:30","","","33-计划","","2017/7/7","","REG","REG","","PAX","","","00","CES"
"3U8762","B8329","","","A320","","无锡-昆明","WUX","","D","2017/7/7 19:25","","22:35","","","33-计划","","2017/7/7","","REG","REG","","PAX","","","00","YAG"
"CA8937","B5642","","","B738","","大连-武当山-昆明","DLC","WDS","D","2017/7/7 20:25","","22:35","","","33-计划","","2017/7/7","","REG","REG","","PAX","","","00","YAG"
"GJ8690","B1866","","","A320","","长春-徐州-昆明","CGQ","XUZ","D","2017/7/7 19:40","","22:35","","","33-计划","","2017/7/7","","REG","REG","","PAX","","","00","YAG"
"MU5854","B5921","","","A33E","MU777","成都-昆明","CTU","","D","2017/7/7 21:00","","22:35","","","33-计划","","2017/7/7","","REG","REG","","PAX","","","00","CES"
"8L9892","B5732","","","B738","","大连-武汉-昆明","DLC","WUH","D","2017/7/7 20:30","","22:40","","","33-计划","","2017/7/7","","REG","REG","","PAX","","","00","YAG"
"KY8282","B5702","","","B738","","上海-昆明","PVG","","D","2017/7/7 19:15","","22:40","","","33-计划","","2017/7/7","","REG","REG","","PAX","","","00","YAG"
"ZH9451","B5363","","","B738","","广州-昆明","CAN","","D","2017/7/7 20:05","","22:45","","","33-计划","","2017/7/7","","REG","REG","","PAX","","","00","YAG"
"8L9924","B5825","","","B737","8L9945","保山-昆明","BSD","","D","2017/7/7 21:45","","22:50","","","33-计划","","2017/7/7","","REG","REG","","PAX","","","00","YAG"
"KY8234","B6492","","","B738","","太原-昆明","TYN","","D","2017/7/7 20:00","","22:55","","","33-计划","","2017/7/7","","REG","REG","","PAX","","","00","YAG"
"MU5455","B2229","","","A320","","宁波-昆明","NGB","","D","2017/7/7 20:00","","23:00","","","33-计划","","2017/7/7","","REG","REG","","PAX","","","00","CES"
"MU5804","B5293","","","B737","","上海-昆明","SHA","","D","2017/7/7 19:45","","23:00","","","33-计划","","2017/7/7","","REG","REG","","PAX","","","00","CES"
"SC8830","B1508","","","B738","SC8830","德里-昆明","DEL","","I","2017/7/7 18:15","","23:00","","","33-计划","","2017/7/7","","REG","REG","","PAX","","","00","YAG"
"CZ3997","B6098","","","A333","","北京-昆明","PEK","","D","2017/7/7 19:30","","23:03","","","33-计划","","2017/7/7","","REG","REG","","PAX","","","00","YAG"
"MU5782","B7170","","","B738","","厦门-昆明","XMN","","D","2017/7/7 20:25","","23:05","","","33-计划","","2017/7/7","","REG","REG","","PAX","","","00","CES"
"MU5930","B2503","","","B737","","文山-昆明","WNH","","D","2017/7/7 21:50","","23:05","","","33-计划","","2017/7/7","","REG","REG","","PAX","","","00","CES"
"MU5986","B5809","","","B737","","保山-昆明","BSD","","D","2017/7/7 22:00","","23:05","","","33-计划","","2017/7/7","","REG","REG","","PAX","","","00","CES"
"MU5834","B1908","","","B738","","兰州-昆明","ZGC","","D","2017/7/7 20:50","","23:05","","","33-计划","","2017/7/7","","REG","REG","","PAX","","","00","CES"
"KY8206","B5025","","","B737","","哈尔滨-济南-昆明","HRB","TNA","D","2017/7/7 19:55","","23:10","","","33-计划","","2017/7/7","","REG","REG","","PAX","","","00","YAG"
"MU2995","B6872","","","A320","","无锡-重庆-昆明","WUX","CKG","D","2017/7/7 21:30","","23:10","","","33-计划","","2017/7/7","","REG","REG","","PAX","","","00","CES"
"CZ8509","B9915","","","A320","","长春-青岛-昆明","CGQ","TAO","D","2017/7/7 19:45","","23:13","","","33-计划","","2017/7/7","","REG","REG","","PAX","","","00","YAG"
"CA4459","B6846","","","A320","","成都-昆明","CTU","","D","2017/7/7 21:40","","23:15","","","33-计划","","2017/7/7","","REG","REG","","PAX","","","00","YAG"
"KY8298","B2678","","","B737","","长春-石家庄-昆明","CGQ","SJW","D","2017/7/7 20:10","","23:20","","","33-计划","","2017/7/7","","REG","REG","","PAX","","","00","YAG"
"MU2264","B1788","","","B738","","沈阳-西安-昆明","SHE","XIY","D","2017/7/7 21:00","","23:20","","","33-计划","","2017/7/7","","REG","REG","","PAX","","","00","CES"
"MU5078","B8973","","","A320","MU5078","曼谷-昆明","BKK","","I","2017/7/7 20:50","","23:20","","","33-计划","","2017/7/7","","REG","REG","","PAX","","","00","CES"
"KY8210","B7872","","","B737","","版纳-昆明","JHG","","D","2017/7/7 22:20","","23:25","","","33-计划","","2017/7/7","","REG","REG","","PAX","","","00","YAG"
"ZH9714","B6937","","","A322","","沈阳-太原-昆明","SHE","TYN","D","2017/7/7 20:20","","23:25","","","33-计划","","2017/7/7","","REG","REG","","PAX","","","00","YAG"
"MU5726","B1907","","","B738","","乌鲁-昆明","URC","","D","2017/7/7 19:25","","23:25","","","33-计划","","2017/7/7","","REG","REG","","PAX","","","00","CES"
"A67114","B8432","","","A320","","长春-临沂-昆明","CGQ","LYI","D","2017/7/7 20:15","","23:30","","","33-计划","","2017/7/7","","REG","REG","","PAX","","","00","YAG"
"MU2572","B5816","","","B737","","加德-昆明","KTM","","I","2017/7/7 20:20","","23:30","","","33-计划","","2017/7/7","","REG","REG","","PAX","","","00","CES"
"SC8885","B6988","","","B738","SC8885","乌鲁-昆明","URC","","D","2017/7/7 19:20","","23:30","","","33-计划","","2017/7/7","","REG","REG","","PAX","","","00","YAG"
"8L9634","B6800","","","B738","","沙巴-昆明","BKI","","I","2017/7/7 19:10","","23:30","","","33-计划","","2017/7/7","","REG","REG","","PAX","","","00","YAG"
"ZH9415","B5381","","","B737","","深圳-昆明","SZX","","D","2017/7/7 21:00","","23:35","","","33-计划","","2017/7/7","","REG","REG","","PAX","","","00","YAG"
"3U8667","B6956","","","A320","","成都-昆明","CTU","","D","2017/7/7 22:00","","23:40","","","33-计划","","2017/7/7","","REG","REG","","PAX","","","00","YAG"
"8L9972","B1587","","","B738","","海口-昆明","HAK","","D","2017/7/7 21:45","","23:40","","","33-计划","","2017/7/7","","REG","REG","","PAX","","","00","YAG"
"MU5932","B5828","Y","","B737","","迪庆-昆明","DIG","","D","2017/7/7 22:35","","23:40","","","33-计划","","2017/7/7","","REG","REG","","PAX","","","00","CES"
"3U8202","B6322","","","A320","","上海-昆明","PVG","","D","2017/7/7 20:25","","23:45","","","33-计划","","2017/7/7","","REG","REG","","PAX","","","00","YAG"
"MF8429","B5563","","","B738","","厦门-昆明","XMN","","D","2017/7/7 21:00","","23:45","","","33-计划","","2017/7/7","","REG","REG","","PAX","","","00","YAG"
"MU5846","B5820","","","B737","","成都-昆明","CTU","","D","2017/7/7 22:10","","23:45","","","33-计划","","2017/7/7","","REG","REG","","PAX","","","00","CES"
"CZ3419","B6288","","","A320","","广州-昆明","CAN","","D","2017/7/7 21:25","","23:48","","","33-计划","","2017/7/7","","REG","REG","","PAX","","","00","YAG"
"DR6524","B5811","","","B737","","丽江-昆明","LJG","","D","2017/7/7 22:55","","23:50","","","33-计划","","2017/7/7","","REG","REG","","PAX","","","00","YAG"
"KY8302","B1991","","","B738","","惠州-昆明","HUZ","","D","2017/7/7 21:30","","23:50","","","33-计划","","2017/7/7","","REG","REG","","PAX","","","00","YAG"
"DR5340","B7865","","","B738","","包头-兰州-昆明","BAV","ZGC","D","2017/7/7 21:40","","23:55","","","33-计划","","2017/7/7","","REG","REG","","PAX","","","00","YAG"
"MU5922","B5259","","","B737","","丽江-昆明","LJG","","D","2017/7/7 22:55","","23:55","","","33-计划","","2017/7/7","","REG","REG","","PAX","","","00","CES"
"3U8246","B6778","","","A320","","合肥-昆明","HFE","","D","2017/7/7 21:20","","0:05","","","33-计划","","2017/7/8","","REG","REG","","PAX","","","00","YAG"
"KY8266","B2669","","","B737","","杭州-昆明","HGH","","D","2017/7/7 20:55","","0:05","","","33-计划","","2017/7/8","","REG","REG","","PAX","","","00","YAG"
"UW9934","B2330","","","A306","UW9941","德里-昆明","DEL","","I","2017/7/7 20:15","","0:05","","","33-计划","","2017/7/8","","REG","REG","","CGO","","","00","YAG"
"CZ3542","B5112","","","B738","","杭州-武汉-昆明","HGH","WUH","D","2017/7/7 21:55","","0:08","","","33-计划","","2017/7/8","","REG","REG","","PAX","","","00","YAG"
"3U8554","B8331","","","A320","","乌鲁-重庆-昆明","URC","CKG","D","2017/7/7 22:35","","0:10","","","33-计划","","2017/7/8","","REG","REG","","PAX","","","00","YAG"
"KY8270","B1459","","","B737","","丽江-版纳-昆明","LJG","JHG","D","2017/7/7 22:55","","0:10","","","33-计划","","2017/7/8","","REG","REG","","PAX","","","00","YAG"
"KY8334","B1507","","","B738","","大连-西安-昆明","DLC","XIY","D","2017/7/7 21:45","","0:10","","","33-计划","","2017/7/8","","REG","REG","","PAX","","","00","YAG"
"MU5824","B7591","","","B738","","郑州-昆明","CGO","","D","2017/7/7 21:25","","0:10","","","33-计划","","2017/7/8","","REG","REG","","PAX","","","00","CES"
"SC8844","B7885","","","B738","","大阪-济南-昆明","KIX","TNA","M","2017/7/7 20:50","","0:10","","","33-计划","","2017/7/8","","REG","REG","","PAX","","","00","YAG"
"QW9855","B8986","","","A320","","青岛-屯溪-昆明","TAO","TXN","D","2017/7/7 21:20","","0:10","","","33-计划","","2017/7/8","","REG","REG","","PAX","","","00","YAG"
"MU5746","B5756","","","B738","","三亚-昆明","SYX","","D","2017/7/7 22:10","","0:15","","","33-计划","","2017/7/8","","REG","REG","","PAX","","","00","CES"
"MU5972","B5263","","","B737","","芒市-昆明","LUM","","D","2017/7/7 23:15","","0:15","","","33-计划","","2017/7/8","","REG","REG","","PAX","","","00","CES"
"8L9898","B5359","","","B738","","温州-昆明","WNZ","","D","2017/7/7 21:10","","0:20","","","33-计划","","2017/7/8","","REG","REG","","PAX","","","00","YAG"
"DR6516","B5829","","","B737","","天津-襄阳-昆明","TSN","XFN","D","2017/7/7 22:30","","0:20","","","33-计划","","2017/7/8","","REG","REG","","PAX","","","00","YAG"
"MU5708","B1789","","","B738","","北京-昆明","PEK","","D","2017/7/7 20:40","","0:20","","","33-计划","","2017/7/8","","REG","REG","","PAX","","","00","CES"
"MU5750","B1790","","","B738","","盐城-长沙-昆明","YNZ","HHA","D","2017/7/7 22:10","","0:20","","","33-计划","","2017/7/8","","REG","REG","","PAX","","","00","CES"
"KY8240","B6491","","","B738","","青岛-昆明","TAO","","D","2017/7/7 20:50","","0:25","","","33-计划","","2017/7/8","","REG","REG","","PAX","","","00","YAG"
"MU748","B1702","","","B738","","大阪-上海-昆明","KIX","PVG","M","2017/7/7 21:05","","0:25","","","33-计划","","2017/7/8","","REG","REG","","PAX","","","00","CES"
"8L9598","B7167","","","B738","","曼谷-昆明","BKK","","I","2017/7/7 22:10","","0:30","","","33-计划","","2017/7/8","","REG","REG","","PAX","","","00","YAG"
"8L9872","B6221","","","A319","","宁波-宜昌-昆明","NGB","YIH","D","2017/7/7 22:30","","0:30","","","33-计划","","2017/7/8","","REG","REG","","PAX","","","00","YAG"
"DR6522","B1595","","","B738","","成都-昆明","CTU","","D","2017/7/7 22:50","","0:30","","","33-计划","","2017/7/8","","REG","REG","","PAX","","","00","YAG"
"GJ8661","B8146","","","A320","","杭州-贵阳-昆明","HGH","KWE","D","2017/7/7 23:20","","0:30","","","33-计划","","2017/7/8","","REG","REG","","PAX","","","00","YAG"
"MU2785","B6639","","","A320","","南京-昆明","NKG","","D","2017/7/7 21:30","","0:30","","","33-计划","","2017/7/8","","REG","REG","","PAX","","","00","CES"
"HO1093","B6619","","","A320","","上海-昆明","SHA","","D","2017/7/7 21:05","","0:35","","","33-计划","","2017/7/8","","REG","REG","","PAX","","","00","YAG"
"MU5902","B5255","","","B737","","版纳-昆明","JHG","","D","2017/7/7 23:30","","0:35","","","33-计划","","2017/7/8","","REG","REG","","PAX","","","00","CES"
"MU5916","B5821","","","B737","","版纳-昆明","JHG","","D","2017/7/7 23:30","","0:35","","","33-计划","","2017/7/8","","REG","REG","","PAX","","","00","CES"
"8L9876","B8446","","","A320","","厦门-昆明","XMN","","D","2017/7/7 21:50","","0:35","","","33-计划","","2017/7/8","","REG","REG","","PAX","","","00","YAG"
"8L9884","B1588","","","B738","","南京-昆明","NKG","","D","2017/7/7 21:50","","0:40","","","33-计划","","2017/7/8","","REG","REG","","PAX","","","00","YAG"
"KY8250","B7871","","","B737","","丽江-版纳-昆明","LJG","JHG","D","2017/7/7 23:35","","0:40","","","33-计划","","2017/7/8","","REG","REG","","PAX","","","00","YAG"
"MU5772","B7592","","","B738","","广州-昆明","CAN","","D","2017/7/7 22:10","","0:40","","","33-计划","","2017/7/8","","REG","REG","","PAX","","","00","CES"
"8L9998","B5805","","","B737","","乌鲁-兰州-昆明","URC","ZGC","D","2017/7/7 22:25","","0:40","","","33-计划","","2017/7/8","","REG","REG","","PAX","","","00","YAG"
"KY8232","B7870","","","B737","","丽江-昆明","LJG","","D","2017/7/7 23:45","","0:45","","","33-计划","","2017/7/8","","REG","REG","","PAX","","","00","YAG"
"8L9890","B1825","","","A320","","上海-昆明","PVG","","D","2017/7/7 21:35","","0:50","","","33-计划","","2017/7/8","","REG","REG","","PAX","","","00","YAG"
"KY8248","B2679","","","B737","","芒市-昆明","LUM","","D","2017/7/7 23:45","","0:50","","","33-计划","","2017/7/8","","REG","REG","","PAX","","","00","YAG"
"MU5906","B5817","","","B737","","版纳-昆明","JHG","","D","2017/7/7 23:50","","0:50","","","33-计划","","2017/7/8","","REG","REG","","PAX","","","00","CES"
"MU5913","B5807","","","B737","","版纳-昆明","JHG","","D","2017/7/7 23:45","","0:50","","","33-计划","","2017/7/8","","REG","REG","","PAX","","","00","CES"
"MU5766","B7589","","","B738","","大连-郑州-昆明","DLC","CGO","D","2017/7/7 22:05","","0:50","","","33-计划","","2017/7/8","","REG","REG","","PAX","","","00","CES"
"HU7311","B1795","","","B738","","北京-昆明","PEK","","D","2017/7/7 21:30","","0:55","","","33-计划","","2017/7/8","","REG","REG","","PAX","","","00","YAG"
"8L9976","B6016","","","B738","","广州-昆明","CAN","","D","2017/7/7 22:30","","0:55","","","33-计划","","2017/7/8","","REG","REG","","PAX","","","00","YAG"
"MU5704","B5796","","","B738","","北京-济宁-昆明","PEK","JNG","D","2017/7/7 21:55","","0:55","","","33-计划","","2017/7/8","","REG","REG","","PAX","","","00","CES"
"SC4925","B7979","","","B738","","济南-昆明","TNA","","D","2017/7/7 21:45","","1:00","","","33-计划","","2017/7/8","","REG","REG","","PAX","","","00","YAG"
"8L9974","B1798","","","B738","","郑州-昆明","CGO","","D","2017/7/7 22:30","","1:10","","","33-计划","","2017/7/8","","REG","REG","","PAX","","","00","YAG"
"8L9984","B2677","","","B738","","西安-昆明","XIY","","D","2017/7/7 22:55","","1:10","","","33-计划","","2017/7/8","","REG","REG","","PAX","","","00","YAG"
"SC8835","B7976","","","B738","","青岛-景德镇-昆明","TAO","JDZ","D","2017/7/7 22:55","","1:10","","","33-计划","","2017/7/8","","REG","REG","","PAX","","","00","YAG"
"CA4174","B6881","","","A320","","北京-昆明","PEK","","D","2017/7/7 21:40","","1:15","","","33-计划","","2017/7/8","","REG","REG","","PAX","","","00","YAG"
"MU5910","B5097","","","B737","","版纳-昆明","JHG","","D","2017/7/8 0:10","","1:15","","","33-计划","","2017/7/8","","REG","REG","","PAX","","","00","CES"
"QG8816","PK-GQO","","","A320","QG8815","巴厘岛-昆明","DPS","","I","2017/7/7 19:20","","1:15","","","33-计划","","2017/7/8","","REG","REG","","PAX","","","00","YAG"
"3U8824","B8500","","","A320","","南昌-昆明","KHN","","D","2017/7/7 23:05","","1:20","","","33-计划","","2017/7/8","","REG","REG","","PAX","","","00","YAG"
"8L9992","B6809","","","B738","","乌鲁-兰州-昆明","URC","ZGC","D","2017/7/7 23:10","","1:20","","","33-计划","","2017/7/8","","REG","REG","","PAX","","","00","YAG"
"MU5814","B6928","","","A320","","上海-昆明","SHA","","D","2017/7/7 22:00","","1:20","","","33-计划","","2017/7/8","","REG","REG","","PAX","","","00","CES"
"MU5848","B6890","","","A320","","成都-昆明","CTU","","D","2017/7/7 23:45","","1:25","","","33-计划","","2017/7/8","","REG","REG","","PAX","","","00","CES"
"3U8108","B1887","","","A320","","青岛-常州-昆明","TAO","CZX","D","2017/7/7 22:35","","1:30","","","33-计划","","2017/7/8","","REG","REG","","PAX","","","00","YAG"
"3U8968","B6453","","","A319","","大连-重庆-昆明","DLC","CKG","D","2017/7/7 23:55","","1:30","","","33-计划","","2017/7/8","","REG","REG","","PAX","","","00","YAG"
"8L9946","B5806","","","B737","","成都-昆明","CTU","","D","2017/7/7 23:50","","1:30","","","33-计划","","2017/7/8","","REG","REG","","PAX","","","00","YAG"
"MU5720","B7599","","","B738","","北京-昆明","PEK","","D","2017/7/7 21:55","","1:30","","","33-计划","","2017/7/8","","REG","REG","","PAX","","","00","CES"
"8L9986","B8732","","","A320","","呼和-太原-昆明","HET","TYN","D","2017/7/7 22:45","","1:35","","","33-计划","","2017/7/8","","REG","REG","","PAX","","","00","YAG"
"DR6512","B5830","","","B737","","版纳-昆明","JHG","","D","2017/7/8 0:30","","1:35","","","33-计划","","2017/7/8","","REG","REG","","PAX","","","00","YAG"
"DR6560","B1593","","","B738","","大连-太原-昆明","DLC","TYN","D","2017/7/7 22:40","","1:35","","","33-计划","","2017/7/8","","REG","REG","","PAX","","","00","YAG"
"8L9678","B8445","","","A320","","芽庄-昆明","CXR","","I","2017/7/7 23:00","","1:40","","","33-计划","","2017/7/8","","REG","REG","","PAX","","","00","YAG"
"8L9870","B7993","","","B738","","青岛-武汉-昆明","TAO","WUH","D","2017/7/7 23:25","","1:40","","","33-计划","","2017/7/8","","REG","REG","","PAX","","","00","YAG"
"8L9913","B6198","","","A319","","版纳-昆明","JHG","","D","2017/7/8 0:40","","1:40","","","33-计划","","2017/7/8","","REG","REG","","PAX","","","00","YAG"
"DR6562","B7867","","","B738","","沈阳-青岛-昆明","SHE","TAO","D","2017/7/7 22:05","","1:40","","","33-计划","","2017/7/8","","REG","REG","","PAX","","","00","YAG"
"UL828","","","","A332","UL829","科伦坡-昆明","CMB","","I","2017/7/7 21:20","","1:50","","","33-计划","","2017/7/8","","REG","REG","","PAX","","","00","YAG"
"3U8228","B6388","","","A320","","长春-南京-昆明","CGQ","NKG","D","2017/7/7 22:55","","1:50","","","33-计划","","2017/7/8","","REG","REG","","PAX","","","00","YAG"
"8L9690","B7990","","","B738","","合肥-昆明","HFE","","D","2017/7/7 23:20","","1:55","","","33-计划","","2017/7/8","","REG","REG","","PAX","","","00","YAG"
