FLT,VIP,LKF,RFC,VI1,DES,TOF,REG,ITY,STD,SDT,EAN,TAR,GAT,CID,MP1,ETD,ABT,ATD,FSA,POP,OPE,RCP,NAT,FLX,MFF,SST
AK100,,AK101,昆明-吉隆坡,,KUL,I,9MAFF,A320,2017/7/9 17:55,2017/7/9,,,,J11-J14,,,,,33-计划,REG,REG,,PAX,,,0
MI913,,MI912,昆明-新加坡,,SIN,I,9VMGD,B738,2017/7/9 13:10,2017/7/9,,,,J11-J15,,,,,33-计划,REG,REG,,PAX,,,2
MU2498,,MU2493,昆明-武汉,,WUH,D,B1422,B738,2017/7/9 23:20,2017/7/9,1:09,,,,,,,,33-计划,REG,REG,,PAX,,,0
MU2494,,MU2497,昆明-武汉-温州,WUH,WNZ,D,B1422,B738,2017/7/9 11:20,2017/7/9,13:09,,,,,,,,33-计划,REG,REG,,PAX,,,0
KY8351,,KY8314,昆明-芒市,,LUM,D,B1459,B737,2017/7/9 8:00,2017/7/9,,521L,,,,,,,33-计划,REG,REG,,PAX,,,0
KY8269,,KY8352,昆明-丽江,,LJG,D,B1459,B737,2017/7/9 19:10,2017/7/9,20:04,,,,,,,,33-计划,REG,REG,,PAX,,,0
KY8333,,KY8334,昆明-西安-大连,XIY,DLC,D,B1507,B738,2017/7/9 10:00,2017/7/9,11:53,,,,,,,,33-计划,REG,REG,,PAX,,,0
CA1404,,CA1403,昆明-北京,,PEK,D,B1529,B738,2017/7/9 11:40,2017/7/9,14:37,,,,,,,,33-计划,REG,REG,,PAX,,,1
HU7212,,HU7211,昆明-北京,,PEK,D,B1542,B738,2017/7/9 12:55,2017/7/9,15:46,,,,,,,,33-计划,REG,REG,,PAX,,,0
8L9709,,8L9984,昆明-连城-南京,LCX,NKG,D,B1587,B738,2017/7/9 6:40,2017/7/9,8:53,,,,,,,,33-计划,REG,REG,,PAX,,,0
8L9975,,8L9710,昆明-广州,,CAN,D,B1587,B738,2017/7/9 18:50,2017/7/9,20:29,,,,,,,,33-计划,REG,REG,,PAX,,,0
8L9955,,8L9888,昆明-郑州,,CGO,D,B1588,B738,2017/7/9 22:05,2017/7/9,0:17,,,,,,,,33-计划,REG,REG,,PAX,,,1
8L9887,,8L9980,昆明-宜春-上海,YIC,SHA,D,B1588,B738,2017/7/9 8:30,2017/7/9,10:22,538,,,,,,,33-计划,REG,REG,,PAX,,,0
DR6569,,DR6560,昆明-北海,,BHY,D,B1593,B738,2017/7/9 7:20,2017/7/9,8:37,,,,,,,,33-计划,REG,REG,,PAX,,,0
DR6559,,DR6570,昆明-太原-大连,TYN,DLC,D,B1593,B738,2017/7/9 12:40,2017/7/9,15:04,,,,,,,,33-计划,REG,REG,,PAX,,,0
DR6521,,DR6522,昆明-成都,,CTU,D,B1595,B738,2017/7/9 7:00,2017/7/9,8:03,,,,,,,,33-计划,REG,REG,,PAX,,,0
DR6537,,DR6530,昆明-兰州,,ZGC,D,B1597,B738,2017/7/9 18:55,2017/7/9,20:50,,,,,,,,33-计划,REG,REG,,PAX,,,0
DR6529,,DR6538,昆明-太原-呼和,TYN,HET,D,B1597,B738,2017/7/9 7:35,2017/7/9,10:00,,,,,,,,33-计划,REG,REG,,PAX,,,0
MU5093,,MU5093,昆明-新加坡,,SIN,I,B1609,A320,2017/7/9 22:35,2017/7/9,2:30,311,,,,,,,33-计划,REG,REG,,PAX,,,0
B7290,,B7289,昆明-高雄,,KHH,R,B16219,A321,2017/7/9 12:05,2017/7/9,,,,,,,,,33-计划,REG,REG,,PAX,,,0
MU2976,,MU2975,昆明-重庆-无锡,CKG,WUX,D,B1635,A320,2017/7/9 14:25,2017/7/9,15:40,,,,,,,,33-计划,REG,REG,,PAX,,,0
MU2206,,MU2205,昆明-银川,,INC,D,B1641,A320,2017/7/9 11:35,2017/7/9,13:54,,,,,,,,33-计划,REG,REG,,PAX,,,0
MU2186,,MU2185,昆明-银川,,INC,D,B1641,A320,2017/7/9 19:05,2017/7/9,21:23,,,,,,,,33-计划,REG,REG,,PAX,,,0
JD5156,,JD5155,昆明-丽江,,LJG,D,B1643,A319,2017/7/9 16:05,2017/7/9,16:58,,,,,,,,33-计划,REG,REG,,PAX,,,0
3U8837,,3U8838,昆明-万州-北京,WXN,PEK,D,B1662,A320,2017/7/9 14:15,2017/7/9,15:42,,,,,,,,33-计划,REG,REG,,PAX,,,0
MU2996,,MU2995,昆明-重庆-无锡,CKG,WUX,D,B1678,A320,2017/7/9 7:45,2017/7/9,8:59,114,16,,,,,,33-计划,REG,REG,,PAX,,,0
MU2986,,MU2985,昆明-无锡,,WUX,D,B1678,A320,2017/7/9 20:10,2017/7/9,22:42,,,,,,,,33-计划,REG,REG,,PAX,,,0
QW9856,,QW9855,昆明-屯溪-青岛,TXN,TAO,D,B1693,A320,2017/7/9 6:55,2017/7/9,9:07,148,53,,,,,,33-计划,REG,REG,,PAX,,,0
CZ3452,,CZ3452,昆明-深圳,,SZX,D,B1697,A320,2017/7/9 21:20,2017/7/9,23:01,,,,,,,,33-计划,REG,REG,,PAX,,,0
CZ3451,,CZ3451,昆明-丽江,,LJG,D,B1697,A320,2017/7/9 17:20,2017/7/9,18:11,,,,,,,,33-计划,REG,REG,,PAX,,,0
MU747,,MU5818,昆明-上海-大阪,PVG,KIX,M,B1702,B738,2017/7/9 7:50,2017/7/9,10:37,506,,,,,,,33-计划,REG,REG,,PAX,,,0
MU2570,,MU2570,昆明-北京,,PEK,D,B1703,B738,2017/7/9 16:00,2017/7/9,19:25,,,,,,,,33-计划,REG,REG,,PAX,,,0
MU2595,,MU5834,昆明-清迈,,CNX,I,B1703,B738,2017/7/9 6:30,2017/7/9,7:57,104,78,,,,,,33-计划,REG,REG,,PAX,,,0
MU5146,,MU5229,昆明-太原,,TYN,D,B1722,B738,2017/7/9 21:20,2017/7/9,23:39,,,,,,,,33-计划,REG,REG,,PAX,,,0
MU5230,,MU5145,昆明-温州,,WNZ,D,B1723,B738,2017/7/9 22:25,2017/7/9,0:51,,,,,,,,33-计划,REG,REG,,PAX,,,0
HU7890,,HU7889,昆明-深圳,,SZX,D,B1728,B738,2017/7/9 22:40,2017/7/9,,,,,,,,,33-计划,REG,REG,,PAX,,,0
SC4770,,SC4769,昆明-厦门,,XMN,D,B1743,B738,2017/7/9 11:20,2017/7/9,13:36,,,,,,,,33-计划,REG,REG,,PAX,,,0
SC8885,,SC8885,昆明-曼谷,,BKK,I,B1745,B738,2017/7/10 1:00,2017/7/10,2:59,,,J16-J19,,,,,33-计划,REG,REG,,PAX,,,0
MU2568,,MU2568,昆明-广州,,CAN,D,B1788,B738,2017/7/9 22:00,2017/7/9,23:42,,,,,,,,33-计划,REG,REG,,PAX,,,0
MU2029,,MU748,昆明-曼德勒,,MDL,I,B1788,B738,2017/7/9 14:45,2017/7/9,16:03,509,,,,,,,33-计划,REG,REG,,PAX,,,0
MU2574,,MU2574,昆明-北京,,PEK,D,B1789,B738,2017/7/9 20:30,2017/7/9,23:29,,,,,,,,33-计划,REG,REG,,PAX,,,0
MU2573,,MU2573,昆明-万象,,VTE,I,B1789,B738,2017/7/9 14:30,2017/7/9,15:50,,,,,,,,33-计划,REG,REG,,PAX,,,0
MU5809,,MU5732,昆明-上海,,SHA,D,B1790,B738,2017/7/9 15:00,2017/7/9,17:46,,,,,,,,33-计划,REG,REG,,PAX,,,0
MU5731,,MU5750,昆明-广州,,CAN,D,B1790,B738,2017/7/9 8:00,2017/7/9,9:43,708L,,,,,,,33-计划,REG,MVT,,PAX,,,0
MU555,,MU5810,昆明-加尔,,CCU,I,B1790,B738,2017/7/9 23:35,2017/7/9,2:10,,,,,,,,33-计划,REG,REG,,PAX,,,0
MU783,,MU5750,昆明-南宁-万象,NNG,VTE,M,B1791,B738,2017/7/9 8:30,2017/7/9,9:35,,,,,,,,33-计划,REG,REG,,PAX,,,0
MU5771,,MU784,昆明-广州,,CAN,D,B1791,B738,2017/7/9 18:50,2017/7/9,20:30,,,,,,,,33-计划,REG,REG,,PAX,,,0
MU5811,,MU5764,昆明-上海,,SHA,D,B1792,B738,2017/7/9 12:00,2017/7/9,14:45,,,,,,,,33-计划,REG,REG,,PAX,,,0
MU5763,,MU5812,昆明-深圳,,SZX,D,B1792,B738,2017/7/9 22:00,2017/7/9,23:44,,,,,,,,33-计划,REG,REG,,PAX,,,0
3U8823,,3U8768,昆明-南昌,,KHN,D,B1819,A320,2017/7/9 19:45,2017/7/9,21:34,,,,,,,,33-计划,REG,REG,,PAX,,,0
3U8767,,3U8244,昆明-南宁-温州,NNG,WNZ,D,B1819,A320,2017/7/9 7:00,2017/7/9,7:59,156,15,,,,,,33-计划,REG,REG,,PAX,,,0
3U8668,,3U8514,昆明-成都,,CTU,D,B1820,A320,2017/7/9 18:20,2017/7/9,19:25,,,,,,,,33-计划,REG,REG,,PAX,,,0
3U8513,,3U8228,昆明-重庆-兰州,CKG,ZGC,D,B1820,A320,2017/7/9 7:15,2017/7/9,8:22,,,,,,,,33-计划,REG,REG,,PAX,,,0
8L9803,,8L9986,昆明-丽江,,LJG,D,B1825,A320,2017/7/9 7:15,2017/7/9,8:06,,,,,,,,33-计划,REG,REG,,PAX,,,0
OQ2358,,OQ2357,昆明-重庆,,CKG,D,B1827,A320,2017/7/9 22:00,2017/7/9,23:11,,,,,,,,33-计划,REG,REG,,PAX,,,1
OQ2328,,OQ2327,昆明-重庆,,CKG,D,B1827,A320,2017/7/9 9:50,2017/7/9,10:56,,,,,,,,33-计划,REG,REG,,PAX,,,1
CZ6426,,CZ6425,昆明-武汉-大连,WUH,DLC,D,B1828,A320,2017/7/9 13:55,2017/7/9,15:42,,,,,,,,33-计划,REG,REG,,PAX,,,0
MU5454,,MU5453,昆明-武汉-宁波,WUH,NGB,D,B1836,A320,2017/7/9 14:15,2017/7/9,16:06,,,,,,,,33-计划,REG,REG,,PAX,,,0
MU5498,,MU5497,昆明-青岛,,TAO,D,B1859,A320,2017/7/9 12:10,2017/7/9,15:11,,,,,,,,33-计划,REG,REG,,PAX,,,0
MU5077,,MU5077,昆明-曼谷,,BKK,I,B1862,A320,2017/7/9 16:10,2017/7/9,18:11,,,,,,,,33-计划,REG,REG,,PAX,,,0
GJ8871,,GJ8661,昆明-临沂-长春,LYI,CGQ,D,B1867,A320,2017/7/9 8:05,2017/7/9,10:48,,,,,,,,33-计划,REG,REG,,PAX,,,0
CZ6924,,CZ6923,昆明-深圳,,SZX,D,B1880,A321,2017/7/9 22:20,2017/7/9,0:02,,,,,,,,33-计划,REG,REG,,PAX,,,0
3U8917,,3U8824,昆明-厦门,,XMN,D,B1881,A320,2017/7/9 6:25,2017/7/9,8:39,,,,,,,,33-计划,REG,REG,,PAX,,,0
3U8107,,3U8918,昆明-常州-青岛,CZX,TAO,D,B1881,A320,2017/7/9 14:05,2017/7/9,16:26,,,,,,,,33-计划,REG,REG,,PAX,,,0
3U8724,,3U8222,昆明-北京,,PEK,D,B1886,A320,2017/7/9 21:50,2017/7/9,0:39,,,,,,,,33-计划,REG,REG,,PAX,,,0
3U8221,,3U8667,昆明-南宁-福州,NNG,FOC,D,B1886,A320,2017/7/9 11:55,2017/7/9,12:58,525R,,,,,,,33-计划,REG,REG,,PAX,,,0
MU741,,MU5740,昆明-曼谷,,BKK,I,B1907,B738,2017/7/9 13:00,2017/7/9,15:08,,,,,,,,33-计划,REG,REG,,PAX,,,0
MU5775,,MU7182,昆明-广州,,CAN,D,B1908,B738,2017/7/9 8:40,2017/7/9,10:22,703,,,,,,,33-计划,REG,REG,,PAX,,,0
MU5737,,MU5776,昆明-广州,,CAN,D,B1908,B738,2017/7/9 15:35,2017/7/9,17:20,,,,,,,,33-计划,REG,REG,,PAX,,,0
MU5733,,MU5738,昆明-广州,,CAN,D,B1908,B738,2017/7/9 23:15,2017/7/9,0:56,,,,,,,,33-计划,REG,REG,,PAX,,,0
CZ3416,,CZ3415,昆明-广州,,CAN,D,B1925,B738,2017/7/9 15:10,2017/7/9,16:49,,,,,,,,33-计划,REG,REG,,PAX,,,0
KY8281,,KY8254,昆明-上海,,PVG,D,B1926,B738,2017/7/9 14:40,2017/7/9,17:29,,,,,,,,33-计划,REG,REG,,PAX,,,0
KY8253,,KY8222,昆明-西安,,XIY,D,B1926,B738,2017/7/9 8:10,2017/7/9,10:01,714,,,,,,,33-计划,REG,REG,,PAX,,,0
SC4874,,SC4873,昆明-济南-烟台,TNA,YNT,D,B1931,B738,2017/7/9 12:50,2017/7/9,15:26,,,,,,,,33-计划,REG,REG,,PAX,,,0
CZ6950,,CZ6949,昆明-重庆-乌鲁,CKG,URC,D,B1952,B738,2017/7/9 17:45,2017/7/9,18:57,,,,,,,,33-计划,REG,REG,,PAX,,,0
DR6591,,DR6592,昆明-西安,,XIY,D,B1960,B738,2017/7/9 6:35,2017/7/9,8:25,,,,,,,,33-计划,REG,REG,,PAX,,,0
BK2798,,BK2716,昆明-长沙,,HHA,D,B1963,B738,2017/7/9 18:10,2017/7/9,19:47,,,,,,,,33-计划,REG,REG,,PAX,,,0
BK2715,,BK2797,昆明-南京,,NKG,D,B1963,B738,2017/7/9 10:10,2017/7/9,12:32,,,,,,,,33-计划,REG,REG,,PAX,,,0
FM9430,,FM9429,昆明-衡阳-上海,HNY,PVG,D,B1968,B738,2017/7/9 17:25,2017/7/9,18:54,,,,,,,,33-计划,REG,REG,,PAX,,,0
MU5299,,MU5292,昆明-太原-北京,TYN,PEK,D,B1981,B738,2017/7/9 16:15,2017/7/9,18:38,,,,,,,,33-计划,REG,REG,,PAX,,,0
KN5212,,KN2381,昆明-汉中-南苑,HZG,NAY,D,B1989,B738,2017/7/9 11:10,2017/7/9,12:42,,,,,,,,33-计划,REG,REG,,PAX,,,0
KN2382,,KN5211,昆明-石家庄,,SJW,D,B1990,B738,2017/7/9 20:55,2017/7/9,23:32,,,,,,,,33-计划,REG,REG,,PAX,,,0
KY8275,,KY8308,昆明-济南,,TNA,D,B1991,B738,2017/7/9 14:10,2017/7/9,16:58,,,,,,,,33-计划,REG,REG,,PAX,,,0
UW9941,,UW9934,昆明-达卡,,DAC,I,B2325,A306,2017/7/10 0:25,2017/7/10,,720,,,,,,,33-计划,REG,REG,,CGO,,,0
MU2434,,MU2433,昆明-宜昌-青岛,YIH,TAO,D,B2333,A319,2017/7/9 20:20,2017/7/9,21:59,,,,,,,,33-计划,REG,REG,,PAX,,,0
MU2246,,MU2245,昆明-西宁,,XNN,D,B2356,A320,2017/7/9 23:15,2017/7/9,1:22,,,,,,,,33-计划,REG,REG,,PAX,,,0
MU2360,,MU2359,昆明-西宁,,XNN,D,B2372,A320,2017/7/9 10:20,2017/7/9,12:30,,,,,,,,33-计划,REG,REG,,PAX,,,0
CZ3460,,CZ3459,昆明-深圳,,SZX,D,B2395,A320,2017/7/9 11:35,2017/7/9,13:16,,,,,,,,33-计划,REG,REG,,PAX,,,0
HU7112,,HU7111,昆明-北京,,PEK,D,B2491,B763,2017/7/9 20:25,2017/7/9,23:16,,,,,,,,33-计划,REG,REG,,PAX,,,1
MU5929,,MU5874,昆明-文山,,WNH,D,B2502,B737,2017/7/9 20:25,2017/7/9,21:00,,,,,,,,33-计划,REG,REG,,PAX,,,0
MU5873,,MU5930,昆明-宜宾-厦门,YBP,XMN,D,B2502,B737,2017/7/9 8:15,2017/7/9,9:08,127,45,,,,,,33-计划,REG,REG,,PAX,,,0
MU5971,Y,MU5898,昆明-芒市,,LUM,D,B2503,B737,2017/7/9 9:25,2017/7/9,10:19,516,,,,,,,33-计划,REG,REG,,PAX,,,0
MU5967,,MU5757,昆明-临沧,,LNJ,D,B2503,B737,2017/7/9 13:45,2017/7/9,14:27,,,,,,,,33-计划,REG,REG,,PAX,,,0
MU5714,,MU5968,昆明-普洱,,SYM,D,B2503,B737,2017/7/9 18:35,2017/7/9,19:18,,,,,,,,33-计划,REG,REG,,PAX,,,0
FM9452,,FM9451,昆明-上海,,SHA,D,B2570,B763,2017/7/9 14:00,2017/7/9,16:39,,,,,,,,33-计划,REG,REG,,PAX,,,0
CA1488,,CA1487,昆明-达县-北京,DAX,PEK,D,B2613,B737,2017/7/9 15:25,2017/7/9,16:46,,,,,,,,33-计划,REG,REG,,PAX,,,0
CZ3492,,CZ3492,昆明-郑州,,CGO,D,B2620,B737,2017/7/9 15:30,2017/7/9,17:40,,,,,,,,33-计划,REG,REG,,PAX,,,0
CZ3491,,CZ3491,昆明-版纳,,JHG,D,B2620,B737,2017/7/9 11:35,2017/7/9,12:20,,,,,,,,33-计划,REG,REG,,PAX,,,0
CZ6370,,CZ6370,昆明-郑州,,CGO,D,B2622,B737,2017/7/9 21:00,2017/7/9,23:07,,,,,,,,33-计划,REG,REG,,PAX,,,0
CZ6369,,CZ6369,昆明-版纳,,JHG,D,B2622,B737,2017/7/9 16:50,2017/7/9,17:36,,,,,,,,33-计划,REG,REG,,PAX,,,0
MU5959,,MU5958,昆明-临沧,,LNJ,D,B2639,B737,2017/7/9 16:25,2017/7/9,17:07,,,,,,,,33-计划,REG,REG,,PAX,,,0
MU5957,,MU5715,昆明-临沧,,LNJ,D,B2639,B737,2017/7/9 9:35,2017/7/9,10:15,315,,,,,,,33-计划,REG,REG,,PAX,,,0
KY8341,,KY8342,昆明-厦门-南宁,XMN,NNG,D,B2667,B737,2017/7/9 9:15,2017/7/9,11:35,532,,,,,,,33-计划,REG,REG,,PAX,,,0
KY8265,,KY8236,昆明-杭州,,HGH,D,B2669,B737,2017/7/9 16:50,2017/7/9,19:16,,,,,,,,33-计划,REG,REG,,PAX,,,0
KY8235,,KY8206,昆明-杭州,,HGH,D,B2669,B737,2017/7/9 8:15,2017/7/9,10:43,146,57,,,,,,33-计划,REG,REG,,PAX,,,0
8L9983,,8L9864,昆明-西安,,XIY,D,B2677,B738,2017/7/9 19:30,2017/7/9,21:19,,,,,,,,33-计划,REG,REG,,PAX,,,0
8L9863,,8L9884,昆明-重庆-徐州,CKG,XUZ,D,B2677,B738,2017/7/9 7:00,2017/7/9,8:10,,,,,,,,33-计划,REG,REG,,PAX,,,0
KY8247,,KY8244,昆明-芒市,,LUM,D,B2678,B737,2017/7/9 21:55,2017/7/9,22:46,,,,,,,,33-计划,REG,REG,,PAX,,,0
KY8243,,KY8230,昆明-普洱,,SYM,D,B2678,B737,2017/7/9 18:15,2017/7/9,18:58,,,,,,,,33-计划,REG,REG,,PAX,,,0
KY8229,,KY8270,昆明-腾冲,,TCZ,D,B2678,B737,2017/7/9 8:00,2017/7/9,8:55,,,,,,,,33-计划,REG,REG,,PAX,,,0
KY8301,,KY8246,昆明-惠州,,HUZ,D,B2679,B737,2017/7/9 18:40,2017/7/9,20:29,,,,,,,,33-计划,REG,REG,,PAX,,,0
KY8245,,KY8248,昆明-芒市,,LUM,D,B2679,B737,2017/7/9 13:10,2017/7/9,14:02,,,,,,,,33-计划,REG,REG,,PAX,,,0
CZ3541,,CZ3542,昆明-武汉-杭州,WUH,HGH,D,B2695,B738,2017/7/9 7:45,2017/7/9,9:30,,,,,,,,33-计划,REG,REG,,PAX,,,0
CF9017,,CF9018,昆明-南京,,NKG,D,B2827,B757,2017/7/10 0:05,2017/7/10,2:24,,,,,,,,33-计划,REG,REG,,CGO,,,0
KY8205,,KY8266,昆明-济南-哈尔滨,TNA,HRB,D,B5025,B737,2017/7/9 9:05,2017/7/9,11:43,522L,,,,,,,33-计划,REG,REG,,PAX,,,0
KY8297,,KY8298,昆明-石家庄-长春,SJW,CGQ,D,B5026,B737,2017/7/9 9:40,2017/7/9,12:21,521R,,,,,,,33-计划,REG,REG,,PAX,,,0
MU5815,,MU5942,昆明-六盘水-上海,LPF,SHA,D,B5054,B737,2017/7/9 14:25,2017/7/9,15:05,,,,,,,,33-计划,REG,REG,,PAX,,,0
HU7088,,HU7087,昆明-海口,,HAK,D,B5090,B738,2017/7/9 10:35,2017/7/9,12:04,,,,,,,,33-计划,REG,REG,,PAX,,,1
MU5748,,MU5771,昆明-版纳,,JHG,D,B5097,B737,2017/7/9 19:05,2017/7/9,19:52,,,,,,,,33-计划,REG,REG,,PAX,,,0
MU5732,,MU5816,昆明-西昌,,XIC,D,B5097,B737,2017/7/9 14:50,2017/7/9,15:35,,,,,,,,33-计划,REG,REG,,PAX,,,0
FM9540,,FM9539,昆明-温州,,WNZ,D,B5130,B738,2017/7/9 12:00,2017/7/9,14:31,,,,,,,,33-计划,REG,REG,,PAX,,,0
CZ3858,,CZ3857,昆明-汕头,,SWA,D,B5155,B738,2017/7/9 12:15,2017/7/9,14:13,,,,,,,,33-计划,REG,REG,,PAX,,,0
FM9542,,FM9541,昆明-郑州,,CGO,D,B5185,B738,2017/7/9 11:50,2017/7/9,14:04,,,,,,,,33-计划,REG,REG,,PAX,,,0
NS3270,,NS3269,昆明-石家庄,,SJW,D,B5212,B737,2017/7/9 20:25,2017/7/9,22:59,,,,,,,,33-计划,REG,REG,,PAX,,,0
MF8406,,MF8405,昆明-厦门,,XMN,D,B5218,B737,2017/7/9 11:50,2017/7/9,14:05,,,,,,,,33-计划,REG,REG,,PAX,,,5
MU5983,,MU5737,昆明-保山,,BSD,D,B5225,B737,2017/7/9 16:05,2017/7/9,16:51,,,,,,,,33-计划,REG,REG,,PAX,,,0
MU5891,,MU2586,昆明-普洱,,SYM,D,B5225,B737,2017/7/9 7:55,2017/7/9,8:38,712,,,,,,,33-计划,REG,REG,,PAX,,,0
MU5740,,MU5892,昆明-大理,,DLU,D,B5225,B737,2017/7/9 11:50,2017/7/9,12:34,,,,,,,,33-计划,REG,REG,,PAX,,,0
MU5712,,MU5984,昆明-芒市,,LUM,D,B5225,B737,2017/7/9 21:35,2017/7/9,22:26,,,,,,,,33-计划,REG,REG,,PAX,,,0
MU5903,,MU9716,昆明-版纳,,JHG,D,B5231,B737,2017/7/9 8:50,2017/7/9,9:37,702,,,,,,,33-计划,REG,REG,,PAX,,,0
MU5724,,MU5724,昆明-版纳,,JHG,D,B5231,B737,2017/7/9 21:35,2017/7/9,22:21,,,,,,,,33-计划,REG,REG,,PAX,,,0
MU5723,,MU5723,昆明-西安,,XIY,D,B5231,B737,2017/7/9 14:10,2017/7/9,16:01,,,,,,,,33-计划,REG,REG,,PAX,,,1
CZ6602,,CZ6601,昆明-郑州,,CGO,D,B5238,B737,2017/7/9 22:10,2017/7/9,0:18,,,,,,,,33-计划,REG,REG,,PAX,,,0
MU5989,,MU5962,昆明-昭通-重庆,ZAT,CKG,D,B5242,B737,2017/7/9 11:25,2017/7/9,11:58,,,,,,,,33-计划,REG,REG,,PAX,,,0
MU5961,,MU5910,昆明-临沧,,LNJ,D,B5242,B737,2017/7/9 8:10,2017/7/9,8:51,,,,,,,,33-计划,REG,REG,,PAX,,,0
MU9755,,MU5737,昆明-保山,,BSD,D,B5245,B737,2017/7/9 8:30,2017/7/9,9:18,512,,,,,,,33-计划,REG,REG,,PAX,,,0
MU5920,,MU5803,昆明-丽江,,LJG,D,B5245,B737,2017/7/9 18:05,2017/7/9,18:59,,,,,,,,33-计划,REG,REG,,PAX,,,0
MU5717,,MU9756,昆明-腾冲,,TCZ,D,B5245,B737,2017/7/9 13:45,2017/7/9,14:38,,,,,,,,33-计划,REG,REG,,PAX,,,0
8L9801,,8L9520,昆明-丽江,,LJG,D,B5248,B737,2017/7/9 23:10,2017/7/9,0:00,,,,,,,,33-计划,REG,REG,,PAX,,,0
8L9519,,8L9932,昆明-芒市,,LUM,D,B5248,B737,2017/7/9 11:35,2017/7/9,12:25,525L,,,,,,,33-计划,REG,REG,,PAX,,,0
8L9851,,8L9852,昆明-腾冲,,TCZ,D,B5249,B737,2017/7/9 15:55,2017/7/9,16:48,,,,,,,,33-计划,REG,REG,,PAX,,,0
MU5883,,MU5844,昆明-湛江,,ZHA,D,B5255,B737,2017/7/9 17:40,2017/7/9,19:16,,,,,,,,33-计划,REG,REG,,PAX,,,0
MU5843,,MU5906,昆明-成都,,CTU,D,B5255,B737,2017/7/9 11:00,2017/7/9,12:05,,,,,,,,33-计划,REG,REG,,PAX,,,0
MU5706,,MU5884,昆明-版纳,,JHG,D,B5255,B737,2017/7/9 23:25,2017/7/9,0:11,,,,,,,,33-计划,REG,REG,,PAX,,,0
MU5973,,MU5747,昆明-芒市,,LUM,D,B5256,B737,2017/7/9 10:25,2017/7/9,11:17,,,,,,,,33-计划,REG,REG,,PAX,,,0
MU2571,,MU5974,昆明-加德,,KTM,I,B5256,B737,2017/7/9 16:05,2017/7/9,18:50,,,,,,,,33-计划,REG,REG,,PAX,,,0
MU7184,,MU5461,昆明-北京,,PEK,D,B5257,B737,2017/7/9 21:15,2017/7/9,0:35,,,,,,,,33-计划,REG,REG,,PAX,,,0
MU5462,,MU2143,昆明-温州,,WNZ,D,B5257,B737,2017/7/9 11:35,2017/7/9,14:06,,,,,,,,33-计划,REG,REG,,PAX,,,0
MU2144,,MU7183,昆明-太原,,TYN,D,B5258,B737,2017/7/9 18:40,2017/7/9,21:02,,,,,,,,33-计划,REG,REG,,PAX,,,0
MU757,,MU5964,昆明-加德,,KTM,I,B5259,B737,2017/7/9 14:25,2017/7/9,17:10,,,,,,,,33-计划,REG,REG,,PAX,,,0
MU5963,,MU5711,昆明-临沧,,LNJ,D,B5259,B737,2017/7/9 11:00,2017/7/9,11:41,,,,,,,,33-计划,REG,REG,,PAX,,,0
FM9454,,FM9454,昆明-上海,,SHA,D,B5261,B737,2017/7/9 16:40,2017/7/9,19:22,,,,,,,,33-计划,REG,REG,,PAX,,,0
FM9453,,FM9453,昆明-版纳,,JHG,D,B5261,B737,2017/7/9 13:00,2017/7/9,13:48,,,,,,,,33-计划,REG,REG,,PAX,,,0
MU5985,,MU5944,昆明-保山,,BSD,D,B5263,B737,2017/7/9 8:55,2017/7/9,9:44,713,,,,,,,33-计划,REG,REG,,PAX,,,0
MU5803,,MU2562,昆明-上海,,SHA,D,B5263,B737,2017/7/9 20:20,2017/7/9,23:03,,,,,,,,33-计划,REG,REG,,PAX,,,0
MU2561,,MU5743,昆明-琅勃,,LPQ,I,B5263,B737,2017/7/9 14:05,2017/7/9,15:18,,,,,,,,33-计划,REG,REG,,PAX,,,0
MU5941,,MU5916,昆明-大理,,DLU,D,B5265,B737,2017/7/9 9:25,2017/7/9,10:08,710,,,,,,,33-计划,REG,REG,,PAX,,,0
MU5909,,MU5763,昆明-版纳,,JHG,D,B5265,B737,2017/7/9 22:20,2017/7/9,23:07,,,,,,,,33-计划,REG,REG,,PAX,,,0
MU9743,,MU5928,昆明-昭通-北京,ZAT,PEK,D,B5267,B737,2017/7/9 18:35,2017/7/9,19:10,,,,,,,,33-计划,REG,REG,,PAX,,,0
MU5927,,MU5972,昆明-文山,,WNH,D,B5267,B737,2017/7/9 10:20,2017/7/9,10:55,,,,,,,,33-计划,REG,REG,,PAX,,,0
MU5905,,MU9737,昆明-版纳,,JHG,D,B5270,B737,2017/7/9 22:05,2017/7/9,22:55,,,,,,,,33-计划,REG,REG,,PAX,,,0
MU5739,,MU5986,昆明-广州,,CAN,D,B5270,B737,2017/7/9 11:05,2017/7/9,12:49,503,,,,,,,33-计划,REG,REG,,PAX,,,0
MU5921,,MU5922,昆明-丽江,,LJG,D,B5271,B737,2017/7/9 7:05,2017/7/9,7:59,,,,,,,,33-计划,REG,REG,,PAX,,,0
8L9923,,8L9915,昆明-保山,,BSD,D,B5272,B737,2017/7/9 12:55,2017/7/9,13:41,,,,,,,,33-计划,REG,REG,,PAX,,,1
8L9916,,8L9936,昆明-版纳,,JHG,D,B5272,B737,2017/7/9 6:50,2017/7/9,7:36,168,9,,,,,,33-计划,REG,REG,,PAX,,,0
8L9906,,8L9924,昆明-版纳,,JHG,D,B5272,B737,2017/7/9 23:45,2017/7/9,0:32,,,,,,,,33-计划,REG,REG,,PAX,,,1
MU5987,,MU5942,昆明-保山,,BSD,D,B5276,B737,2017/7/9 7:50,2017/7/9,8:38,711,,,,,,,33-计划,REG,REG,,PAX,,,0
MU5744,,MU5744,昆明-丽江,,LJG,D,B5276,B737,2017/7/9 20:55,2017/7/9,21:48,,,,,,,,33-计划,REG,REG,,PAX,,,0
MU5743,,MU5988,昆明-广州,,CAN,D,B5276,B737,2017/7/9 13:35,2017/7/9,15:18,,,,,,,,33-计划,REG,REG,,PAX,,,0
MU5943,,MU5970,昆明-大理,,DLU,D,B5282,B737,2017/7/9 7:40,2017/7/9,8:24,311,,,,,,,33-计划,REG,REG,,PAX,,,0
8L9711,,8L9842,昆明-桂林-汕头,KWL,SWA,D,B5292,B737,2017/7/9 15:10,2017/7/9,16:25,,,,,,,,33-计划,REG,REG,,PAX,,,0
8L9841,,8L9905,昆明-普洱,,SYM,D,B5292,B737,2017/7/9 8:45,2017/7/9,9:26,,,,,,,,33-计划,REG,REG,,PAX,,,0
MU5825,,MU5718,昆明-桂林,,KWL,D,B5293,B737,2017/7/9 9:45,2017/7/9,11:20,508,,,,,,,33-计划,REG,REG,,PAX,,,0
MU5747,,MU5722,昆明-天津,,TSN,D,B5295,B737,2017/7/9 9:45,2017/7/9,12:45,,,,,,,,33-计划,REG,REG,,PAX,,,0
ZH9412,,ZH9411,昆明-深圳,,SZX,D,B5317,B737,2017/7/9 11:00,2017/7/9,12:46,,,,,,,,33-计划,REG,REG,,PAX,,,0
MF8476,,MF8641,昆明-福州,,FOC,D,B5319,B738,2017/7/9 20:15,2017/7/9,22:38,,,,,,,,33-计划,REG,REG,,PAX,,,3
8L9865,,8L9690,昆明-济南,,TNA,D,B5359,B738,2017/7/9 7:10,2017/7/9,9:49,,,,,,,,33-计划,REG,REG,,PAX,,,0
ZH9456,,ZH9455,昆明-广州,,CAN,D,B5363,B738,2017/7/9 22:45,2017/7/9,0:26,,,,,,,,33-计划,REG,REG,,PAX,,,0
HU7164,,HU7163,昆明-深圳,,SZX,D,B5373,B738,2017/7/9 11:25,2017/7/9,13:06,,,,,,,,33-计划,REG,REG,,PAX,,,1
ZH9562,,ZH9561,昆明-南京,,NKG,D,B5381,B737,2017/7/9 12:10,2017/7/9,14:30,,,,,,,,33-计划,REG,REG,,PAX,,,0
MF8642,,MF8475,昆明-珠海-泉州,ZUH,JJN,D,B5382,B738,2017/7/9 20:10,2017/7/9,21:50,,,,,,,,33-计划,REG,REG,,PAX,,,0
MF8430,,MF8429,昆明-厦门,,XMN,D,B5383,B738,2017/7/9 8:05,2017/7/9,10:21,152,46,,,,,,33-计划,REG,REG,,PAX,,,5
MF8418,,MF8417,昆明-厦门,,XMN,D,B5383,B738,2017/7/9 15:40,2017/7/9,17:56,,,,,,,,33-计划,REG,REG,,PAX,,,4
ZH9452,,ZH9451,昆明-广州,,CAN,D,B5401,B738,2017/7/9 9:05,2017/7/9,10:48,526R,,,,,,,33-计划,REG,REG,,PAX,,,0
8L9993,,8L9960,昆明-西安,,XIY,D,B5407,B738,2017/7/9 22:00,2017/7/9,23:49,,,,,,,,33-计划,REG,REG,,PAX,,,0
8L9959,,8L9558,昆明-安庆-宁波,AQG,NGB,D,B5407,B738,2017/7/9 7:25,2017/7/9,9:41,157,1,,,,,,33-计划,REG,REG,,PAX,,,1
8L9651,,8L9992,昆明-郑州,,CGO,D,B5409,B738,2017/7/9 9:50,2017/7/9,12:04,,,,,,,,33-计划,REG,REG,,PAX,,,0
HU7312,Y,HU7311,昆明-北京,,PEK,D,B5466,B738,2017/7/9 7:00,2017/7/9,9:57,,,,,,,,33-计划,REG,REG,,PAX,,,0
MU2496,,MU2495,昆明-成都,,CTU,D,B5475,B738,2017/7/9 10:40,2017/7/9,11:44,,,,,,,,33-计划,REG,REG,,PAX,,,0
CA1402,,CA1401,昆明-天津,,TSN,D,B5525,B738,2017/7/9 20:20,2017/7/9,23:12,,,,,,,,33-计划,REG,REG,,PAX,,,1
MU2567,,MU2567,昆明-曼德勒,,MDL,I,B5527,B738,2017/7/9 10:30,2017/7/9,11:46,,,,,,,,33-计划,REG,REG,,PAX,,,0
MU5849,,MU2030,昆明-成都,,CTU,D,B5527,B738,2017/7/9 16:30,2017/7/9,17:37,,,,,,,,33-计划,REG,REG,,PAX,,,0
SC4720,,SC4719,昆明-重庆,,CKG,D,B5543,B738,2017/7/9 22:35,2017/7/9,23:47,,,,,,,,33-计划,REG,REG,,PAX,,,0
BK2898,,BK2744,昆明-天津,,TSN,D,B5562,B738,2017/7/9 18:20,2017/7/9,21:14,,,,,,,,33-计划,REG,REG,,PAX,,,0
BK2743,,BK2897,昆明-版纳,,JHG,D,B5562,B738,2017/7/9 14:25,2017/7/9,15:14,,,,,,,,33-计划,REG,REG,,PAX,,,0
MU2263,,MU2032,昆明-西安-沈阳,XIY,SHE,D,B5647,B738,2017/7/9 9:45,2017/7/9,11:36,513,,,,,,,33-计划,REG,REG,,PAX,,,0
KY8321,,KY8282,昆明-成都,,CTU,D,B5672,B738,2017/7/9 8:15,2017/7/9,9:19,145,59,,,,,,33-计划,REG,REG,,PAX,,,0
KY8233,,KY8322,昆明-太原,,TYN,D,B5672,B738,2017/7/9 13:55,2017/7/9,16:23,,,,,,,,33-计划,REG,REG,,PAX,,,0
KY8219,,KY8204,昆明-深圳,,SZX,D,B5673,B738,2017/7/9 21:25,2017/7/9,23:10,,,,,,,,33-计划,REG,REG,,PAX,,,0
KY8203,,KY8220,昆明-南京,,NKG,D,B5673,B738,2017/7/9 12:00,2017/7/9,14:20,,,,,,,,33-计划,REG,REG,,PAX,,,0
CZ3496,,CZ3495,昆明-郑州,,CGO,D,B5678,B738,2017/7/9 17:40,2017/7/9,19:50,,,,,,,,33-计划,REG,REG,,PAX,,,0
MU9737,,MU734,昆明-天津,,TSN,D,B5683,B738,2017/7/9 21:10,2017/7/9,0:07,,,,,,,,33-计划,REG,REG,,PAX,,,0
MU733,,MU5862,昆明-香港,,HKG,R,B5683,B738,2017/7/9 13:40,2017/7/9,16:49,,,,,,,,33-计划,REG,REG,,PAX,,,0
MU5861,,MU5708,昆明-重庆,,CKG,D,B5683,B738,2017/7/9 8:05,2017/7/9,9:23,118,29,,,,,,33-计划,REG,REG,,PAX,,,0
MF8428,,MF8427,昆明-福州,,FOC,D,B5688,B738,2017/7/9 12:20,2017/7/9,14:45,,,,,,,,33-计划,REG,REG,,PAX,,,5
CA1482,,CA1481,昆明-运城-天津,YCU,TSN,D,B5696,B738,2017/7/9 18:05,2017/7/9,20:04,,,,,,,,33-计划,REG,REG,,PAX,,,0
MU9715,,MU5810,昆明-武汉,,WUH,D,B5701,B738,2017/7/9 15:20,2017/7/9,17:08,511,,,,,,,33-计划,REG,REG,,PAX,,,0
KY8283,,KY8362,昆明-上海,,PVG,D,B5702,B738,2017/7/9 7:40,2017/7/9,10:27,113,64,,,,,,33-计划,REG,REG,,PAX,,,0
KY8239,,KY8284,昆明-青岛,,TAO,D,B5702,B738,2017/7/9 16:20,2017/7/9,19:23,,,,,,,,33-计划,REG,REG,,PAX,,,0
CZ3864,,CZ3863,昆明-南宁-汕头,NNG,SWA,D,B5716,B738,2017/7/9 21:10,2017/7/9,22:09,,,,,,,,33-计划,REG,REG,,PAX,,,0
8L9979,,8L9894,昆明-深圳,,SZX,D,B5732,B738,2017/7/9 16:20,2017/7/9,18:03,,,,,,,,33-计划,REG,REG,,PAX,,,1
8L9893,,8L9996,昆明-珠海,,ZUH,D,B5732,B738,2017/7/9 7:15,2017/7/9,8:58,519L,,,,,,,33-计划,REG,REG,,PAX,,,0
CZ3748,,CZ3747,昆明-珠海,,ZUH,D,B5740,B738,2017/7/9 21:40,2017/7/9,23:19,,,,,,,,33-计划,REG,REG,,PAX,,,0
CZ3470,,CZ3469,昆明-武汉,,WUH,D,B5741,B738,2017/7/9 17:15,2017/7/9,19:02,,,,,,,,33-计划,REG,REG,,PAX,,,0
CZ6562,,CZ6561,昆明-义乌,,YIW,D,B5742,B738,2017/7/9 20:35,2017/7/9,22:54,,,,,,,,33-计划,REG,REG,,PAX,,,0
MU2031,,MU5822,昆明-仰光,,RGN,I,B5756,B738,2017/7/9 14:00,2017/7/9,16:30,515,,,,,,,33-计划,REG,REG,,PAX,,,0
ZH9532,,ZH9531,昆明-无锡,,WUX,D,B5773,B738,2017/7/9 19:20,2017/7/9,21:53,,,,,,,,33-计划,REG,REG,,PAX,,,0
ZH9416,,ZH9415,昆明-深圳,,SZX,D,B5775,B738,2017/7/9 8:45,2017/7/9,10:30,142,62,,,,,,33-计划,REG,REG,,PAX,,,0
ZH9414,,ZH9413,昆明-深圳,,SZX,D,B5775,B738,2017/7/9 17:30,2017/7/9,19:14,,,,,,,,33-计划,REG,REG,,PAX,,,0
MU5725,,MU9738,昆明-乌鲁,,URC,D,B5795,B738,2017/7/9 14:25,2017/7/9,18:31,,,,,,,,33-计划,REG,REG,,PAX,,,0
MU5817,,MU5850,昆明-兴义-上海,ACX,SHA,D,B5796,B738,2017/7/9 9:35,2017/7/9,10:18,505,,,,,,,33-计划,REG,REG,,PAX,,,1
MU5893,,MU5733,昆明-普洱,,SYM,D,B5802,B737,2017/7/9 10:10,2017/7/9,10:55,719,,,,,,,33-计划,REG,REG,,PAX,,,0
MU2565,,MU5894,昆明-南宁-河内,NNG,HAN,M,B5802,B737,2017/7/9 14:10,2017/7/9,15:20,,,,,,,,33-计划,REG,REG,,PAX,,,0
8L9945,,8L9804,昆明-成都,,CTU,D,B5805,B737,2017/7/9 23:55,2017/7/9,0:58,,,,,,,,33-计划,REG,REG,,PAX,,,1
MU5981,,MU5741,昆明-保山,,BSD,D,B5809,B737,2017/7/9 13:05,2017/7/9,13:52,,,,,,,,33-计划,REG,REG,,PAX,,,0
MU5901,,MU5902,昆明-版纳,,JHG,D,B5809,B737,2017/7/9 8:20,2017/7/9,9:08,,,,,,,,33-计划,REG,REG,,PAX,,,0
MU5760,,MU5982,昆明-大理,,DLU,D,B5809,B737,2017/7/9 17:05,2017/7/9,17:49,,,,,,,,33-计划,REG,REG,,PAX,,,0
DR6579,,DR6504,昆明-芒市,,LUM,D,B5812,B737,2017/7/9 20:40,2017/7/9,21:30,,,,,,,,33-计划,REG,REG,,PAX,,,0
DR6507,,DR6578,昆明-芒市,,LUM,D,B5812,B737,2017/7/9 9:10,2017/7/9,10:01,535,,,,,,,33-计划,REG,REG,,PAX,,,0
DR6503,,DR6502,昆明-芒市,,LUM,D,B5812,B737,2017/7/9 17:00,2017/7/9,17:50,,,,,,,,33-计划,REG,REG,,PAX,,,0
DR6501,,DR6508,昆明-芒市,,LUM,D,B5812,B737,2017/7/9 13:10,2017/7/9,14:01,,,,,,,,33-计划,REG,REG,,PAX,,,0
MU5945,,MU5856,昆明-澜沧,,JMJ,D,B5815,B737,2017/7/9 7:40,2017/7/9,8:32,514,,,,,,,33-计划,REG,REG,,PAX,,,0
MU5835,,MU5946,昆明-汕头,,SWA,D,B5815,B737,2017/7/9 11:10,2017/7/9,13:15,,,,,,,,33-计划,REG,REG,,PAX,,,0
MU5965,,MU5932,昆明-沧源,,CWJ,D,B5817,B737,2017/7/9 11:25,2017/7/9,12:13,,,,,,,,33-计划,REG,REG,,PAX,,,0
MU9738,,MU5966,昆明-芒市,,LUM,D,B5817,B737,2017/7/9 16:00,2017/7/9,16:51,,,,,,,,33-计划,REG,REG,,PAX,,,0
MU5742,,MU5715,昆明-保山,,BSD,D,B5817,B737,2017/7/9 20:00,2017/7/9,20:47,,,,,,,,33-计划,REG,REG,,PAX,,,0
MU9732,,MU9732,昆明-长沙,,HHA,D,B5819,B737,2017/7/9 22:25,2017/7/9,0:01,,,,,,,,33-计划,REG,REG,,PAX,,,0
MU9731,,MU5886,昆明-拉萨,,LXA,D,B5819,B737,2017/7/9 15:15,2017/7/9,17:40,,,,,,,,33-计划,REG,REG,,PAX,,,0
MU5885,,MU5914,昆明-湛江,,ZHA,D,B5819,B737,2017/7/9 8:40,2017/7/9,10:18,130,40,,,,,,33-计划,REG,REG,,PAX,,,0
MU5939,,MU5804,昆明-迪庆-拉萨,DIG,LXA,D,B5820,B737,2017/7/9 8:50,2017/7/9,9:51,124,39,,,,,,33-计划,REG,REG,,PAX,,,0
MU5897,,MU5856,昆明-普洱,,SYM,D,B5821,B737,2017/7/9 17:10,2017/7/9,17:54,,,,,,,,33-计划,REG,REG,,PAX,,,0
MU5812,,MU5718,昆明-迪庆,,DIG,D,B5821,B737,2017/7/9 20:50,2017/7/9,21:50,,,,,,,,33-计划,REG,REG,,PAX,,,0
MU5851,,MU2600,昆明-成都,,CTU,D,B5822,B737,2017/7/9 10:00,2017/7/9,11:04,502,,,,,,,33-计划,REG,REG,,PAX,,,0
8L9921,,8L9850,昆明-沧源,,CWJ,D,B5823,B737,2017/7/9 11:05,2017/7/9,11:50,,,,,,,,33-计划,REG,REG,,PAX,,,0
8L9914,,8L9903,昆明-版纳,,JHG,D,B5823,B737,2017/7/9 22:55,2017/7/9,23:41,,,,,,,,33-计划,REG,REG,,PAX,,,0
8L9904,,8L9922,昆明-版纳,,JHG,D,B5823,B737,2017/7/9 15:10,2017/7/9,15:56,,,,,,,,33-计划,REG,REG,,PAX,,,0
8L9849,,8L9946,昆明-迪庆,,DIG,D,B5823,B737,2017/7/9 7:05,2017/7/9,8:06,,,,,,,,33-计划,REG,REG,,PAX,,,0
MU5931,,MU5913,昆明-迪庆,,DIG,D,B5828,B737,2017/7/9 7:55,2017/7/9,8:57,,,,,,,,33-计划,REG,REG,,PAX,,,0
MU5764,,MU5811,昆明-芒市,,LUM,D,B5828,B737,2017/7/9 12:10,2017/7/9,13:01,,,,,,,,33-计划,REG,REG,,PAX,,,0
MU5734,,MU5734,昆明-版纳,,JHG,D,B5828,B737,2017/7/9 21:55,2017/7/9,22:41,,,,,,,,33-计划,REG,REG,,PAX,,,0
DR6511,,DR6506,昆明-版纳,,JHG,D,B5829,B737,2017/7/9 22:40,2017/7/9,23:27,,,,,,,,33-计划,REG,REG,,PAX,,,0
DR6505,,DR6580,昆明-芒市,,LUM,D,B5829,B737,2017/7/9 18:30,2017/7/9,19:21,,,,,,,,33-计划,REG,REG,,PAX,,,0
DR5313,,DR6516,昆明-恩施-天津,ENH,TSN,D,B5830,B737,2017/7/9 7:25,2017/7/9,8:53,,,,,,,,33-计划,REG,REG,,PAX,,,0
CZ3248,,CZ3247,昆明-桂林,,KWL,D,B5836,B738,2017/7/9 15:00,2017/7/9,16:12,,,,,,,,33-计划,REG,REG,,PAX,,,0
CA8938,,CA8929,昆明-武当山-大连,WDS,DLC,D,B5850,B738,2017/7/9 10:15,2017/7/9,12:03,536,,,,,,,33-计划,REG,REG,,PAX,,,0
MU5841,,MU778,昆明-成都,,CTU,D,B5921,A33E,2017/7/9 8:00,2017/7/9,9:05,,,,,,,,33-计划,REG,REG,,PAX,,,1
MU5719,,MU5842,昆明-北京,,PEK,D,B5921,A33E,2017/7/9 17:20,2017/7/9,20:18,,,,,,,,33-计划,REG,REG,,PAX,,,0
MU756,,MU774,昆明-上海,,PVG,D,B5926,A33E,2017/7/9 9:20,2017/7/9,11:59,105,,,,,,,33-计划,REG,REG,,PAX,,,0
MU9751,,MU756,昆明-北京,,PEK,D,B5930,A33E,2017/7/9 14:00,2017/7/9,16:58,,,,,,,,33-计划,REG,REG,,PAX,,,0
MU773,,MU5706,昆明-巴黎,,CDG,I,B5930,A33E,2017/7/10 0:55,2017/7/10,12:50,,,,,,,,33-计划,REG,REG,,PAX,,,0
8L9965,,8L9890,昆明-三亚,,SYX,D,B5971,A333,2017/7/9 7:15,2017/7/9,8:57,163,10,,,,,,33-计划,REG,REG,,PAX,,,0
MU5472,,MU5471,昆明-重庆-济南,CKG,TNA,D,B6003,A320,2017/7/9 20:50,2017/7/9,22:06,,,,,,,,33-计划,REG,REG,,PAX,,,0
MU5470,,MU5469,昆明-南昌,,KHN,D,B6013,A320,2017/7/9 10:50,2017/7/9,12:48,,,,,,,,33-计划,REG,REG,,PAX,,,0
8L9869,,8L9652,昆明-武汉-青岛,WUH,TAO,D,B6015,B738,2017/7/9 14:20,2017/7/9,16:10,,,,,,,,33-计划,REG,REG,,PAX,,,0
8L9897,,8L9994,昆明-温州,,WNZ,D,B6016,B738,2017/7/9 16:55,2017/7/9,19:24,,,,,,,,33-计划,REG,REG,,PAX,,,0
CA1752,,CA1955,昆明-杭州,,HGH,D,B6023,A319,2017/7/9 12:20,2017/7/9,14:46,,,,,,,,33-计划,REG,REG,,PAX,,,1
CA1754,,CA1753,昆明-杭州,,HGH,D,B6033,A319,2017/7/9 19:40,2017/7/9,22:02,,,,,,,,33-计划,REG,REG,,PAX,,,1
CA416,,CA416,昆明-成都,,CTU,D,B6047,A319,2017/7/9 17:05,2017/7/9,18:11,,,,,,,,33-计划,REG,REG,,PAX,,,0
CA415,,CA415,昆明-仰光,,RGN,I,B6047,A319,2017/7/9 10:45,2017/7/9,,,,,,,,,33-计划,REG,REG,,PAX,,,0
CZ3902,,CZ3901,昆明-北京,,PEK,D,B6059,A332,2017/7/9 13:45,2017/7/9,16:39,,,,,,,,33-计划,REG,REG,,PAX,,,0
CZ3998,,CZ3997,昆明-北京,,PEK,D,B6098,A333,2017/7/9 9:15,2017/7/9,12:09,135,48,,,,,,33-计划,REG,REG,,PAX,,,0
FM9398,,FM9397,昆明-长沙-上海,HHA,PVG,D,B6108,B738,2017/7/9 16:10,2017/7/9,17:49,,,,,,,,33-计划,REG,REG,,PAX,,,0
DR6577,,DR6524,昆明-榆林-沈阳,UYN,SHE,D,B6109,B737,2017/7/9 7:15,2017/7/9,9:33,158,2,,,,,,33-计划,REG,REG,,PAX,,,0
DR6523,,DR6504,昆明-丽江,,LJG,D,B6110,B737,2017/7/9 17:10,2017/7/9,18:03,534,,,,,,,33-计划,REG,REG,,PAX,,,0
CZ6160,,CZ6159,昆明-北京,,PEK,D,B6111,A333,2017/7/9 20:05,2017/7/9,22:58,,,,,,,,33-计划,REG,REG,,PAX,,,0
MU5935,,MU5936,昆明-迪庆,,DIG,D,B6141,B737,2017/7/9 18:05,2017/7/9,19:06,114,16,,,,,,33-计划,REG,REG,,PAX,,,0
MU5845,,MU2572,昆明-成都,,CTU,D,B6141,B737,2017/7/9 9:00,2017/7/9,10:04,101,,,,,,,33-计划,REG,REG,,PAX,,,0
MU5919,,MU9744,昆明-丽江,,LJG,D,B6142,B737,2017/7/9 13:15,2017/7/9,14:09,,,,,,,,33-计划,REG,REG,,PAX,,,0
MU5915,,MU5952,昆明-版纳,,JHG,D,B6142,B737,2017/7/9 21:35,2017/7/9,22:22,,,,,,,,33-计划,REG,REG,,PAX,,,0
MU5802,,MU5719,昆明-腾冲,,TCZ,D,B6142,B737,2017/7/9 17:15,2017/7/9,18:07,,,,,,,,33-计划,REG,REG,,PAX,,,0
MU5757,,MU2590,昆明-深圳,,SZX,D,B6143,B738,2017/7/9 14:00,2017/7/9,15:47,,,,,,,,33-计划,REG,REG,,PAX,,,0
MU5718,,MU5758,昆明-北京,,PEK,D,B6143,B738,2017/7/9 20:55,2017/7/9,23:52,,,,,,,,33-计划,REG,REG,,PAX,,,0
MU2589,,MU5782,昆明-万象,,VTE,I,B6143,B738,2017/7/9 8:05,2017/7/9,9:25,103,76,,,,,,33-计划,REG,REG,,PAX,,,0
MU2003,,MU5726,昆明-首尔,,ICN,I,B6145,B738,2017/7/9 10:00,2017/7/9,14:15,,,,,,,,33-计划,REG,REG,,PAX,,,0
MU2569,,MU2569,昆明-清迈,,CNX,I,B6146,B738,2017/7/9 14:30,2017/7/9,16:25,,,,,,,,33-计划,REG,REG,,PAX,,,0
MU5715,,MU2594,昆明-北京,,PEK,D,B6146,B738,2017/7/9 20:10,2017/7/9,23:08,,,,,,,,33-计划,REG,REG,,PAX,,,0
MU5749,,MU5717,昆明-长沙-盐城,HHA,YNZ,D,B6147,B738,2017/7/9 13:15,2017/7/9,14:53,,,,,,,,33-计划,REG,REG,,PAX,,,0
MU5833,,MU5802,昆明-兰州,,ZGC,D,B6148,B738,2017/7/9 17:30,2017/7/9,19:50,,,,,,,,33-计划,REG,REG,,PAX,,,0
MU5801,,MU5706,昆明-上海,,SHA,D,B6148,B738,2017/7/9 8:00,2017/7/9,10:41,132,36,,,,,,33-计划,REG,REG,,PAX,,,1
MU5703,,MU714,昆明-济宁-北京,JNG,PEK,D,B6149,B738,2017/7/9 13:20,2017/7/9,16:00,,,,,,,,33-计划,REG,REG,,PAX,,,0
EU2721,,EU2223,昆明-柳州-厦门,LZH,XMN,D,B6163,A319,2017/7/9 9:20,2017/7/9,10:30,,,,,,,,33-计划,REG,REG,,PAX,,,0
EU2225,,EU2722,昆明-版纳,,JHG,D,B6163,A319,2017/7/9 19:25,2017/7/9,20:12,,,,,,,,33-计划,REG,REG,,PAX,,,0
EU2224,,EU2226,昆明-成都,,CTU,D,B6163,A319,2017/7/9 23:25,2017/7/9,0:28,,,,,,,,33-计划,REG,REG,,PAX,,,0
JD5791,,JD5165,昆明-芒市,,LUM,D,B6181,A319,2017/7/9 11:45,2017/7/9,12:35,,,,,,,,33-计划,REG,REG,,PAX,,,0
JD5166,,JD5792,昆明-丽江,,LJG,D,B6181,A319,2017/7/9 15:50,2017/7/9,16:41,,,,,,,,33-计划,REG,REG,,PAX,,,0
8L9689,,8L9942,昆明-合肥,,HFE,D,B6198,A319,2017/7/9 18:50,2017/7/9,20:59,,,,,,,,33-计划,REG,REG,,PAX,,,0
8L9941,,8L9972,昆明-大理,,DLU,D,B6198,A319,2017/7/9 6:50,2017/7/9,7:33,166,13,,,,,,33-计划,REG,REG,,PAX,,,0
CZ3450,,CZ3449,昆明-广州,,CAN,D,B6201,A319,2017/7/9 18:45,2017/7/9,20:23,,,,,,,,33-计划,REG,REG,,PAX,,,0
CZ3420,,CZ3419,昆明-广州,,CAN,D,B6203,A319,2017/7/9 7:35,2017/7/9,9:14,139,56,,,,,,33-计划,REG,REG,,PAX,,,0
CZ3488,,CZ3488,昆明-广州,,CAN,D,B6208,A319,2017/7/9 20:10,2017/7/9,21:47,,,,,,,,33-计划,REG,REG,,PAX,,,0
CZ3487,,CZ3487,昆明-丽江,,LJG,D,B6208,A319,2017/7/9 16:15,2017/7/9,17:07,,,,,,,,33-计划,REG,REG,,PAX,,,0
CZ3482,,CZ3482,昆明-广州,,CAN,D,B6209,A319,2017/7/9 14:10,2017/7/9,15:51,,,,,,,,33-计划,REG,REG,,PAX,,,0
CZ3481,,CZ3481,昆明-大理,,DLU,D,B6209,A319,2017/7/9 10:30,2017/7/9,11:11,,,,,,,,33-计划,REG,REG,,PAX,,,0
8L9995,,8L9913,昆明-银川,,INC,D,B6221,A319,2017/7/9 7:45,2017/7/9,10:04,,,,,,,,33-计划,REG,REG,,PAX,,,1
8L9971,,8L9996,昆明-海口,,HAK,D,B6221,A319,2017/7/9 18:45,2017/7/9,20:15,,,,,,,,33-计划,REG,REG,,PAX,,,0
MU2036,,MU2036,昆明-北京,,PEK,D,B6249,B738,2017/7/9 20:30,2017/7/9,23:26,,,,,,,,33-计划,REG,REG,,PAX,,,0
MU2035,,MU2035,昆明-达卡,,DAC,I,B6249,B738,2017/7/9 13:00,2017/7/9,14:35,,,,,,,,33-计划,REG,REG,,PAX,,,0
CZ6270,,CZ6269,昆明-西安-哈尔滨,XIY,HRB,D,B6276,A320,2017/7/9 15:50,2017/7/9,17:35,,,,,,,,33-计划,REG,REG,,PAX,,,0
CZ3410,,CZ3409,昆明-广州,,CAN,D,B6289,A320,2017/7/9 11:55,2017/7/9,13:35,,,,,,,,33-计划,REG,REG,,PAX,,,0
CZ3490,,CZ3489,昆明-广州,,CAN,D,B6291,A320,2017/7/9 22:10,2017/7/9,23:51,,,,,,,,33-计划,REG,REG,,PAX,,,0
MU5711,,MU5655,昆明-北京,,PEK,D,B6333,A320,2017/7/9 11:50,2017/7/9,14:50,,,,,,,,33-计划,REG,REG,,PAX,,,0
MU2591,,MU5712,昆明-普吉,,HKT,I,B6333,A320,2017/7/9 21:55,2017/7/9,0:36,,,,,,,,,REG,REG,,PAX,,,0
MU556,,MU556,昆明-杭州,,HGH,D,B6335,A320,2017/7/9 7:05,2017/7/9,9:35,,,,,,,,33-计划,REG,REG,,PAX,,,0
CZ3408,,CZ3407,昆明-广州,,CAN,D,B6342,A321,2017/7/9 17:35,2017/7/9,19:15,,,,,,,,33-计划,REG,REG,,PAX,,,0
3U8227,,3U8661,昆明-南京-长春,NKG,CGQ,D,B6348,A320,2017/7/9 11:20,2017/7/9,13:37,,,,,,,,33-计划,REG,REG,,PAX,,,0
MU2250,,MU2249,昆明-兰州,,ZGC,D,B6371,A320,2017/7/9 10:35,2017/7/9,12:30,,,,,,,,33-计划,REG,REG,,PAX,,,0
MU5328,,MU5327,昆明-九华山-济南,JUH,TNA,D,B6373,A320,2017/7/9 16:20,2017/7/9,18:42,,,,,,,,33-计划,REG,REG,,PAX,,,0
HO1100,,HO1099,昆明-上海,,SHA,D,B6395,A320,2017/7/9 16:35,2017/7/9,19:18,,,,,,,,33-计划,REG,REG,,PAX,,,0
3U8817,,3U8818,昆明-丽江-拉萨,LJG,LXA,D,B6448,A319,2017/7/9 7:30,2017/7/9,8:19,523L,,,,,,,33-计划,REG,REG,,PAX,,,0
3U8619,,3U8818,昆明-版纳,,JHG,D,B6448,A319,2017/7/9 21:00,2017/7/9,21:45,,,,,,,,33-计划,REG,REG,,PAX,,,0
3U8901,,3U8130,昆明-珠海,,ZUH,D,B6453,A319,2017/7/9 17:10,2017/7/9,18:49,,,,,,,,33-计划,REG,REG,,PAX,,,0
3U8129,,3U8968,昆明-版纳,,JHG,D,B6453,A319,2017/7/9 9:25,2017/7/9,10:09,,,,,,,,33-计划,REG,REG,,PAX,,,0
MU2756,,MU2756,昆明-南京,,NKG,D,B6457,A319,2017/7/9 10:40,2017/7/9,12:59,,,,,,,,33-计划,REG,REG,,PAX,,,0
MU2746,,MU2745,昆明-长沙-南京,HHA,NKG,D,B6457,A319,2017/7/9 21:10,2017/7/9,22:47,,,,,,,,33-计划,REG,REG,,PAX,,,0
MU2706,,MU2706,昆明-南京,,NKG,D,B6462,A319,2017/7/9 15:35,2017/7/9,17:57,,,,,,,,33-计划,REG,REG,,PAX,,,0
MU2705,,MU2705,昆明-丽江,,LJG,D,B6462,A319,2017/7/9 11:30,2017/7/9,12:24,,,,,,,,33-计划,REG,REG,,PAX,,,0
TV9894,,TV9820,昆明-拉萨,,LXA,D,B6473,A319,2017/7/9 20:15,2017/7/9,22:39,,,,,,,,33-计划,REG,REG,,PAX,,,0
TV9819,,TV9893,昆明-芒市,,LUM,D,B6473,A319,2017/7/9 14:45,2017/7/9,15:35,,,,,,,,33-计划,REG,REG,,PAX,,,0
KY8307,,KY8258,昆明-南昌,,KHN,D,B6492,B738,2017/7/9 16:50,2017/7/9,18:49,,,,,,,,33-计划,REG,REG,,PAX,,,0
KY8257,,KY8234,昆明-郑州,,CGO,D,B6492,B738,2017/7/9 8:25,2017/7/9,10:40,136,50,,,,,,33-计划,REG,REG,,PAX,,,0
KY8295,,KY8302,昆明-重庆-南通,CKG,NTG,D,B6493,B738,2017/7/9 7:05,2017/7/9,8:19,149,51,,,,,,33-计划,REG,REG,,PAX,,,0
KY8285,,KY8296,昆明-广州,,CAN,D,B6493,B738,2017/7/9 22:40,2017/7/9,0:23,,,,,,,,33-计划,REG,REG,,PAX,,,0
KY8273,,KY8286,昆明-武汉,,WUH,D,B6495,B738,2017/7/9 10:20,2017/7/9,12:13,,,,,,,,33-计划,REG,REG,,PAX,,,0
KY8221,,KY8274,昆明-重庆,,CKG,D,B6495,B738,2017/7/9 17:25,2017/7/9,18:41,,,,,,,,33-计划,REG,REG,,PAX,,,0
MU5532,,MU5465,昆明-南昌-上海,KHN,PVG,D,B6560,A320,2017/7/9 16:10,2017/7/9,18:07,,,,,,,,33-计划,REG,REG,,PAX,,,0
HO1682,,HO1681,昆明-毕节-南京,BFJ,NKG,D,B6572,A320,2017/7/9 15:05,2017/7/9,15:51,,,,,,,,33-计划,REG,REG,,PAX,,,0
MU5576,,MU5575,昆明-郑州-烟台,CGO,YNT,D,B6587,A320,2017/7/9 18:25,2017/7/9,20:39,,,,,,,,33-计划,REG,REG,,PAX,,,0
HO1048,,HO1047,昆明-毕节-杭州,BFJ,HGH,D,B6619,A320,2017/7/9 19:45,2017/7/9,20:29,,,,,,,,33-计划,REG,REG,,PAX,,,0
MU5855,,MU5800,昆明-成都,,CTU,D,B6637,A320,2017/7/9 21:00,2017/7/9,22:06,,,,,,,,33-计划,REG,REG,,PAX,,,0
MU5799,,MU5848,昆明-洛阳-大连,LYA,DLC,D,B6637,A320,2017/7/9 8:45,2017/7/9,10:54,,,,,,,,33-计划,REG,REG,,PAX,,,0
9C8830,,9C8829,昆明-常德-上海,CGD,SHA,D,B6645,A320,2017/7/9 19:35,2017/7/9,21:00,,,,,,,,33-计划,REG,REG,,PAX,,,0
9C8938,,9C8937,昆明-石家庄,,SJW,D,B6646,A320,2017/7/9 14:50,2017/7/9,17:26,,,,,,,,33-计划,REG,REG,,PAX,,,0
ZH9794,,ZH9793,昆明-泉州,,JJN,D,B6650,A320,2017/7/9 13:40,2017/7/9,16:04,,,,,,,,33-计划,REG,REG,,PAX,,,0
CZ8510,,CZ8509,昆明-青岛-长春,TAO,CGQ,D,B6655,A320,2017/7/9 8:10,2017/7/9,11:11,141,60,,,,,,33-计划,REG,REG,,PAX,,,0
HO1122,,HO1121,昆明-上海,,SHA,D,B6670,A320,2017/7/9 12:55,2017/7/9,15:37,,,,,,,,33-计划,REG,REG,,PAX,,,1
MU2182,,MU2181,昆明-西安,,XIY,D,B6673,A320,2017/7/9 11:15,2017/7/9,13:06,,,,,,,,33-计划,REG,REG,,PAX,,,0
CZ3678,,CZ3677,昆明-上海,,PVG,D,B6681,A320,2017/7/9 12:05,2017/7/9,14:49,,,,,,,,33-计划,REG,REG,,PAX,,,0
ZH9266,,ZH9265,昆明-西安,,XIY,D,B6690,A320,2017/7/9 12:45,2017/7/9,14:37,,,,,,,,33-计划,REG,REG,,PAX,,,0
ZH9774,,ZH9773,昆明-南昌,,KHN,D,B6691,A320,2017/7/9 13:30,2017/7/9,15:25,,,,,,,,33-计划,REG,REG,,PAX,,,0
HO1096,,HO1095,昆明-毕节-上海,BFJ,PVG,D,B6717,A320,2017/7/9 20:25,2017/7/9,21:10,,,,,,,,33-计划,REG,REG,,PAX,,,0
3U8033,,3U8528,昆明-丽江,,LJG,D,B6719,A320,2017/7/9 6:55,2017/7/9,,523R,,,,,,,33-计划,REG,REG,,PAX,,,0
3U8967,,3U8034,昆明-重庆-大连,CKG,DLC,D,B6719,A320,2017/7/9 13:10,2017/7/9,14:20,,,,,,,,33-计划,REG,REG,,PAX,,,0
CZ6404,,CZ6403,昆明-重庆-沈阳,CKG,SHE,D,B6739,A320,2017/7/9 15:50,2017/7/9,16:59,,,,,,,,33-计划,REG,REG,,PAX,,,0
MU5646,,MU5646,昆明-杭州,,HGH,D,B6758,A320,2017/7/9 23:00,2017/7/9,1:26,,,,,,,,33-计划,REG,REG,,PAX,,,0
MU5645,,MU5645,昆明-版纳,,JHG,D,B6758,A320,2017/7/9 18:55,2017/7/9,19:42,,,,,,,,33-计划,REG,REG,,PAX,,,0
PN6394,,PN6394,昆明-重庆,,CKG,D,B6765,A320,2017/7/9 12:45,2017/7/9,13:57,,,,,,,,33-计划,REG,REG,,PAX,,,0
PN6393,,PN6393,昆明-版纳,,JHG,D,B6765,A320,2017/7/9 8:55,2017/7/9,9:42,,,,,,,,33-计划,REG,REG,,PAX,,,0
3U8761,,3U8638,昆明-无锡,,WUX,D,B6772,A320,2017/7/9 15:10,2017/7/9,17:39,,,,,,,,33-计划,REG,REG,,PAX,,,0
CZ6416,,CZ6415,昆明-西安-沈阳,XIY,SHE,D,B6776,A320,2017/7/9 20:05,2017/7/9,21:52,,,,,,,,33-计划,REG,REG,,PAX,,,0
3U8669,,3U8762,昆明-成都-石家庄,CTU,SJW,D,B6779,A320,2017/7/9 7:30,2017/7/9,8:30,524L,,,,,,,33-计划,REG,REG,,PAX,,,0
HO1094,,HO1093,昆明-上海,,SHA,D,B6787,A320,2017/7/9 7:40,2017/7/9,10:24,151,47,,,,,,33-计划,REG,REG,,PAX,,,0
CA4460,,CA4176,昆明-成都,,CTU,D,B6793,A320,2017/7/9 21:00,2017/7/9,22:03,,,,,,,,33-计划,REG,REG,,PAX,,,1
CA4175,,CA4174,昆明-沈阳,,SHE,D,B6793,A320,2017/7/9 7:20,2017/7/9,10:57,,,,,,,,33-计划,REG,REG,,PAX,,,0
MU2736,,MU2735,昆明-长沙-南京,HHA,NKG,D,B6796,A320,2017/7/9 19:35,2017/7/9,21:14,,,,,,,,33-计划,REG,REG,,PAX,,,0
MU5456,,MU2592,昆明-宁波,,NGB,D,B6797,A322,2017/7/9 9:30,2017/7/9,12:05,,,,,,,,33-计划,REG,REG,,PAX,,,0
8L9633,,8L9586,昆明-沙巴,,BKI,I,B6800,B738,2017/7/9 13:40,2017/7/9,,716,,K01-K03,,,,,33-计划,REG,REG,,PAX,,,0
MU5464,,MU5449,昆明-合肥-上海,HFE,PVG,D,B6801,A320,2017/7/9 9:35,2017/7/9,11:44,,,,,,,,33-计划,REG,REG,,PAX,,,0
MU5450,,MU5463,昆明-重庆,,CKG,D,B6801,A320,2017/7/9 22:05,2017/7/9,23:19,,,,,,,,33-计划,REG,REG,,PAX,,,0
MU5475,,MU5476,昆明-合肥,,HFE,D,B6802,A320,2017/7/9 12:15,2017/7/9,14:26,,,,,,,,33-计划,REG,REG,,PAX,,,0
8L9875,,8L9874,昆明-厦门,,XMN,D,B6809,B738,2017/7/9 17:55,2017/7/9,20:13,,,,,,,,33-计划,REG,REG,,PAX,,,0
8L9873,,8L9712,昆明-赣州-杭州,KOW,HGH,D,B6809,B738,2017/7/9 7:00,2017/7/9,9:04,,,,,,,,33-计划,REG,REG,,PAX,,,0
CZ6460,,CZ6459,昆明-重庆-长春,CKG,CGQ,D,B6812,A320,2017/7/9 16:10,2017/7/9,17:19,,,,,,,,33-计划,REG,REG,,PAX,,,0
CZ3468,,CZ3467,昆明-长沙,,HHA,D,B6816,A320,2017/7/9 21:30,2017/7/9,23:05,,,,,,,,33-计划,REG,REG,,PAX,,,0
CA4418,,CA4459,昆明-成都,,CTU,D,B6822,A320,2017/7/9 8:40,2017/7/9,9:42,137,52,,,,,,33-计划,REG,REG,,PAX,,,0
CA4414,,CA4413,昆明-成都,,CTU,D,B6828,A320,2017/7/9 13:25,2017/7/9,14:30,,,,,,,,33-计划,REG,REG,,PAX,,,0
MU5330,,MU5329,昆明-合肥,,HFE,D,B6832,A320,2017/7/9 18:40,2017/7/9,20:50,,,,,,,,33-计划,REG,REG,,PAX,,,0
3U8853,,3U8854,昆明-徐州-哈尔滨,XUZ,HRB,D,B6836,A321,2017/7/9 16:15,2017/7/9,18:39,,,,,,,,33-计划,REG,REG,,PAX,,,0
9C8824,,9C8823,昆明-遵义-上海,ZYI,SHA,D,B6852,A320,2017/7/9 16:35,2017/7/9,17:33,,,,,,,,33-计划,REG,REG,,PAX,,,0
HO1018,,HO1017,昆明-大庸-上海,DYG,PVG,D,B6861,A320,2017/7/9 19:55,2017/7/9,21:16,,,,,,,,33-计划,REG,REG,,PAX,,,0
MU2786,,MU2725,昆明-南京,,NKG,D,B6872,A320,2017/7/9 16:30,2017/7/9,18:50,,,,,,,,33-计划,REG,REG,,PAX,,,0
MU5618,,MU5617,昆明-南昌,,KHN,D,B6878,A322,2017/7/9 22:30,2017/7/9,0:26,,,,,,,,33-计划,REG,REG,,PAX,,,0
MF8462,,MF8461,昆明-武汉-杭州,WUH,HGH,D,B6887,B738,2017/7/9 19:15,2017/7/9,21:04,,,,,,,,33-计划,REG,REG,,PAX,,,5
MU2766,,MU2785,昆明-南京-长春,NKG,CGQ,D,B6891,A320,2017/7/9 7:35,2017/7/9,9:57,,,,,,,,33-计划,REG,REG,,PAX,,,0
CZ6428,,CZ6427,昆明-长沙-大连,HHA,DLC,D,B6896,A320,2017/7/9 17:45,2017/7/9,19:20,,,,,,,,33-计划,REG,REG,,PAX,,,0
JD5158,,JD5157,昆明-杭州,,HGH,D,B6898,A322,2017/7/9 14:30,2017/7/9,16:54,,,,,,,,33-计划,REG,REG,,PAX,,,0
3U8530,,3U8529,昆明-杭州,,HGH,D,B6905,A320,2017/7/9 13:05,2017/7/9,15:29,,,,,,,,33-计划,REG,REG,,PAX,,,0
CA4173,,CA4172,昆明-北京,,PEK,D,B6916,A320,2017/7/9 17:05,2017/7/9,20:00,,,,,,,,33-计划,REG,REG,,PAX,,,1
CA4171,,CA4417,昆明-北京,,PEK,D,B6916,A320,2017/7/9 7:20,2017/7/9,10:16,144,61,,,,,,33-计划,REG,REG,,PAX,,,1
CA1938,,CA1937,昆明-上海,,PVG,D,B6918,A320,2017/7/9 20:25,2017/7/9,23:02,,,,,,,,33-计划,REG,REG,,PAX,,,0
MU5588,Y,MU5505,昆明-福州-上海,FOC,PVG,D,B6925,A323,2017/7/9 16:05,2017/7/9,18:39,,,,,,,,33-计划,REG,REG,,PAX,,,0
MU5829,,MU5814,昆明-郑州,,CGO,D,B6928,A320,2017/7/9 8:20,2017/7/9,10:36,,,,,,,,33-计划,REG,REG,,PAX,,,0
MU5813,,MU5830,昆明-上海,,SHA,D,B6928,A320,2017/7/9 17:30,2017/7/9,20:12,,,,,,,,33-计划,REG,REG,,PAX,,,0
8L9987,,8L9648,昆明-北京,,PEK,D,B6943,A320,2017/7/9 21:30,2017/7/9,0:27,,,,,,,,33-计划,REG,REG,,PAX,,,1
8L9647,,8L9872,昆明-淮安-天津,HIA,TSN,D,B6943,A320,2017/7/9 7:10,2017/7/9,9:50,715,,,,,,,33-计划,REG,REG,,PAX,,,0
8L9845,,8L9802,昆明-赣州-杭州,KOW,HGH,D,B6947,A320,2017/7/9 9:15,2017/7/9,,,,,,,,,33-计划,REG,REG,,PAX,,,0
3U8205,,3U8723,昆明-广州,,CAN,D,B6955,A320,2017/7/9 17:00,2017/7/9,18:40,,,,,,,,33-计划,REG,REG,,PAX,,,0
3U8847,,3U8246,昆明-郑州-哈尔滨,CGO,HRB,D,B6956,A320,2017/7/9 7:50,2017/7/9,9:59,154,25,,,,,,33-计划,REG,REG,,PAX,,,0
3U8527,,3U8848,昆明-西安,,XIY,D,B6956,A320,2017/7/9 23:20,2017/7/9,1:02,,,,,,,,33-计划,REG,REG,,PAX,,,0
DZ6312,,DZ6314,昆明-珠海,,ZUH,D,B6981,B738,2017/7/9 23:05,2017/7/9,0:55,,,,,,,,33-计划,REG,REG,,PAX,,,0
SC8828,,SC8828,昆明-济南,,TNA,D,B6986,B738,2017/7/9 23:50,2017/7/9,2:22,,,,,,,,33-计划,REG,REG,,PAX,,,0
SC8827,,SC8827,昆明-德里,,DEL,I,B6986,B738,2017/7/9 10:40,2017/7/9,,,,K08-K09,,,,,33-计划,REG,REG,,PAX,,,0
SC8886,,SC8886,昆明-乌鲁,,URC,D,B7086,B738,2017/7/9 7:25,2017/7/9,11:25,,,,,,,,33-计划,REG,REG,,PAX,,,0
SC4738,,SC4737,昆明-青岛,,TAO,D,B7087,B738,2017/7/9 20:55,2017/7/9,23:55,,,,,,,,33-计划,REG,REG,,PAX,,,0
DR6515,,DR6510,昆明-襄阳-天津,XFN,TSN,D,B7088,B737,2017/7/9 13:30,2017/7/9,15:23,,,,,,,,33-计划,REG,REG,,PAX,,,0
DR6509,,DR6512,昆明-版纳,,JHG,D,B7088,B737,2017/7/9 8:40,2017/7/9,9:26,155,17,,,,,,33-计划,REG,REG,,PAX,,,0
KY8261,,KY8240,昆明-重庆-台州,CKG,HYN,D,B7089,B738,2017/7/9 7:00,2017/7/9,8:12,,,,,,,,33-计划,REG,REG,,PAX,,,0
FU6510,,FU6509,昆明-福州,,FOC,D,B7105,B737,2017/7/9 22:25,2017/7/9,0:46,,,,,,,,33-计划,REG,REG,,PAX,,,0
8L9583,,8L9892,昆明-马尼拉,,MNL,I,B7167,B738,2017/7/10 0:25,2017/7/10,,,,J15-J17,,,,,33-计划,REG,REG,,PAX,,,0
8L9891,,8L9680,昆明-武汉-大连,WUH,DLC,D,B7167,B738,2017/7/9 9:50,2017/7/9,11:41,,,,,,,,33-计划,REG,REG,,PAX,,,0
MU5821,,MU2582,昆明-东胜-哈尔滨,DSN,HRB,D,B7170,B738,2017/7/9 8:20,2017/7/9,10:49,112,65,,,,,,33-计划,REG,REG,,PAX,,,0
MU5765,,MU5720,昆明-郑州-大连,CGO,DLC,D,B7589,B738,2017/7/9 12:15,2017/7/9,14:32,,,,,,,,33-计划,REG,REG,,PAX,,,0
MU7181,,MU5746,昆明-北京,,PEK,D,B7590,B738,2017/7/9 9:30,2017/7/9,13:00,,,,,,,,33-计划,REG,REG,,PAX,,,0
MU5745,,MU7182,昆明-三亚,,SYX,D,B7590,B738,2017/7/9 19:00,2017/7/9,20:47,,,,,,,,33-计划,REG,REG,,PAX,,,0
MU5781,,MU5762,昆明-厦门,,XMN,D,B7591,B738,2017/7/9 16:35,2017/7/9,18:53,,,,,,,,33-计划,REG,REG,,PAX,,,0
MU5761,,MU5824,昆明-深圳,,SZX,D,B7591,B738,2017/7/9 9:20,2017/7/9,11:06,704,,,,,,,33-计划,REG,REG,,PAX,,,0
MU5853,,MU5714,昆明-成都,,CTU,D,B7592,B738,2017/7/9 18:00,2017/7/9,19:10,,,,,,,,33-计划,REG,REG,,PAX,,,0
MU5713,,MU5772,昆明-北京,,PEK,D,B7592,B738,2017/7/9 8:30,2017/7/9,11:30,,,,,,,,33-计划,REG,REG,,PAX,,,0
MU5823,,MU5760,昆明-郑州,,CGO,D,B7599,B738,2017/7/9 17:35,2017/7/9,19:49,,,,,,,,33-计划,REG,REG,,PAX,,,0
MU5759,,MU5852,昆明-深圳,,SZX,D,B7599,B738,2017/7/9 10:00,2017/7/9,11:45,,,,,,,,33-计划,REG,REG,,PAX,,,0
MU5847,,MU5742,昆明-成都,,CTU,D,B7600,B738,2017/7/9 19:55,2017/7/9,21:01,,,,,,,,33-计划,REG,REG,,PAX,,,0
MU5741,,MU5854,昆明-广州,,CAN,D,B7600,B738,2017/7/9 13:05,2017/7/9,14:47,504,,,,,,,33-计划,REG,REG,,PAX,,,0
DZ6313,,DZ6311,昆明-长沙-南通,HHA,NTG,D,B7631,B738,2017/7/9 9:45,2017/7/9,11:24,,,,,,,,33-计划,REG,REG,,PAX,,,0
SC4696,,SC4695,昆明-南京-青岛,NKG,TAO,D,B7668,B738,2017/7/9 13:40,2017/7/9,16:00,,,,,,,,33-计划,REG,REG,,PAX,,,0
DR6533,,DR6534,昆明-武汉,,WUH,D,B7865,B738,2017/7/9 7:20,2017/7/9,9:09,717,,,,,,,33-计划,REG,REG,,PAX,,,0
DR6561,,DR6558,昆明-青岛-沈阳,TAO,SHE,D,B7867,B738,2017/7/9 11:55,2017/7/9,15:00,537,,,,,,,33-计划,REG,REG,,PAX,,,0
KY8315,,KY8210,昆明-腾冲,,TCZ,D,B7870,B737,2017/7/9 7:20,2017/7/9,8:13,147,55,,,,,,33-计划,REG,REG,,PAX,,,0
KY8249,,KY8316,昆明-丽江,,LJG,D,B7870,B737,2017/7/9 20:10,2017/7/9,21:04,,,,,,,,33-计划,REG,REG,,PAX,,,0
KY8255,,KY8232,昆明-临沧,,LNJ,D,B7871,B737,2017/7/9 9:00,2017/7/9,9:43,,,,,,,,33-计划,REG,REG,,PAX,,,0
KY8231,,KY8256,昆明-丽江,,LJG,D,B7871,B737,2017/7/9 16:40,2017/7/9,17:33,,,,,,,,33-计划,REG,REG,,PAX,,,0
KY8251,,KY8250,昆明-保山,,BSD,D,B7872,B737,2017/7/9 8:00,2017/7/9,8:49,,,,,,,,33-计划,REG,REG,,PAX,,,0
KY8209,,KY8252,昆明-版纳,,JHG,D,B7872,B737,2017/7/9 12:55,2017/7/9,13:44,,,,,,,,33-计划,REG,REG,,PAX,,,0
HU7236,,HU7235,昆明-广州,,CAN,D,B7886,B738,2017/7/9 19:30,2017/7/9,21:09,,,,,,,,33-计划,REG,REG,,PAX,,,0
SC4926,,SC8423,昆明-济南,,TNA,D,B7975,B738,2017/7/9 6:50,2017/7/9,9:27,,,,,,,,33-计划,REG,REG,,PAX,,,0
SC8843,,SC4925,昆明-济南-大阪,TNA,KIX,M,B7976,B738,2017/7/9 6:50,2017/7/9,9:27,,,J11-J12,,,,,33-计划,REG,REG,,PAX,,,0
SC8836,,SC8844,昆明-景德镇-青岛,JDZ,TAO,D,B7979,B738,2017/7/9 6:55,2017/7/9,,,,,,,,,33-计划,REG,REG,,PAX,,,0
8L9655,,8L9974,昆明-忻州-哈尔滨,WUT,HRB,D,B7988,B738,2017/7/9 6:10,2017/7/9,8:49,,,,,,,,33-计划,REG,REG,,PAX,,,0
8L9555,,8L9656,昆明-海口,,HAK,D,B7988,B738,2017/7/9 23:10,2017/7/9,0:39,,,,,,,,33-计划,REG,REG,,PAX,,,0
8L9957,,8L9892,昆明-武汉,,WUH,D,B7989,B738,2017/7/9 7:10,2017/7/9,8:58,159,5,,,,,,33-计划,REG,REG,,PAX,,,0
8L9855,,8L9958,昆明-绵阳,,MIG,D,B7989,B738,2017/7/9 15:50,2017/7/9,17:07,,,,,,,,33-计划,REG,REG,,PAX,,,0
8L9991,,8L9856,昆明-兰州-乌鲁,ZGC,URC,D,B7990,B738,2017/7/9 12:25,2017/7/9,14:20,,,,,,,,33-计划,REG,REG,,PAX,,,1
8L9973,,8L9870,昆明-郑州,,CGO,D,B7991,B738,2017/7/9 7:05,2017/7/9,9:20,,,,,,,,33-计划,REG,REG,,PAX,,,1
8L9597,,8L9956,昆明-曼谷,,BKK,I,B7992,B738,2017/7/9 17:55,2017/7/9,19:48,,,,,,,,33-计划,REG,REG,,PAX,,,0
8L9883,,8L9640,昆明-南京,,NKG,D,B7993,B738,2017/7/9 17:55,2017/7/9,20:15,,,,,,,,33-计划,REG,REG,,PAX,,,0
8L9639,,8L9598,昆明-甲米,,KBV,I,B7993,B738,2017/7/9 9:30,2017/7/9,12:08,,,K06-K09,,,,,33-计划,REG,REG,,PAX,,,0
MU2755,,MU2755,昆明-版纳,,JHG,D,B8017,A319,2017/7/9 21:05,2017/7/9,21:51,,,,,,,,33-计划,REG,REG,,PAX,,,0
GS7876,,GS7875,昆明-西安-天津,XIY,TSN,D,B8075,A320,2017/7/9 19:50,2017/7/9,21:37,,,,,,,,33-计划,REG,REG,,PAX,,,0
HAH702,,HAH701,昆明-北京,,PEK,D,B8116,CL30,2017/7/9 18:00,2017/7/9,,,,,,,,,33-计划,REG,REG,,SPE,,,0
JD5790,,JD5789,昆明-版纳,,JHG,D,B8170,A320,2017/7/9 12:20,2017/7/9,13:07,,,,,,,,33-计划,REG,REG,,PAX,,,0
MU2726,,MU2765,昆明-南京,,NKG,D,B8222,A320,2017/7/9 8:30,2017/7/9,10:48,134,32,,,,,,33-计划,REG,REG,,PAX,,,0
MU215,,MU5477,昆明-南京-温哥华,NKG,YVR,M,B8231,A33H,2017/7/9 9:10,2017/7/9,11:28,129,42,,,,,,33-计划,REG,REG,,PAX,,,0
A67105,,A67106,昆明-南昌,,KHN,D,B8285,A321,2017/7/9 9:40,2017/7/9,11:33,709,,,,,,,33-计划,REG,REG,,PAX,,,0
3U8553,,3U8216,昆明-重庆-乌鲁,CKG,URC,D,B8329,A320,2017/7/9 8:45,2017/7/9,9:53,533,,,,,,,33-计划,REG,REG,,PAX,,,0
3U8929,,3U8554,昆明-长沙-沈阳,HHA,SHE,D,B8331,A320,2017/7/9 8:05,2017/7/9,9:40,153,27,,,,,,33-计划,REG,REG,,PAX,,,0
3U8662,,3U8930,昆明-成都,,CTU,D,B8331,A320,2017/7/9 23:00,2017/7/9,0:04,,,,,,,,33-计划,REG,REG,,PAX,,,0
CA4275,,CA4276,昆明-哈尔滨,,HRB,D,B8338,A320,2017/7/9 15:35,2017/7/9,19:45,,,,,,,,33-计划,REG,REG,,PAX,,,0
MU5438,,MU5437,昆明-南充-上海,NAO,PVG,D,B8379,A319,2017/7/9 15:40,2017/7/9,17:08,,,,,,,,33-计划,REG,REG,,PAX,,,0
MU5684,,MU5683,昆明-黎平,,HZH,D,B8390,A319,2017/7/9 14:30,2017/7/9,15:42,,,,,,,,33-计划,REG,REG,,PAX,,,0
TV6008,,TV6007,昆明-丽江-兰州,LJG,ZGC,D,B8419,A320,2017/7/9 13:20,2017/7/9,14:13,,,,,,,,33-计划,REG,REG,,PAX,,,0
8L9675,,8L9596,昆明-富国岛,,PQC,I,B8445,A320,2017/7/9 17:55,2017/7/9,20:23,,,J16-J18,,,,,33-计划,REG,REG,,PAX,,,0
8L9595,,8L9748,昆明-吉隆坡,,KUL,I,B8445,A320,2017/7/9 9:00,2017/7/9,12:45,106,75,K01-K04,,,,,33-计划,REG,REG,,PAX,,,0
8L9871,,8L9988,昆明-宜昌-宁波,YIH,NGB,D,B8446,A320,2017/7/9 13:50,2017/7/9,15:33,,,,,,,,33-计划,REG,REG,,PAX,,,0
GJ8662,,GJ8872,昆明-贵阳-杭州,KWE,HGH,D,B8453,A320,2017/7/9 6:55,2017/7/9,7:47,143,63,,,,,,33-计划,REG,REG,,PAX,,,0
CA1956,,CA1751,昆明-温州,,WNZ,D,B8493,A320,2017/7/9 12:05,2017/7/9,14:33,,,,,,,,33-计划,REG,REG,,PAX,,,1
3U8947,,3U8108,昆明-济南,,TNA,D,B8500,A320,2017/7/9 6:55,2017/7/9,9:33,,,,,,,,33-计划,REG,REG,,PAX,,,0
3U8201,,3U8948,昆明-上海,,PVG,D,B8500,A320,2017/7/9 16:10,2017/7/9,18:45,,,,,,,,33-计划,REG,REG,,PAX,,,0
GJ8838,,GJ8837,昆明-珠海-杭州,ZUH,HGH,D,B8560,A320,2017/7/9 18:05,2017/7/9,19:53,,,,,,,,33-计划,REG,REG,,PAX,,,0
MU2178,,MU2177,昆明-宁波,,NGB,D,B8570,A325,2017/7/9 18:25,2017/7/9,20:55,,,,,,,,33-计划,REG,REG,,PAX,,,0
ZH9534,,ZH9533,昆明-无锡,,WUX,D,B8633,A322,2017/7/9 15:10,2017/7/9,17:44,,,,,,,,33-计划,REG,REG,,PAX,,,0
CZ3432,,CZ3431,昆明-海口,,HAK,D,B8639,A321,2017/7/9 10:55,2017/7/9,12:23,,,,,,,,33-计划,REG,REG,,PAX,,,0
CZ6598,,CZ6597,昆明-三亚,,SYX,D,B8641,A321,2017/7/9 21:05,2017/7/9,22:43,,,,,,,,33-计划,REG,REG,,PAX,,,0
9C8828,,9C8827,昆明-芷江-上海,HJJ,SHA,D,B8647,A320,2017/7/9 12:15,2017/7/9,13:22,,,,,,,,33-计划,REG,REG,,PAX,,,0
8L9985,,8L9862,昆明-太原-呼和,TYN,HET,D,B8731,A320,2017/7/9 15:40,2017/7/9,18:04,,,,,,,,33-计划,REG,REG,,PAX,,,0
8L9861,,8L9542,昆明-合肥,,HFE,D,B8731,A320,2017/7/9 6:45,2017/7/9,8:54,164,12,,,,,,33-计划,REG,REG,,PAX,,,0
8L9947,,8L9556,昆明-成都,,CTU,D,B8732,A320,2017/7/9 10:25,2017/7/9,11:28,,,,,,,,33-计划,REG,REG,,PAX,,,0
8L9889,,8L9948,昆明-上海,,PVG,D,B8732,A320,2017/7/9 16:55,2017/7/9,19:35,,,,,,,,33-计划,REG,REG,,PAX,,,0
GS7858,,GS7857,昆明-西安-天津,XIY,TSN,D,B8776,A330,2017/7/9 14:05,2017/7/9,15:52,,,,,,,,33-计划,REG,REG,,PAX,,,0
CZ6800,,CZ6799,昆明-上海,,PVG,D,B8869,A321,2017/7/9 19:45,2017/7/9,22:28,,,,,,,,33-计划,REG,REG,,PAX,,,0
MU2362,,MU2361,昆明-西安,,XIY,D,B8977,A325,2017/7/9 21:30,2017/7/9,23:21,,,,,,,,33-计划,REG,REG,,PAX,,,0
MU2208,,MU2207,昆明-西安,,XIY,D,B9907,A320,2017/7/9 18:10,2017/7/9,19:59,,,,,,,,33-计划,REG,REG,,PAX,,,0
ZH9790,,ZH9789,昆明-泉州,,JJN,D,B9908,A322,2017/7/9 9:05,2017/7/9,11:27,524R,,,,,,,33-计划,REG,REG,,PAX,,,0
ZH9713,,ZH9714,昆明-太原-沈阳,TYN,SHE,D,B9939,A320,2017/7/9 10:05,2017/7/9,12:30,526L,,,,,,,33-计划,REG,REG,,PAX,,,0
GS7662,,GS7661,昆明-西安,,XIY,D,B9948,A320,2017/7/9 22:50,2017/7/9,0:37,,,,,,,,33-计划,REG,REG,,PAX,,,0
GS7856,,GS7855,昆明-天津,,TSN,D,B9963,A320,2017/7/9 13:25,2017/7/9,16:17,,,,,,,,33-计划,REG,REG,,PAX,,,0
KA761,,KA760,昆明-香港,,HKG,R,BHSR,A320,2017/7/9 15:20,2017/7/9,,,,K04-K10,,,,,33-计划,REG,REG,,PAX,,,1
UO274,,UO273,昆明-香港,,HKG,R,BLCH,A320,2017/7/9 12:10,2017/7/9,,,,J16-J19,,,,,33-计划,REG,REG,,PAX,,,0
KE886,,KE885,昆明-首尔,,ICN,I,HL8240,B738,2017/7/9 23:30,2017/7/9,3:24,,,J11-J14,,,,,33-计划,REG,REG,,PAX,,,0
FD583,,FD582,昆明-廊曼,,DMK,I,HSBBE,A320,2017/7/9 12:30,2017/7/9,,,,K01-K04,,,,,33-计划,REG,REG,,PAX,,,0
QV816,,QV815,昆明-万象,,VTE,I,RDPL34223,A320,2017/7/9 10:50,2017/7/9,12:03,,,,,,,,33-计划,REG,REG,,PAX,,,0
TG613,,TG612,昆明-清迈-曼谷,CNX,BKK,I,,B747,2017/7/9 15:20,2017/7/9,16:41,,,J15-J19,,,,,33-计划,REG,REG,,PAX,,,0
