FLT,VIP,LKF,REG,RFC,VI1,TOF,ITY,TAR,STA,ETA,FSA,SDT,OPE,POP,RCP,NAT,FLX,MFF,SST,HDL,ORG,TDT,ATA,ABP,CAR
AK101,,AK100,9MAFF,吉隆坡-昆明,,I,A320,,2017/7/9 16:55,,33-计划,,REG,REG,,PAX,,,0,YAG,KUL,,,,
MI912,,MI913,9VMGD,新加坡-昆明,,I,B738,,2017/7/9 12:20,,33-计划,,REG,REG,,PAX,,,1,YAG,SIN,,,,
MU2497,,MU2494,B1422,武汉-昆明,,D,B738,,2017/7/9 10:10,,33-计划,,REG,REG,,PAX,,,0,CES,WUH,,,,
MU2493,,MU2498,B1422,温州-武汉-昆明,WUH,D,B738,,2017/7/9 22:10,,33-计划,,REG,REG,,PAX,,,0,CES,WNZ,,,,
KY8352,,KY8269,B1459,芒市-昆明,,D,B737,,2017/7/9 17:50,,33-计划,,REG,REG,,PAX,,,0,YAG,LUM,,,,
KY8270,,,B1459,丽江-版纳-昆明,JHG,D,B737,,2017/7/10 0:10,,33-计划,,REG,REG,,PAX,,,0,YAG,LJG,,,,
KY8334,,,B1507,大连-西安-昆明,XIY,D,B738,,2017/7/10 0:10,,33-计划,,REG,REG,,PAX,,,0,YAG,DLC,,,,
CA1403,,CA1404,B1529,北京-昆明,,D,B738,,2017/7/9 10:25,,33-计划,,REG,REG,,PAX,,,1,YAG,PEK,,,,
HU7211,,HU7212,B1542,北京-昆明,,D,B738,,2017/7/9 11:35,,33-计划,,REG,REG,,PAX,,,0,YAG,PEK,,,,
8L9710,,8L9975,B1587,南京-连城-昆明,LCX,D,B738,,2017/7/9 16:55,,33-计划,,REG,REG,,PAX,,,0,YAG,NKG,,,,
8L9976,,,B1587,广州-昆明,,D,B738,,2017/7/10 0:55,,33-计划,,REG,REG,,PAX,,,0,YAG,CAN,,,,
8L9888,,8L9955,B1588,上海-宜春-昆明,YIC,D,B738,,2017/7/9 19:50,,33-计划,,REG,REG,,PAX,,,0,YAG,SHA,,,,
DR6560,,,B1593,大连-太原-昆明,TYN,D,B738,,2017/7/10 1:00,,33-计划,,REG,REG,,PAX,,,0,YAG,DLC,,,,
DR6570,,DR6559,B1593,北海-昆明,,D,B738,,2017/7/9 11:20,,33-计划,,REG,REG,,PAX,,,0,YAG,BHY,,,,
DR6522,,,B1595,成都-昆明,,D,B738,,2017/7/10 0:30,,33-计划,,REG,REG,,PAX,,,0,YAG,CTU,,,,
DR6538,,,B1597,兰州-昆明,,D,B738,,2017/7/10 0:20,,33-计划,,REG,REG,,PAX,,,0,YAG,ZGC,,,,
DR6530,,DR6537,B1597,呼和-太原-昆明,TYN,D,B738,,2017/7/9 17:50,,33-计划,,REG,REG,,PAX,,,0,YAG,HET,,,,
MU5093,Y,MU5093,B1609,兰州-昆明,,D,A320,311,2017/7/9 21:05,,33-计划,,REG,REG,,PAX,,,0,CES,ZGC,,,,
B7289,,B7290,B16219,高雄-昆明,,R,A321,,2017/7/9 10:35,,33-计划,,REG,REG,,PAX,,,0,CES,KHH,,,,
MU2975,,MU2976,B1635,无锡-昆明,,D,A320,,2017/7/9 13:25,,33-计划,,REG,REG,,PAX,,,0,CES,WUX,,,,
MU2205,,MU2206,B1641,银川-昆明,,D,A320,,2017/7/9 10:25,,33-计划,,REG,REG,,PAX,,,0,CES,INC,,,,
MU2185,,MU2186,B1641,银川-昆明,,D,A320,,2017/7/9 18:05,,33-计划,,REG,REG,,PAX,,,0,CES,INC,,,,
JD5155,,JD5156,B1643,丽江-昆明,,D,A319,,2017/7/9 15:05,,33-计划,,REG,REG,,PAX,,,0,YAG,LJG,,,,
CZ3419,,,B1653,广州-昆明,,D,A320,,2017/7/9 23:48,,33-计划,,REG,REG,,PAX,,,0,YAG,CAN,,,,
3U8838,,3U8837,B1662,北京-万州-昆明,WXN,D,A320,,2017/7/9 13:15,,33-计划,,REG,REG,,PAX,,,0,YAG,PEK,,,,
MU2985,,MU2986,B1678,无锡-重庆-昆明,CKG,D,A320,,2017/7/9 18:55,,33-计划,,REG,REG,,PAX,,,0,CES,WUX,,,,
CZ3452,,CZ3452,B1697,丽江-昆明,,D,A320,,2017/7/9 20:08,,33-计划,,REG,REG,,PAX,,,0,YAG,LJG,,,,
CZ3451,,CZ3451,B1697,深圳-昆明,,D,A320,,2017/7/9 16:08,,33-计划,,REG,REG,,PAX,,,0,YAG,SZX,,,,
MU748,,,B1702,大阪-上海-昆明,PVG,M,B738,,2017/7/10 0:25,,33-计划,,REG,REG,,PAX,,,0,CES,KIX,,,,
MU2570,,MU2570,B1703,清迈-昆明,,I,B738,,2017/7/9 11:40,,33-计划,,REG,REG,,PAX,,,0,CES,CNX,,,,
MU5708,,,B1703,北京-昆明,,D,B738,,2017/7/10 0:20,,33-计划,,REG,REG,,PAX,,,0,CES,PEK,,,,
MU5229,,MU5146,B1722,温州-昆明,,D,B738,,2017/7/9 20:20,,33-计划,,REG,REG,,PAX,,,0,CES,WNZ,,,,
MU5145,,MU5230,B1723,太原-昆明,,D,B738,,2017/7/9 21:15,,33-计划,,REG,REG,,PAX,,,0,CES,TYN,,,,
HU7889,,HU7890,B1728,深圳-昆明,,D,B738,,2017/7/9 21:35,,33-计划,,REG,REG,,PAX,,,0,YAG,SZX,,,,
SC4769,,SC4770,B1743,厦门-昆明,,D,B738,,2017/7/9 9:50,,33-计划,,REG,REG,,PAX,,,0,YAG,XMN,,,,
SC8885,,SC8885,B1745,乌鲁-昆明,,D,B738,,2017/7/9 23:30,,33-计划,,REG,REG,,PAX,,,0,YAG,URC,,,,
MU2568,,MU2568,B1788,曼德勒-昆明,,I,B738,,2017/7/9 19:00,,33-计划,,REG,REG,,PAX,,,0,CES,MDL,,,,
MU2574,,MU2574,B1789,万象-昆明,,I,B738,,2017/7/9 19:00,,33-计划,,REG,REG,,PAX,,,0,CES,VTE,,,,
MU2573,,MU2573,B1789,北京-昆明,,D,B738,,2017/7/9 12:45,,33-计划,,REG,REG,,PAX,,,0,CES,PEK,,,,
MU5810,,MU555,B1790,上海-昆明,,D,B738,,2017/7/9 22:30,,33-计划,,REG,REG,,PAX,,,0,CES,SHA,,,,
MU5732,,MU5809,B1790,广州-昆明,,D,B738,,2017/7/9 13:50,,33-计划,,REG,REG,,PAX,,,0,CES,CAN,,,,
MU5772,,,B1791,广州-昆明,,D,B738,,2017/7/10 0:40,,33-计划,,REG,REG,,PAX,,,0,CES,CAN,,,,
MU784,,MU5771,B1791,万象-南宁-昆明,NNG,M,B738,,2017/7/9 17:20,,33-计划,,REG,REG,,PAX,,,0,CES,VTE,,,,
MU5812,,MU5763,B1792,上海-昆明,,D,B738,,2017/7/9 19:50,,33-计划,,REG,REG,,PAX,,,1,CES,SHA,,,,
MU5764,,MU5811,B1792,深圳-昆明,,D,B738,,2017/7/9 9:25,,33-计划,,REG,REG,,PAX,,,0,CES,SZX,,,,
3U8824,,,B1819,南昌-昆明,,D,A320,,2017/7/10 1:20,,33-计划,,REG,REG,,PAX,,,0,YAG,KHN,,,,
3U8768,,3U8823,B1819,温州-南宁-昆明,NNG,D,A320,,2017/7/9 16:05,,33-计划,,REG,REG,,PAX,,,0,YAG,WNZ,,,,
3U8667,,,B1820,成都-昆明,,D,A320,,2017/7/9 23:05,,33-计划,,REG,REG,,PAX,,,0,YAG,CTU,,,,
3U8514,,3U8668,B1820,兰州-重庆-昆明,CKG,D,A320,,2017/7/9 17:20,,33-计划,,REG,REG,,PAX,,,0,YAG,ZGC,,,,
3U8528,,,B1822,西安-昆明,,D,A320,,2017/7/9 22:15,,33-计划,,REG,REG,,PAX,,,0,YAG,XIY,,,,
OQ2357,,OQ2358,B1827,重庆-昆明,,D,A320,,2017/7/9 20:53,,33-计划,,REG,REG,,PAX,,,1,YAG,CKG,,,,
OQ2327,,OQ2328,B1827,重庆-昆明,,D,A320,,2017/7/9 8:43,,33-计划,,REG,REG,,PAX,,,1,YAG,CKG,,,,
CZ6425,,CZ6426,B1828,大连-武汉-昆明,WUH,D,A320,,2017/7/9 12:43,,33-计划,,REG,REG,,PAX,,,0,YAG,DLC,,,,
MU5455,,,B1836,宁波-昆明,,D,A320,,2017/7/9 23:00,,33-计划,,REG,REG,,PAX,,,0,CES,NGB,,,,
MU5453,,MU5454,B1836,宁波-武汉-昆明,WUH,D,A320,,2017/7/9 13:15,,33-计划,,REG,REG,,PAX,,,0,CES,NGB,,,,
CA4459,,,B1852,成都-昆明,,D,A320,,2017/7/9 23:15,,33-计划,,REG,REG,,PAX,,,1,YAG,CTU,,,,
MU5497,,MU5498,B1859,青岛-昆明,,D,A320,,2017/7/9 10:50,,33-计划,,REG,REG,,PAX,,,0,CES,TAO,,,,
MU5078,,,B1862,曼谷-昆明,,I,A320,,2017/7/9 23:20,,33-计划,,REG,REG,,PAX,,,0,CES,BKK,,,,
MU5077,,MU5077,B1862,合肥-昆明,,D,A320,,2017/7/9 14:30,,33-计划,,REG,REG,,PAX,,,0,CES,HFE,,,,
GJ8872,,,B1867,长春-临沂-昆明,LYI,D,A320,,2017/7/9 22:35,,33-计划,,REG,REG,,PAX,,,0,YAG,CGQ,,,,
CZ6923,,CZ6924,B1880,深圳-昆明,,D,A321,,2017/7/9 21:03,,33-计划,,REG,REG,,PAX,,,0,YAG,SZX,,,,
3U8108,,,B1881,青岛-常州-昆明,CZX,D,A320,,2017/7/10 1:30,,33-计划,,REG,REG,,PAX,,,0,YAG,TAO,,,,
3U8918,,3U8107,B1881,厦门-昆明,,D,A320,,2017/7/9 12:50,,33-计划,,REG,REG,,PAX,,,0,YAG,XMN,,,,
3U8222,,3U8724,B1886,福州-南宁-昆明,NNG,D,A320,,2017/7/9 20:50,,33-计划,,REG,REG,,PAX,,,0,YAG,FOC,,,,
MU742,,,B1907,曼谷-昆明,,I,B738,,2017/7/9 19:20,,33-计划,,REG,REG,,PAX,,,0,CES,BKK,,,,
MU5740,,MU741,B1907,广州-昆明,,D,B738,,2017/7/9 10:05,,33-计划,,REG,REG,,PAX,,,0,CES,CAN,,,,
MU5776,,MU5737,B1908,广州-昆明,,D,B738,,2017/7/9 14:35,,33-计划,,REG,REG,,PAX,,,0,CES,CAN,,,,
MU5738,,MU5733,B1908,广州-昆明,,D,B738,,2017/7/9 21:25,,33-计划,,REG,REG,,PAX,,,0,CES,CAN,,,,
CZ3415,,CZ3416,B1925,广州-昆明,,D,B738,,2017/7/9 14:03,,33-计划,,REG,REG,,PAX,,,0,YAG,CAN,,,,
KY8282,,,B1926,上海-昆明,,D,B738,,2017/7/9 22:40,,33-计划,,REG,REG,,PAX,,,0,YAG,PVG,,,,
KY8254,,KY8281,B1926,西安-昆明,,D,B738,,2017/7/9 13:40,,33-计划,,REG,REG,,PAX,,,0,YAG,XIY,,,,
SC4873,,SC4874,B1931,烟台-济南-昆明,TNA,D,B738,,2017/7/9 12:00,,33-计划,,REG,REG,,PAX,,,0,YAG,YNT,,,,
CZ6949,,CZ6950,B1952,乌鲁-重庆-昆明,CKG,D,B738,,2017/7/9 16:38,,33-计划,,REG,REG,,PAX,,,0,YAG,URC,,,,
DR6592,,,B1960,西安-昆明,,D,B738,,2017/7/10 0:35,,33-计划,,REG,REG,,PAX,,,0,YAG,XIY,,,,
BK2797,,BK2715,B1963,长沙-昆明,,D,B738,,2017/7/9 9:10,,33-计划,,REG,REG,,PAX,,,0,YAG,HHA,,,,
BK2716,,BK2798,B1963,南京-昆明,,D,B738,,2017/7/9 16:50,,33-计划,,REG,REG,,PAX,,,0,YAG,NKG,,,,
FM9429,,FM9430,B1968,上海-衡阳-昆明,HNY,D,B738,,2017/7/9 16:20,,33-计划,,REG,REG,,PAX,,,0,CES,PVG,,,,
MU5292,,MU5299,B1981,北京-太原-昆明,TYN,D,B738,,2017/7/9 15:10,,33-计划,,REG,REG,,PAX,,,0,CES,PEK,,,,
KN2381,,KN5212,B1989,石家庄-昆明,,D,B738,,2017/7/9 10:00,,33-计划,,REG,REG,,PAX,,,0,CES,SJW,,,,
KN5211,,KN2382,B1990,南苑-汉中-昆明,HZG,D,B738,,2017/7/9 19:55,,33-计划,,REG,REG,,PAX,,,0,CES,NAY,,,,
KY8308,,KY8275,B1991,南昌-昆明,,D,B738,,2017/7/9 11:55,,33-计划,,REG,REG,,PAX,,,0,YAG,KHN,,,,
KY8276,,,B1991,济南-昆明,,D,B738,,2017/7/9 22:20,,33-计划,,REG,REG,,PAX,,,0,YAG,TNA,,,,
MU2785,,,B2230,南京-昆明,,D,A320,,2017/7/10 0:30,,33-计划,,REG,REG,,PAX,,,0,CES,NKG,,,,
UW9930,,,B2330,武汉-昆明,,D,A306,,2017/7/10 0:10,,33-计划,,REG,REG,,SPE,,,0,YAG,WUH,,,,
MU2433,,MU2434,B2333,青岛-宜昌-昆明,YIH,D,A319,,2017/7/9 18:55,,33-计划,,REG,REG,,PAX,,,0,CES,TAO,,,,
MU2245,,MU2246,B2356,西宁-昆明,,D,A320,,2017/7/9 22:15,,33-计划,,REG,REG,,PAX,,,0,CES,XNN,,,,
MU2359,,MU2360,B2372,西宁-昆明,,D,A320,,2017/7/9 9:20,,33-计划,,REG,REG,,PAX,,,0,CES,XNN,,,,
CZ3459,,CZ3460,B2395,深圳-昆明,,D,A320,,2017/7/9 10:23,,33-计划,,REG,REG,,PAX,,,0,YAG,SZX,,,,
MU2995,,,B2412,无锡-重庆-昆明,CKG,D,A320,,2017/7/9 23:10,,33-计划,,REG,REG,,PAX,,,0,CES,WUX,,,,
MU2765,,,B2412,长春-南京-昆明,NKG,D,A320,,2017/7/9 21:35,,33-计划,,REG,REG,,PAX,,,0,CES,CGQ,,,,
HU7111,,HU7112,B2491,北京-昆明,,D,B763,,2017/7/9 19:10,,33-计划,,REG,REG,,PAX,,,1,YAG,PEK,,,,
MU5930,,,B2502,文山-昆明,,D,B737,,2017/7/9 23:05,,33-计划,,REG,REG,,PAX,,,0,CES,WNH,,,,
MU5874,,MU5929,B2502,厦门-宜宾-昆明,YBP,D,B737,,2017/7/9 18:25,,33-计划,,REG,REG,,PAX,,,0,CES,XMN,,,,
MU5968,,MU5714,B2503,临沧-昆明,,D,B737,,2017/7/9 17:00,,33-计划,,REG,REG,,PAX,,,0,CES,LNJ,,,,
MU5898,,,B2503,普洱-昆明,,D,B737,,2017/7/9 21:25,,33-计划,,REG,REG,,PAX,,,0,CES,SYM,,,,
MU5757,,MU5967,B2503,芒市-昆明,,D,B737,,2017/7/9 12:20,,33-计划,,REG,REG,,PAX,,,0,CES,LUM,,,,
FM9451,,FM9452,B2570,上海-昆明,,D,B763,,2017/7/9 12:30,,33-计划,,REG,REG,,PAX,,,0,CES,SHA,,,,
CA1487,,CA1488,B2613,北京-达县-昆明,DAX,D,B737,,2017/7/9 14:20,,33-计划,,REG,REG,,PAX,,,0,YAG,PEK,,,,
CZ3492,,CZ3492,B2620,版纳-昆明,,D,B737,,2017/7/9 14:23,,33-计划,,REG,REG,,PAX,,,0,YAG,JHG,,,,
CZ3491,,CZ3491,B2620,郑州-昆明,,D,B737,,2017/7/9 10:33,,33-计划,,REG,REG,,PAX,,,0,YAG,CGO,,,,
CZ6370,,CZ6370,B2622,版纳-昆明,,D,B737,,2017/7/9 19:53,,33-计划,,REG,REG,,PAX,,,0,YAG,JHG,,,,
CZ6369,,CZ6369,B2622,郑州-昆明,,D,B737,,2017/7/9 15:43,,33-计划,,REG,REG,,PAX,,,0,YAG,CGO,,,,
MU5960,,,B2639,临沧-昆明,,D,B737,,2017/7/9 18:50,,33-计划,,REG,REG,,PAX,,,0,CES,LNJ,,,,
MU5958,,MU5959,B2639,临沧-昆明,,D,B737,,2017/7/9 12:25,,33-计划,,REG,REG,,PAX,,,0,CES,LNJ,,,,
KY8342,,,B2667,南宁-厦门-昆明,XMN,D,B737,,2017/7/9 22:00,,33-计划,,REG,REG,,PAX,,,0,YAG,NNG,,,,
KY8266,,,B2669,杭州-昆明,,D,B737,,2017/7/10 0:05,,33-计划,,REG,REG,,PAX,,,0,YAG,HGH,,,,
KY8236,,KY8265,B2669,杭州-昆明,,D,B737,,2017/7/9 15:25,,33-计划,,REG,REG,,PAX,,,0,YAG,HGH,,,,
8L9984,,,B2677,西安-昆明,,D,B738,,2017/7/10 1:10,,33-计划,,REG,REG,,PAX,,,0,YAG,XIY,,,,
8L9864,,8L9983,B2677,徐州-重庆-昆明,CKG,D,B738,,2017/7/9 17:30,,33-计划,,REG,REG,,PAX,,,0,YAG,XUZ,,,,
KY8248,,,B2678,芒市-昆明,,D,B737,,2017/7/10 0:50,,33-计划,,REG,REG,,PAX,,,0,YAG,LUM,,,,
KY8244,,KY8247,B2678,普洱-昆明,,D,B737,,2017/7/9 20:55,,33-计划,,REG,REG,,PAX,,,0,YAG,SYM,,,,
KY8230,,KY8243,B2678,腾冲-昆明,,D,B737,,2017/7/9 17:25,,33-计划,,REG,REG,,PAX,,,0,YAG,TCZ,,,,
KY8302,,,B2679,惠州-昆明,,D,B737,,2017/7/9 23:50,,33-计划,,REG,REG,,PAX,,,0,YAG,HUZ,,,,
KY8246,,KY8301,B2679,芒市-昆明,,D,B737,,2017/7/9 15:55,,33-计划,,REG,REG,,PAX,,,0,YAG,LUM,,,,
CF9018,,CF9017,B2827,南京-昆明,,D,B757,,2017/7/9 8:55,,33-计划,,REG,REG,,CGO,,,0,UNK,NKG,,,,
QSR302,,,B3373,北京-昆明,,D,CL85,,2017/7/9 16:15,,33-计划,,REG,REG,,SPE,,,0,UNK,PEK,,,,
CZ3542,,,B5020,杭州-武汉-昆明,WUH,D,B738,,2017/7/10 0:08,,33-计划,,REG,REG,,PAX,,,0,YAG,HGH,,,,
KY8206,,,B5025,哈尔滨-济南-昆明,TNA,D,B737,,2017/7/9 23:10,,33-计划,,REG,REG,,PAX,,,0,YAG,HRB,,,,
KY8298,,,B5026,长春-石家庄-昆明,SJW,D,B737,,2017/7/9 23:20,,33-计划,,REG,REG,,PAX,,,0,YAG,CGQ,,,,
MU5942,,MU5815,B5054,大理-昆明,,D,B737,,2017/7/9 12:25,,33-计划,,REG,REG,,PAX,,,0,CES,DLU,,,,
MU5804,,,B5054,上海-昆明,,D,B737,,2017/7/9 23:00,,33-计划,,REG,REG,,PAX,,,0,CES,SHA,,,,
HU7087,,HU7088,B5090,海口-昆明,,D,B738,,2017/7/9 9:35,,33-计划,,REG,REG,,PAX,,,1,YAG,HAK,,,,
MU5914,,,B5097,版纳-昆明,,D,B737,,2017/7/9 22:20,,33-计划,,REG,REG,,PAX,,,0,CES,JHG,,,,
MU5816,,MU5732,B5097,上海-六盘水-昆明,LPF,D,B737,,2017/7/9 13:05,,33-计划,,REG,REG,,PAX,,,0,CES,SHA,,,,
MU5771,,MU5748,B5097,西昌-昆明,,D,B737,,2017/7/9 18:00,,33-计划,,REG,REG,,PAX,,,0,CES,XIC,,,,
FM9539,,FM9540,B5130,温州-昆明,,D,B738,,2017/7/9 10:45,,33-计划,,REG,REG,,PAX,,,0,CES,WNZ,,,,
MF8429,,,B5152,厦门-昆明,,D,B738,,2017/7/9 23:45,,33-计划,,REG,REG,,PAX,,,3,YAG,XMN,,,,
CZ3857,,CZ3858,B5155,汕头-昆明,,D,B738,,2017/7/9 10:58,,33-计划,,REG,REG,,PAX,,,0,YAG,SWA,,,,
FM9541,,FM9542,B5185,郑州-昆明,,D,B738,,2017/7/9 10:35,,33-计划,,REG,REG,,PAX,,,0,CES,CGO,,,,
NS3269,,NS3270,B5212,石家庄-昆明,,D,B737,,2017/7/9 19:20,,33-计划,,REG,REG,,PAX,,,0,YAG,SJW,,,,
MF8405,,MF8406,B5218,厦门-昆明,,D,B737,,2017/7/9 10:45,,33-计划,,REG,REG,,PAX,,,3,YAG,XMN,,,,
MU5972,,,B5225,芒市-昆明,,D,B737,,2017/7/10 0:15,,33-计划,,REG,REG,,PAX,,,0,CES,LUM,,,,
MU5984,,MU5712,B5225,保山-昆明,,D,B737,,2017/7/9 18:45,,33-计划,,REG,REG,,PAX,,,0,CES,BSD,,,,
MU5892,,MU5740,B5225,普洱-昆明,,D,B737,,2017/7/9 10:35,,33-计划,,REG,REG,,PAX,,,0,CES,SYM,,,,
MU5737,,MU5983,B5225,大理-昆明,,D,B737,,2017/7/9 14:25,,33-计划,,REG,REG,,PAX,,,0,CES,DLU,,,,
MU5902,,,B5231,版纳-昆明,,D,B737,,2017/7/10 0:35,,33-计划,,REG,REG,,PAX,,,0,CES,JHG,,,,
MU5724,,MU5724,B5231,西安-昆明,,D,B737,,2017/7/9 19:50,,33-计划,,REG,REG,,PAX,,,0,CES,XIY,,,,
MU5723,,MU5723,B5231,版纳-昆明,,D,B737,,2017/7/9 12:15,,33-计划,,REG,REG,,PAX,,,0,CES,JHG,,,,
CZ6601,,CZ6602,B5238,郑州-昆明,,D,B737,,2017/7/9 20:58,,33-计划,,REG,REG,,PAX,,,0,YAG,CGO,,,,
MU5990,,,B5242,重庆-昭通-昆明,ZAT,D,B737,,2017/7/9 18:20,,33-计划,,REG,REG,,PAX,,,0,CES,CKG,,,,
MU5962,,MU5989,B5242,临沧-昆明,,D,B737,,2017/7/9 10:45,,33-计划,,REG,REG,,PAX,,,0,CES,LNJ,,,,
MU5733,,,B5243,丽江-昆明,,D,B737,,2017/7/9 22:25,,33-计划,,REG,REG,,PAX,,,0,CES,LJG,,,,
MU9756,,MU5717,B5245,保山-昆明,,D,B737,,2017/7/9 11:30,,33-计划,,REG,REG,,PAX,,,0,CES,BSD,,,,
MU5803,,MU5920,B5245,腾冲-昆明,,D,B737,,2017/7/9 17:00,,33-计划,,REG,REG,,PAX,,,0,CES,TCZ,,,,
8L9520,,8L9801,B5248,芒市-昆明,,D,B737,,2017/7/9 14:20,,33-计划,,REG,REG,,PAX,,,0,YAG,LUM,,,,
8L9852,,8L9851,B5249,腾冲-昆明,,D,B737,,2017/7/9 13:50,,33-计划,,REG,REG,,PAX,,,0,YAG,TCZ,,,,
MU5884,,MU5706,B5255,湛江-昆明,,D,B737,,2017/7/9 22:20,,33-计划,,REG,REG,,PAX,,,0,CES,ZHA,,,,
MU5844,,MU5883,B5255,成都-昆明,,D,B737,,2017/7/9 15:25,,33-计划,,REG,REG,,PAX,,,0,CES,CTU,,,,
MU5974,,MU2571,B5256,芒市-昆明,,D,B737,,2017/7/9 13:20,,33-计划,,REG,REG,,PAX,,,0,CES,LUM,,,,
MU5747,,MU5973,B5256,版纳-昆明,,D,B737,,2017/7/9 8:35,,33-计划,,REG,REG,,PAX,,,0,CES,JHG,,,,
MU2572,,,B5256,加德-昆明,,I,B737,,2017/7/9 23:30,,33-计划,,REG,REG,,PAX,,,0,CES,KTM,,,,
MU5461,,MU7184,B5257,温州-昆明,,D,B737,,2017/7/9 18:25,,33-计划,,REG,REG,,PAX,,,0,CES,WNZ,,,,
MU2143,,MU5462,B5257,太原-昆明,,D,B737,,2017/7/9 10:30,,33-计划,,REG,REG,,PAX,,,0,CES,TYN,,,,
MU7183,,MU2144,B5258,北京-昆明,,D,B737,,2017/7/9 15:40,,33-计划,,REG,REG,,PAX,,,0,CES,PEK,,,,
MU758,,,B5259,加德-昆明,,I,B737,,2017/7/9 22:10,,33-计划,,REG,REG,,PAX,,,0,CES,KTM,,,,
MU5964,,MU757,B5259,临沧-昆明,,D,B737,,2017/7/9 13:35,,33-计划,,REG,REG,,PAX,,,0,CES,LNJ,,,,
MU5711,,MU5963,B5259,版纳-昆明,,D,B737,,2017/7/9 9:55,,33-计划,,REG,REG,,PAX,,,0,CES,JHG,,,,
FM9454,,FM9454,B5261,版纳-昆明,,D,B737,,2017/7/9 15:45,,33-计划,,REG,REG,,PAX,,,0,CES,JHG,,,,
FM9453,,FM9453,B5261,上海-昆明,,D,B737,,2017/7/9 11:45,,33-计划,,REG,REG,,PAX,,,0,CES,SHA,,,,
MU5743,,MU2561,B5263,保山-昆明,,D,B737,,2017/7/9 12:00,,33-计划,,REG,REG,,PAX,,,0,CES,BSD,,,,
MU2562,,MU5803,B5263,琅勃-昆明,,I,B737,,2017/7/9 18:10,,33-计划,,REG,REG,,PAX,,,0,CES,LPQ,,,,
MU5910,,,B5265,版纳-昆明,,D,B737,,2017/7/10 1:15,,33-计划,,REG,REG,,PAX,,,0,CES,JHG,,,,
MU5763,,MU5909,B5265,大理-昆明,,D,B737,,2017/7/9 19:15,,33-计划,,REG,REG,,PAX,,,0,CES,DLU,,,,
MU5928,,MU9743,B5267,文山-昆明,,D,B737,,2017/7/9 13:00,,33-计划,,REG,REG,,PAX,,,0,CES,WNH,,,,
MU5906,,,B5270,版纳-昆明,,D,B737,,2017/7/10 0:50,,33-计划,,REG,REG,,PAX,,,0,CES,JHG,,,,
MU9737,,MU5905,B5270,芒市-昆明,,D,B737,,2017/7/9 19:15,,33-计划,,REG,REG,,PAX,,,0,CES,LUM,,,,
8L9924,,8L9906,B5272,保山-昆明,,D,B737,,2017/7/9 22:50,,33-计划,,REG,REG,,PAX,,,1,YAG,BSD,,,,
8L9915,,8L9923,B5272,版纳-昆明,,D,B737,,2017/7/9 9:40,,33-计划,,REG,REG,,PAX,,,0,YAG,JHG,,,,
MU5922,,,B5276,丽江-昆明,,D,B737,,2017/7/9 23:55,,33-计划,,REG,REG,,PAX,,,0,CES,LJG,,,,
MU5988,Y,MU5743,B5276,保山-昆明,,D,B737,,2017/7/9 10:55,,33-计划,,REG,REG,,PAX,,,0,CES,BSD,,,,
MU5744,,MU5744,B5276,广州-昆明,,D,B737,,2017/7/9 19:25,,33-计划,,REG,REG,,PAX,,,0,CES,CAN,,,,
MU5944,,,B5282,大理-昆明,,D,B737,,2017/7/9 18:40,,33-计划,,REG,REG,,PAX,,,0,CES,DLU,,,,
8L9712,,,B5292,汕头-桂林-昆明,KWL,D,B737,,2017/7/10 0:05,,33-计划,,REG,REG,,PAX,,,0,YAG,SWA,,,,
8L9905,,8L9841,B5292,版纳-昆明,,D,B737,,2017/7/9 7:50,,33-计划,,REG,REG,,PAX,,,1,YAG,JHG,,,,
8L9842,,8L9711,B5292,普洱-昆明,,D,B737,,2017/7/9 12:10,,33-计划,,REG,REG,,PAX,,,0,YAG,SYM,,,,
MU5826,,,B5293,桂林-昆明,,D,B737,,2017/7/9 14:00,,33-计划,,REG,REG,,PAX,,,0,CES,KWL,,,,
MU5748,,,B5295,天津-昆明,,D,B737,,2017/7/9 18:00,,33-计划,,REG,REG,,PAX,,,0,CES,TSN,,,,
ZH9411,,ZH9412,B5317,深圳-昆明,,D,B737,,2017/7/9 9:40,,33-计划,,REG,REG,,PAX,,,0,YAG,SZX,,,,
MF8641,,MF8476,B5319,泉州-珠海-昆明,ZUH,D,B738,,2017/7/9 19:05,,33-计划,,REG,REG,,PAX,,,0,YAG,JJN,,,,
8L9866,,,B5359,济南-昆明,,D,B738,,2017/7/9 14:40,,33-计划,,REG,REG,,PAX,,,0,YAG,TNA,,,,
ZH9455,,ZH9456,B5363,广州-昆明,,D,B738,,2017/7/9 21:30,,33-计划,,REG,REG,,PAX,,,0,YAG,CAN,,,,
HU7163,,HU7164,B5373,深圳-昆明,,D,B738,,2017/7/9 10:25,,33-计划,,REG,REG,,PAX,,,1,YAG,SZX,,,,
ZH9561,,ZH9562,B5381,南京-昆明,,D,B737,,2017/7/9 11:10,,33-计划,,REG,REG,,PAX,,,0,YAG,NKG,,,,
MF8475,,MF8642,B5382,福州-昆明,,D,B738,,2017/7/9 19:05,,33-计划,,REG,REG,,PAX,,,3,YAG,FOC,,,,
MF8417,,MF8418,B5383,厦门-昆明,,D,B738,,2017/7/9 14:40,,33-计划,,REG,REG,,PAX,,,3,YAG,XMN,,,,
8L9960,,8L9993,B5407,宁波-安庆-昆明,AQG,D,B738,,2017/7/9 17:45,,33-计划,,REG,REG,,PAX,,,1,YAG,NGB,,,,
MU2495,,MU2496,B5475,成都-昆明,,D,B738,,2017/7/9 9:35,,33-计划,,REG,REG,,PAX,,,0,CES,CTU,,,,
CA1401,,CA1402,B5525,天津-昆明,,D,B738,,2017/7/9 19:15,,33-计划,,REG,REG,,PAX,,,1,YAG,TSN,,,,
MU2567,,MU2567,B5527,广州-昆明,,D,B738,,2017/7/9 8:55,,33-计划,,REG,REG,,PAX,,,0,CES,CAN,,,,
MU5850,,,B5527,成都-昆明,,D,B738,,2017/7/9 21:00,,33-计划,,REG,REG,,PAX,,,1,CES,CTU,,,,
MU2030,,MU5849,B5527,曼德勒-昆明,,I,B738,,2017/7/9 15:00,,33-计划,,REG,REG,,PAX,,,0,CES,MDL,,,,
SC4719,,SC4720,B5543,重庆-昆明,,D,B738,,2017/7/9 21:30,,33-计划,,REG,REG,,PAX,,,0,YAG,CKG,,,,
BK2897,,BK2743,B5562,天津-昆明,,D,B738,,2017/7/9 13:20,,33-计划,,REG,REG,,PAX,,,0,YAG,TSN,,,,
BK2744,,BK2898,B5562,版纳-昆明,,D,B738,,2017/7/9 17:15,,33-计划,,REG,REG,,PAX,,,0,YAG,JHG,,,,
HU7311,,,B5611,北京-昆明,,D,B738,,2017/7/10 0:55,,33-计划,,REG,REG,,PAX,,,0,YAG,PEK,,,,
MU2264,,,B5647,沈阳-西安-昆明,XIY,D,B738,,2017/7/9 23:20,,33-计划,,REG,REG,,PAX,,,0,CES,SHE,,,,
KY8322,,KY8233,B5672,成都-昆明,,D,B738,,2017/7/9 12:35,,33-计划,,REG,REG,,PAX,,,0,YAG,CTU,,,,
KY8220,,KY8203,B5673,深圳-昆明,,D,B738,,2017/7/9 10:55,,33-计划,,REG,REG,,PAX,,,0,YAG,SZX,,,,
KY8204,,KY8219,B5673,南京-昆明,,D,B738,,2017/7/9 19:00,,33-计划,,REG,REG,,PAX,,,0,YAG,NKG,,,,
CZ3495,,CZ3496,B5678,郑州-昆明,,D,B738,,2017/7/9 16:33,,33-计划,,REG,REG,,PAX,,,0,YAG,CGO,,,,
MU734,,MU9737,B5683,香港-昆明,,R,B738,,2017/7/9 19:45,,33-计划,,REG,REG,,PAX,,,0,CES,HKG,,,,
MU5862,,MU733,B5683,重庆-昆明,,D,B738,,2017/7/9 12:30,,33-计划,,REG,REG,,PAX,,,0,CES,CKG,,,,
MF8427,,MF8428,B5688,福州-昆明,,D,B738,,2017/7/9 11:00,,33-计划,,REG,REG,,PAX,,,3,YAG,FOC,,,,
CA1481,,CA1482,B5696,天津-运城-昆明,YCU,D,B738,,2017/7/9 17:05,,33-计划,,REG,REG,,PAX,,,0,YAG,TSN,,,,
MU9716,,,B5701,武汉-昆明,,D,B738,,2017/7/9 21:05,,33-计划,,REG,REG,,PAX,,,0,CES,WUH,,,,
KY8240,,,B5702,青岛-昆明,,D,B738,,2017/7/10 0:25,,33-计划,,REG,REG,,PAX,,,0,YAG,TAO,,,,
KY8284,,KY8239,B5702,上海-昆明,,D,B738,,2017/7/9 15:15,,33-计划,,REG,REG,,PAX,,,0,YAG,PVG,,,,
CZ3863,,CZ3864,B5716,汕头-南宁-昆明,NNG,D,B738,,2017/7/9 19:53,,33-计划,,REG,REG,,PAX,,,0,YAG,SWA,,,,
8L9980,,,B5732,深圳-昆明,,D,B738,,2017/7/9 22:30,,33-计划,,REG,REG,,PAX,,,1,YAG,SZX,,,,
8L9894,,8L9979,B5732,珠海-昆明,,D,B738,,2017/7/9 13:25,,33-计划,,REG,REG,,PAX,,,0,YAG,ZUH,,,,
CZ3747,,CZ3748,B5740,珠海-昆明,,D,B738,,2017/7/9 20:28,,33-计划,,REG,REG,,PAX,,,0,YAG,ZUH,,,,
CZ3469,,CZ3470,B5741,武汉-昆明,,D,B738,,2017/7/9 16:08,,33-计划,,REG,REG,,PAX,,,0,YAG,WUH,,,,
CZ6561,,CZ6562,B5742,义乌-昆明,,D,B738,,2017/7/9 19:23,,33-计划,,REG,REG,,PAX,,,0,YAG,YIW,,,,
MU2032,,,B5756,仰光-昆明,,I,B738,,2017/7/9 19:45,,33-计划,,REG,REG,,PAX,,,0,CES,RGN,,,,
ZH9451,,,B5772,广州-昆明,,D,B738,,2017/7/9 22:45,,33-计划,,REG,REG,,PAX,,,0,YAG,CAN,,,,
ZH9531,,ZH9532,B5773,无锡-昆明,,D,B738,,2017/7/9 18:15,,33-计划,,REG,REG,,PAX,,,0,YAG,WUX,,,,
ZH9415,,,B5775,深圳-昆明,,D,B738,,2017/7/9 23:35,,33-计划,,REG,REG,,PAX,,,0,YAG,SZX,,,,
ZH9413,,ZH9414,B5775,深圳-昆明,,D,B738,,2017/7/9 16:30,,33-计划,,REG,REG,,PAX,,,0,YAG,SZX,,,,
MU5726,,,B5795,乌鲁-昆明,,D,B738,,2017/7/9 23:25,,33-计划,,REG,REG,,PAX,,,0,CES,URC,,,,
MU9738,,MU5725,B5795,天津-昆明,,D,B738,,2017/7/9 13:10,,33-计划,,REG,REG,,PAX,,,0,CES,TSN,,,,
MU5818,,,B5796,上海-兴义-昆明,ACX,D,B738,,2017/7/9 20:20,,33-计划,,REG,REG,,PAX,,,1,CES,SHA,,,,
MU5894,,MU2565,B5802,普洱-昆明,,D,B737,,2017/7/9 13:05,,33-计划,,REG,REG,,PAX,,,0,CES,SYM,,,,
MU2566,,,B5802,河内-南宁-昆明,NNG,M,B737,,2017/7/9 22:15,,33-计划,,REG,REG,,PAX,,,0,CES,HAN,,,,
8L9804,,8L9945,B5805,丽江-昆明,,D,B737,,2017/7/9 21:55,,33-计划,,REG,REG,,PAX,,,0,YAG,LJG,,,,
MU9731,,,B5807,长沙-昆明,,D,B737,,2017/7/9 14:10,,33-计划,,REG,REG,,PAX,,,0,CES,HHA,,,,
MU5982,,MU5760,B5809,保山-昆明,,D,B737,,2017/7/9 16:00,,33-计划,,REG,REG,,PAX,,,0,CES,BSD,,,,
MU5741,,MU5981,B5809,版纳-昆明,,D,B737,,2017/7/9 11:20,,33-计划,,REG,REG,,PAX,,,0,CES,JHG,,,,
DR6578,,,B5811,沈阳-榆林-昆明,UYN,D,B737,,2017/7/9 22:05,,33-计划,,REG,REG,,PAX,,,0,YAG,SHE,,,,
DR6508,,DR6501,B5812,芒市-昆明,,D,B737,,2017/7/9 12:00,,33-计划,,REG,REG,,PAX,,,0,YAG,LUM,,,,
DR6504,,DR6579,B5812,芒市-昆明,,D,B737,,2017/7/9 19:40,,33-计划,,REG,REG,,PAX,,,0,YAG,LUM,,,,
DR6502,,DR6503,B5812,芒市-昆明,,D,B737,,2017/7/9 15:55,,33-计划,,REG,REG,,PAX,,,0,YAG,LUM,,,,
MU5946,,MU5835,B5815,澜沧-昆明,,D,B737,,2017/7/9 10:20,,33-计划,,REG,REG,,PAX,,,0,CES,JMJ,,,,
MU5836,,,B5815,汕头-昆明,,D,B737,,2017/7/9 17:15,,33-计划,,REG,REG,,PAX,,,0,CES,SWA,,,,
MU5966,,MU9738,B5817,沧源-昆明,,D,B737,,2017/7/9 14:05,,33-计划,,REG,REG,,PAX,,,0,CES,CWJ,,,,
MU5986,,,B5817,保山-昆明,,D,B737,,2017/7/9 22:55,,33-计划,,REG,REG,,PAX,,,0,CES,BSD,,,,
MU5715,,MU5742,B5817,芒市-昆明,,D,B737,,2017/7/9 18:35,,33-计划,,REG,REG,,PAX,,,0,CES,LUM,,,,
MU9732,,MU9732,B5819,拉萨-昆明,,D,B737,,2017/7/9 21:15,,33-计划,,REG,REG,,PAX,,,0,CES,LXA,,,,
MU5886,,MU9731,B5819,湛江-昆明,,D,B737,,2017/7/9 12:55,,33-计划,,REG,REG,,PAX,,,0,CES,ZHA,,,,
MU5940,Y,,B5820,拉萨-迪庆-昆明,DIG,D,B737,115,2017/7/9 17:25,,33-计划,,REG,REG,,PAX,,,0,CES,LXA,,,,
MU5932,,,B5821,迪庆-昆明,,D,B737,,2017/7/9 23:40,,33-计划,,REG,REG,,PAX,,,0,CES,DIG,,,,
MU5856,,MU5897,B5821,成都-昆明,,D,B737,,2017/7/9 15:40,,33-计划,,REG,REG,,PAX,,,0,CES,CTU,,,,
MU5718,,MU5812,B5821,普洱-昆明,,D,B737,,2017/7/9 19:55,,33-计划,,REG,REG,,PAX,,,0,CES,SYM,,,,
8L9913,,,B5823,版纳-昆明,,D,B737,,2017/7/10 1:40,,33-计划,,REG,REG,,PAX,,,0,YAG,JHG,,,,
8L9922,,8L9904,B5823,沧源-昆明,,D,B737,,2017/7/9 13:55,,33-计划,,REG,REG,,PAX,,,0,YAG,CWJ,,,,
8L9903,,8L9914,B5823,版纳-昆明,,D,B737,,2017/7/9 22:05,,33-计划,,REG,REG,,PAX,,,0,YAG,JHG,,,,
8L9850,,8L9921,B5823,迪庆-昆明,,D,B737,,2017/7/9 9:55,,33-计划,,REG,REG,,PAX,,,0,YAG,DIG,,,,
8L9946,,,B5825,成都-昆明,,D,B737,,2017/7/10 1:30,,33-计划,,REG,REG,,PAX,,,0,YAG,CTU,,,,
MU5913,,,B5828,版纳-昆明,,D,B737,,2017/7/10 0:50,,33-计划,,REG,REG,,PAX,,,0,CES,JHG,,,,
MU5811,,MU5764,B5828,迪庆-昆明,,D,B737,,2017/7/9 11:00,,33-计划,,REG,REG,,PAX,,,0,CES,DIG,,,,
MU5734,,MU5734,B5828,广州-昆明,,D,B737,,2017/7/9 20:15,,33-计划,,REG,REG,,PAX,,,0,CES,CAN,,,,
DR6512,,,B5829,版纳-昆明,,D,B737,,2017/7/10 1:35,,33-计划,,REG,REG,,PAX,,,0,YAG,JHG,,,,
DR6580,,DR6505,B5829,芒市-昆明,,D,B737,,2017/7/9 14:55,,33-计划,,REG,REG,,PAX,,,0,YAG,LUM,,,,
DR6506,,DR6511,B5829,芒市-昆明,,D,B737,,2017/7/9 21:40,,33-计划,,REG,REG,,PAX,,,0,YAG,LUM,,,,
DR5314,,,B5830,天津-恩施-昆明,ENH,D,B737,,2017/7/9 17:35,,33-计划,,REG,REG,,PAX,,,0,YAG,TSN,,,,
CZ3247,,CZ3248,B5836,桂林-昆明,,D,B738,,2017/7/9 13:48,,33-计划,,REG,REG,,PAX,,,0,YAG,KWL,,,,
CA8937,,,B5850,大连-武当山-昆明,WDS,D,B738,,2017/7/9 22:30,,33-计划,,REG,REG,,PAX,,,0,YAG,DLC,,,,
MU768,,,B5903,旧金山-青岛-昆明,TAO,M,A332,,2017/7/9 21:35,,33-计划,,REG,REG,,PAX,,,0,CES,SFO,,,,
MU5720,,,B5921,北京-昆明,,D,A33E,,2017/7/10 1:30,,33-计划,,REG,REG,,PAX,,,0,CES,PEK,,,,
MU778,,MU5841,B5921,悉尼-昆明,,I,A33E,,2017/7/9 5:30,,33-计划,,REG,REG,,PAX,,,0,CES,SYD,,,,
MU5842,,MU5719,B5921,成都-昆明,,D,A33E,,2017/7/9 12:30,,33-计划,,REG,REG,,PAX,,,0,CES,CTU,,,,
MU774,,MU756,B5926,巴黎-昆明,,I,A33E,105,2017/7/9 7:40,2017/7/9 7:32,32-准时,,REG,REG,,PAX,,,0,CES,CDG,,,,
MU756,,MU9751,B5930,迪拜-昆明,,I,A33E,,2017/7/9 7:10,,33-计划,,REG,REG,,PAX,,,0,CES,DXB,,,,
MU5706,,MU773,B5930,北京-昆明,,D,A33E,,2017/7/9 22:15,,33-计划,,REG,REG,,PAX,,,1,CES,PEK,,,,
8L9966,,,B5971,三亚-昆明,,D,A333,,2017/7/9 12:35,,33-计划,,REG,REG,,PAX,,,0,YAG,SYX,,,,
MU5471,,MU5472,B6003,济南-重庆-昆明,CKG,D,A320,,2017/7/9 19:25,,33-计划,,REG,REG,,PAX,,,0,CES,TNA,,,,
MU5469,,MU5470,B6013,南昌-昆明,,D,A320,,2017/7/9 9:50,,33-计划,,REG,REG,,PAX,,,0,CES,KHN,,,,
8L9870,,,B6015,青岛-武汉-昆明,WUH,D,B738,,2017/7/10 1:40,,33-计划,,REG,REG,,PAX,,,0,YAG,TAO,,,,
8L9652,,8L9869,B6015,郑州-昆明,,D,B738,,2017/7/9 9:45,,33-计划,,REG,REG,,PAX,,,0,YAG,CGO,,,,
8L9898,,,B6016,温州-昆明,,D,B738,,2017/7/10 0:20,,33-计划,,REG,REG,,PAX,,,0,YAG,WNZ,,,,
8L9994,,8L9897,B6016,西安-昆明,,D,B738,,2017/7/9 8:50,,33-计划,,REG,REG,,PAX,,,0,YAG,XIY,,,,
CA1955,,CA1752,B6023,温州-昆明,,D,A319,,2017/7/9 11:10,,33-计划,,REG,REG,,PAX,,,1,YAG,WNZ,,,,
CA1753,,CA1754,B6033,杭州-昆明,,D,A319,,2017/7/9 18:35,,33-计划,,REG,REG,,PAX,,,1,YAG,HGH,,,,
CA416,,CA416,B6047,仰光-昆明,,I,A319,,2017/7/9 15:45,,33-计划,,REG,REG,,PAX,,,0,YAG,RGN,,,,
CA415,,CA415,B6047,成都-昆明,,D,A319,,2017/7/9 9:15,,33-计划,,REG,REG,,PAX,,,0,YAG,CTU,,,,
CZ3997,,,B6059,北京-昆明,,D,A332,,2017/7/9 23:03,,33-计划,,REG,REG,,PAX,,,0,YAG,PEK,,,,
CZ3901,,CZ3902,B6059,北京-昆明,,D,A332,,2017/7/9 12:23,,33-计划,,REG,REG,,PAX,,,0,YAG,PEK,,,,
FM9397,,FM9398,B6108,上海-长沙-昆明,HHA,D,B738,,2017/7/9 15:05,,33-计划,,REG,REG,,PAX,,,0,CES,PVG,,,,
DR6524,,,B6110,丽江-昆明,,D,B737,,2017/7/9 23:50,,33-计划,,REG,REG,,PAX,,,0,YAG,LJG,,,,
CZ6159,,CZ6160,B6111,北京-昆明,,D,A333,,2017/7/9 18:13,,33-计划,,REG,REG,,PAX,,,0,YAG,PEK,,,,
MU5936,Y,MU5935,B6141,迪庆-昆明,,D,B737,114,2017/7/9 15:20,,33-计划,,REG,REG,,PAX,,,0,CES,DIG,,,,
MU5846,,,B6141,成都-昆明,,D,B737,,2017/7/9 23:45,,33-计划,,REG,REG,,PAX,,,0,CES,CTU,,,,
MU5916,,,B6142,版纳-昆明,,D,B737,,2017/7/10 0:35,,33-计划,,REG,REG,,PAX,,,0,CES,JHG,,,,
MU9744,,MU5919,B6142,北京-昭通-昆明,ZAT,D,B737,,2017/7/9 11:45,,33-计划,,REG,REG,,PAX,,,0,CES,PEK,,,,
MU5952,,MU5915,B6142,腾冲-昆明,,D,B737,,2017/7/9 20:00,,33-计划,,REG,REG,,PAX,,,0,CES,TCZ,,,,
MU5719,,MU5802,B6142,丽江-昆明,,D,B737,,2017/7/9 16:15,,33-计划,,REG,REG,,PAX,,,0,CES,LJG,,,,
MU5758,,MU5718,B6143,深圳-昆明,,D,B738,,2017/7/9 19:45,,33-计划,,REG,REG,,PAX,,,0,CES,SZX,,,,
MU2590,,MU5757,B6143,万象-昆明,,I,B738,,2017/7/9 12:25,,33-计划,,REG,REG,,PAX,,,0,CES,VTE,,,,
MU2004,,,B6145,首尔-昆明,,I,B738,,2017/7/9 19:55,,33-计划,,REG,REG,,PAX,,,0,CES,ICN,,,,
MU2569,,MU2569,B6146,北京-昆明,,D,B738,,2017/7/9 11:40,,33-计划,,REG,REG,,PAX,,,0,CES,PEK,,,,
MU2594,,MU5715,B6146,清迈-昆明,,I,B738,,2017/7/9 19:10,,33-计划,,REG,REG,,PAX,,,0,CES,CNX,,,,
MU5750,,,B6147,盐城-长沙-昆明,HHA,D,B738,,2017/7/10 0:20,,33-计划,,REG,REG,,PAX,,,0,CES,YNZ,,,,
MU5717,,MU5749,B6147,北京-昆明,,D,B738,,2017/7/9 12:10,,33-计划,,REG,REG,,PAX,,,0,CES,PEK,,,,
MU5834,,,B6148,兰州-昆明,,D,B738,,2017/7/9 23:10,,33-计划,,REG,REG,,PAX,,,0,CES,ZGC,,,,
MU5802,,MU5833,B6148,上海-昆明,,D,B738,,2017/7/9 16:05,,33-计划,,REG,REG,,PAX,,,1,CES,SHA,,,,
MU5704,,,B6149,北京-济宁-昆明,JNG,D,B738,,2017/7/10 0:55,,33-计划,,REG,REG,,PAX,,,0,CES,PEK,,,,
MU714,,MU5703,B6149,马累-科伦坡-昆明,CMB,I,B738,,2017/7/9 7:55,,33-计划,,REG,REG,,PAX,,,0,CES,MLE,,,,
EU2722,,EU2225,B6163,厦门-柳州-昆明,LZH,D,A319,,2017/7/9 18:25,,33-计划,,REG,REG,,PAX,,,0,YAG,XMN,,,,
EU2226,,EU2224,B6163,版纳-昆明,,D,A319,,2017/7/9 22:15,,33-计划,,REG,REG,,PAX,,,0,YAG,JHG,,,,
EU2223,,EU2721,B6163,成都-昆明,,D,A319,,2017/7/9 8:20,,33-计划,,REG,REG,,PAX,,,0,YAG,CTU,,,,
3U8620,,,B6175,版纳-昆明,,D,A319,,2017/7/9 21:25,,33-计划,,REG,REG,,PAX,,,0,YAG,JHG,,,,
JD5792,,JD5166,B6181,芒市-昆明,,D,A319,,2017/7/9 14:40,,33-计划,,REG,REG,,PAX,,,0,YAG,LUM,,,,
JD5165,,JD5791,B6181,丽江-昆明,,D,A319,,2017/7/9 10:40,,33-计划,,REG,REG,,PAX,,,0,YAG,LJG,,,,
8L9690,,,B6198,合肥-昆明,,D,A319,,2017/7/10 1:10,,33-计划,,REG,REG,,PAX,,,0,YAG,HFE,,,,
8L9942,,8L9689,B6198,大理-昆明,,D,A319,,2017/7/9 17:45,,33-计划,,REG,REG,,PAX,,,0,YAG,DLU,,,,
CZ3449,,CZ3450,B6201,广州-昆明,,D,A319,,2017/7/9 17:33,,33-计划,,REG,REG,,PAX,,,0,YAG,CAN,,,,
CZ3488,,CZ3488,B6208,丽江-昆明,,D,A319,,2017/7/9 19:08,,33-计划,,REG,REG,,PAX,,,0,YAG,LJG,,,,
CZ3487,,CZ3487,B6208,广州-昆明,,D,A319,,2017/7/9 15:08,,33-计划,,REG,REG,,PAX,,,0,YAG,CAN,,,,
CZ3482,,CZ3482,B6209,大理-昆明,,D,A319,,2017/7/9 12:58,,33-计划,,REG,REG,,PAX,,,0,YAG,DLU,,,,
CZ3481,,CZ3481,B6209,广州-昆明,,D,A319,,2017/7/9 9:18,,33-计划,,REG,REG,,PAX,,,0,YAG,CAN,,,,
8L9996,,8L9971,B6221,银川-昆明,,D,A319,,2017/7/9 14:00,,33-计划,,REG,REG,,PAX,,,1,YAG,INC,,,,
8L9972,,,B6221,海口-昆明,,D,A319,,2017/7/9 23:40,,33-计划,,REG,REG,,PAX,,,0,YAG,HAK,,,,
MU2036,,MU2036,B6249,达卡-昆明,,I,B738,,2017/7/9 19:05,,33-计划,,REG,REG,,PAX,,,0,CES,DAC,,,,
MU2035,,MU2035,B6249,北京-昆明,,D,B738,,2017/7/9 11:30,,33-计划,,REG,REG,,PAX,,,0,CES,PEK,,,,
CZ6269,,CZ6270,B6276,哈尔滨-西安-昆明,XIY,D,A320,,2017/7/9 14:43,,33-计划,,REG,REG,,PAX,,,0,YAG,HRB,,,,
CZ3409,,CZ3410,B6289,广州-昆明,,D,A320,,2017/7/9 10:43,,33-计划,,REG,REG,,PAX,,,0,YAG,CAN,,,,
CZ3489,,CZ3490,B6291,广州-昆明,,D,A320,,2017/7/9 20:58,,33-计划,,REG,REG,,PAX,,,0,YAG,CAN,,,,
MU5712,,MU2591,B6333,北京-昆明,,D,A320,,2017/7/9 19:55,,33-计划,,REG,REG,,PAX,,,0,CES,PEK,,,,
MU5655,,MU5711,B6333,杭州-昆明,,D,A320,,2017/7/9 10:50,,33-计划,,REG,REG,,PAX,,,0,CES,HGH,,,,
MU556,,MU556,B6335,加尔-昆明,,I,A320,,2017/7/9 5:45,,33-计划,,REG,REG,,PAX,,,0,CES,CCU,,,,
CZ3407,,CZ3408,B6342,广州-昆明,,D,A321,,2017/7/9 16:28,,33-计划,,REG,REG,,PAX,,,0,YAG,CAN,,,,
3U8228,,,B6348,长春-南京-昆明,NKG,D,A320,,2017/7/10 1:50,,33-计划,,REG,REG,,PAX,,,0,YAG,CGQ,,,,
3U8661,,3U8227,B6348,成都-昆明,,D,A320,,2017/7/9 9:00,,33-计划,,REG,REG,,PAX,,,0,YAG,CTU,,,,
MU2249,,MU2250,B6371,兰州-昆明,,D,A320,,2017/7/9 9:30,,33-计划,,REG,REG,,PAX,,,0,CES,ZGC,,,,
MU5327,,MU5328,B6373,济南-九华山-昆明,JUH,D,A320,,2017/7/9 15:15,,33-计划,,REG,REG,,PAX,,,0,CES,TNA,,,,
HO1093,,,B6395,上海-昆明,,D,A320,,2017/7/10 0:35,,33-计划,,REG,REG,,PAX,,,0,YAG,SHA,,,,
HO1099,,HO1100,B6395,上海-昆明,,D,A320,,2017/7/9 15:30,,33-计划,,REG,REG,,PAX,,,0,YAG,SHA,,,,
3U8818,,3U8619,B6448,拉萨-丽江-昆明,LJG,D,A319,,2017/7/9 16:20,,33-计划,,REG,REG,,PAX,,,0,YAG,LXA,,,,
3U8902,,,B6453,珠海-昆明,,D,A319,,2017/7/9 23:00,,33-计划,,REG,REG,,PAX,,,0,YAG,ZUH,,,,
3U8130,,3U8901,B6453,版纳-昆明,,D,A319,,2017/7/9 12:20,,33-计划,,REG,REG,,PAX,,,0,YAG,JHG,,,,
MU2756,,MU2756,B6457,版纳-昆明,,D,A319,,2017/7/9 9:40,,33-计划,,REG,REG,,PAX,,,0,CES,JHG,,,,
MU2745,,MU2746,B6457,南京-长沙-昆明,HHA,D,A319,,2017/7/9 19:50,,33-计划,,REG,REG,,PAX,,,0,CES,NKG,,,,
MU2706,,MU2706,B6462,丽江-昆明,,D,A319,,2017/7/9 14:35,,33-计划,,REG,REG,,PAX,,,0,CES,LJG,,,,
MU2705,,MU2705,B6462,南京-昆明,,D,A319,,2017/7/9 10:30,,33-计划,,REG,REG,,PAX,,,0,CES,NKG,,,,
TV9893,,TV9819,B6473,拉萨-昆明,,D,A319,,2017/7/9 13:25,,33-计划,,REG,REG,,PAX,,,0,YAG,LXA,,,,
TV9820,,TV9894,B6473,芒市-昆明,,D,A319,,2017/7/9 17:50,,33-计划,,REG,REG,,PAX,,,0,YAG,LUM,,,,
KY8258,,KY8307,B6492,郑州-昆明,,D,B738,,2017/7/9 14:55,,33-计划,,REG,REG,,PAX,,,0,YAG,CGO,,,,
KY8296,,KY8285,B6493,南通-重庆-昆明,CKG,D,B738,,2017/7/9 17:55,,33-计划,,REG,REG,,PAX,,,0,YAG,NTG,,,,
KY8286,,KY8273,B6495,广州-昆明,,D,B738,,2017/7/9 9:15,,33-计划,,REG,REG,,PAX,,,0,YAG,CAN,,,,
KY8274,,KY8221,B6495,武汉-昆明,,D,B738,,2017/7/9 15:55,,33-计划,,REG,REG,,PAX,,,0,YAG,WUH,,,,
KY8222,,,B6495,重庆-昆明,,D,B738,,2017/7/9 21:40,,33-计划,,REG,REG,,PAX,,,0,YAG,CKG,,,,
MU5465,,MU5532,B6560,上海-南昌-昆明,KHN,D,A320,,2017/7/9 15:05,,33-计划,,REG,REG,,PAX,,,0,CES,PVG,,,,
HO1681,,HO1682,B6572,南京-毕节-昆明,BFJ,D,A320,,2017/7/9 13:50,,33-计划,,REG,REG,,PAX,,,0,YAG,NKG,,,,
MU5575,,MU5576,B6587,烟台-郑州-昆明,CGO,D,A320,,2017/7/9 17:25,,33-计划,,REG,REG,,PAX,,,0,CES,YNT,,,,
HO1047,,HO1048,B6619,杭州-毕节-昆明,BFJ,D,A320,,2017/7/9 18:45,,33-计划,,REG,REG,,PAX,,,0,YAG,HGH,,,,
MU5848,,,B6637,成都-昆明,,D,A320,,2017/7/10 1:25,,33-计划,,REG,REG,,PAX,,,0,CES,CTU,,,,
MU5800,,MU5855,B6637,大连-洛阳-昆明,LYA,D,A320,,2017/7/9 20:00,,33-计划,,REG,REG,,PAX,,,0,CES,DLC,,,,
9C8829,,9C8830,B6645,上海-常德-昆明,CGD,D,A320,,2017/7/9 18:35,,33-计划,,REG,REG,,PAX,,,0,YAG,SHA,,,,
9C8937,,9C8938,B6646,石家庄-昆明,,D,A320,,2017/7/9 13:45,,33-计划,,REG,REG,,PAX,,,0,YAG,SJW,,,,
ZH9793,,ZH9794,B6650,泉州-昆明,,D,A320,,2017/7/9 12:40,,33-计划,,REG,REG,,PAX,,,0,YAG,JJN,,,,
CZ8509,,,B6655,长春-青岛-昆明,TAO,D,A320,,2017/7/9 23:13,,33-计划,,REG,REG,,PAX,,,0,YAG,CGQ,,,,
HO1121,,HO1122,B6670,上海-昆明,,D,A320,,2017/7/9 11:50,,33-计划,,REG,REG,,PAX,,,1,YAG,SHA,,,,
MU2181,,MU2182,B6673,西安-昆明,,D,A320,,2017/7/9 10:10,,33-计划,,REG,REG,,PAX,,,0,CES,XIY,,,,
CZ3677,,CZ3678,B6681,上海-昆明,,D,A320,,2017/7/9 10:53,,33-计划,,REG,REG,,PAX,,,0,YAG,PVG,,,,
ZH9265,,ZH9266,B6690,西安-昆明,,D,A320,,2017/7/9 11:05,,33-计划,,REG,REG,,PAX,,,0,YAG,XIY,,,,
ZH9773,,ZH9774,B6691,南昌-昆明,,D,A320,,2017/7/9 12:25,,33-计划,,REG,REG,,PAX,,,0,YAG,KHN,,,,
HO1095,,HO1096,B6717,上海-毕节-昆明,BFJ,D,A320,,2017/7/9 19:25,,33-计划,,REG,REG,,PAX,,,0,YAG,PVG,,,,
3U8034,,3U8967,B6719,丽江-昆明,,D,A320,,2017/7/9 9:55,,33-计划,,REG,REG,,PAX,,,0,YAG,LJG,,,,
3U8968,,,B6719,大连-重庆-昆明,CKG,D,A320,,2017/7/10 1:30,,33-计划,,REG,REG,,PAX,,,0,YAG,DLC,,,,
CZ6403,,CZ6404,B6739,沈阳-重庆-昆明,CKG,D,A320,,2017/7/9 14:38,,33-计划,,REG,REG,,PAX,,,0,YAG,SHE,,,,
MU5646,,MU5646,B6758,版纳-昆明,,D,A320,,2017/7/9 22:00,,33-计划,,REG,REG,,PAX,,,0,CES,JHG,,,,
MU5645,,MU5645,B6758,杭州-昆明,,D,A320,,2017/7/9 17:45,,33-计划,,REG,REG,,PAX,,,0,CES,HGH,,,,
PN6394,,PN6394,B6765,版纳-昆明,,D,A320,,2017/7/9 11:45,,33-计划,,REG,REG,,PAX,,,0,YAG,JHG,,,,
PN6393,,PN6393,B6765,重庆-昆明,,D,A320,,2017/7/9 7:55,,33-计划,,REG,REG,,PAX,,,0,YAG,CKG,,,,
CA4417,,,B6767,成都-昆明,,D,A320,,2017/7/9 22:30,,33-计划,,REG,REG,,PAX,,,0,YAG,CTU,,,,
3U8762,,,B6772,无锡-昆明,,D,A320,,2017/7/9 22:35,,33-计划,,REG,REG,,PAX,,,0,YAG,WUX,,,,
3U8638,,3U8761,B6772,岘港-广州-昆明,CAN,M,A320,,2017/7/9 8:45,,33-计划,,REG,REG,,PAX,,,0,YAG,DAD,,,,
CZ6415,,CZ6416,B6776,沈阳-西安-昆明,XIY,D,A320,,2017/7/9 18:58,,33-计划,,REG,REG,,PAX,,,0,YAG,SHE,,,,
3U8670,,,B6779,石家庄-成都-昆明,CTU,D,A320,,2017/7/9 18:45,,33-计划,,REG,REG,,PAX,,,0,YAG,SJW,,,,
CA4176,,CA4460,B6793,沈阳-昆明,,D,A320,,2017/7/9 16:30,,33-计划,,REG,REG,,PAX,,,0,YAG,SHE,,,,
MU2735,,MU2736,B6796,南京-长沙-昆明,HHA,D,A320,,2017/7/9 18:30,,33-计划,,REG,REG,,PAX,,,0,CES,NKG,,,,
MU2592,,MU5456,B6797,普吉-昆明,,I,A322,,2017/7/9 5:50,,33-计划,,REG,REG,,PAX,,,0,CES,HKT,,,,
8L9634,,,B6800,沙巴-昆明,,I,B738,,2017/7/9 23:30,,33-计划,,REG,REG,,PAX,,,0,YAG,BKI,,,,
MU5463,,MU5450,B6801,上海-合肥-昆明,HFE,D,A320,,2017/7/9 20:40,,33-计划,,REG,REG,,PAX,,,0,CES,PVG,,,,
MU5449,,MU5464,B6801,重庆-昆明,,D,A320,,2017/7/9 8:25,,33-计划,,REG,REG,,PAX,,,0,CES,CKG,,,,
MU5476,,MU5475,B6802,合肥-昆明,,D,A320,,2017/7/9 10:40,,33-计划,,REG,REG,,PAX,,,0,CES,HFE,,,,
8L9876,,,B6809,厦门-昆明,,D,B738,,2017/7/10 0:35,,33-计划,,REG,REG,,PAX,,,0,YAG,XMN,,,,
8L9874,,8L9875,B6809,杭州-赣州-昆明,KOW,D,B738,,2017/7/9 16:40,,33-计划,,REG,REG,,PAX,,,0,YAG,HGH,,,,
CZ6459,,CZ6460,B6812,长春-重庆-昆明,CKG,D,A320,,2017/7/9 14:48,,33-计划,,REG,REG,,PAX,,,0,YAG,CGQ,,,,
CZ3467,,CZ3468,B6816,长沙-昆明,,D,A320,,2017/7/9 20:23,,33-计划,,REG,REG,,PAX,,,0,YAG,HHA,,,,
CA4413,,CA4414,B6828,成都-昆明,,D,A320,,2017/7/9 12:05,,33-计划,,REG,REG,,PAX,,,1,YAG,CTU,,,,
MU5329,,MU5330,B6832,合肥-昆明,,D,A320,,2017/7/9 17:35,,33-计划,,REG,REG,,PAX,,,0,CES,HFE,,,,
3U8854,,3U8853,B6836,哈尔滨-徐州-昆明,XUZ,D,A321,,2017/7/9 15:00,,33-计划,,REG,REG,,PAX,,,0,YAG,HRB,,,,
9C8823,,9C8824,B6852,上海-遵义-昆明,ZYI,D,A320,,2017/7/9 15:35,,33-计划,,REG,REG,,PAX,,,0,YAG,SHA,,,,
ZH9714,,,B6853,沈阳-太原-昆明,TYN,D,A320,,2017/7/9 23:25,,33-计划,,REG,REG,,PAX,,,0,YAG,SHE,,,,
HO1017,,HO1018,B6861,上海-大庸-昆明,DYG,D,A320,,2017/7/9 18:55,,33-计划,,REG,REG,,PAX,,,0,YAG,PVG,,,,
MU2725,,MU2786,B6872,南京-昆明,,D,A320,,2017/7/9 15:30,,33-计划,,REG,REG,,PAX,,,0,CES,NKG,,,,
MU5617,,MU5618,B6878,南昌-昆明,,D,A322,,2017/7/9 21:15,,33-计划,,REG,REG,,PAX,,,0,CES,KHN,,,,
MU555,,,B6880,杭州-昆明,,D,A320,,2017/7/9 22:15,,33-计划,,REG,REG,,PAX,,,0,CES,HGH,,,,
MF8461,,MF8462,B6887,杭州-武汉-昆明,WUH,D,B738,,2017/7/9 18:15,,33-计划,,REG,REG,,PAX,,,3,YAG,HGH,,,,
CZ6427,,CZ6428,B6896,大连-长沙-昆明,HHA,D,A320,,2017/7/9 16:38,,33-计划,,REG,REG,,PAX,,,0,YAG,DLC,,,,
JD5157,,JD5158,B6898,杭州-昆明,,D,A322,,2017/7/9 13:15,,33-计划,,REG,REG,,PAX,,,0,YAG,HGH,,,,
3U8529,,3U8530,B6905,杭州-昆明,,D,A320,,2017/7/9 12:05,,33-计划,,REG,REG,,PAX,,,0,YAG,HGH,,,,
CA4174,,,B6916,北京-昆明,,D,A320,,2017/7/10 1:15,,33-计划,,REG,REG,,PAX,,,0,YAG,PEK,,,,
CA4172,Y,CA4173,B6916,北京-昆明,,D,A320,,2017/7/9 15:25,,33-计划,,REG,REG,,PAX,,,1,YAG,PEK,,,,
CA1937,,CA1938,B6918,上海-昆明,,D,A320,,2017/7/9 19:20,,33-计划,,REG,REG,,PAX,,,0,YAG,PVG,,,,
MU5505,,MU5588,B6925,上海-福州-昆明,FOC,D,A323,,2017/7/9 15:00,,33-计划,,REG,REG,,PAX,,,0,CES,PVG,,,,
MU5814,,,B6928,上海-昆明,,D,A320,,2017/7/10 1:20,,33-计划,,REG,REG,,PAX,,,0,CES,SHA,,,,
MU5830,,MU5813,B6928,郑州-昆明,,D,A320,,2017/7/9 15:05,,33-计划,,REG,REG,,PAX,,,0,CES,CGO,,,,
ZH9789,,,B6939,泉州-昆明,,D,A320,,2017/7/9 16:45,,33-计划,,REG,REG,,PAX,,,0,YAG,JJN,,,,
8L9648,,8L9987,B6943,天津-淮安-昆明,HIA,D,A320,,2017/7/9 18:20,,33-计划,,REG,REG,,PAX,,,0,YAG,TSN,,,,
8L9846,,,B6947,杭州-赣州-昆明,KOW,D,A320,,2017/7/9 20:30,,33-计划,,REG,REG,,PAX,,,0,YAG,HGH,,,,
8L9802,,8L9845,B6947,丽江-昆明,,D,A320,,2017/7/9 8:15,,33-计划,,REG,REG,,PAX,,,0,YAG,LJG,,,,
3U8723,,3U8205,B6955,北京-昆明,,D,A320,,2017/7/9 10:55,,33-计划,,REG,REG,,PAX,,,0,YAG,PEK,,,,
3U8848,,3U8527,B6956,哈尔滨-郑州-昆明,CGO,D,A320,,2017/7/9 21:50,,33-计划,,REG,REG,,PAX,,,0,YAG,HRB,,,,
DZ6314,,DZ6312,B6981,南通-长沙-昆明,HHA,D,B738,,2017/7/9 22:25,,33-计划,,REG,REG,,PAX,,,0,YAG,NTG,,,,
SC8828,,SC8828,B6986,德里-昆明,,I,B738,,2017/7/9 23:00,,33-计划,,REG,REG,,PAX,,,0,YAG,DEL,,,,
SC8827,,SC8827,B6986,济南-昆明,,D,B738,,2017/7/9 9:45,,33-计划,,REG,REG,,PAX,,,0,YAG,TNA,,,,
SC8886,,SC8886,B7086,曼谷-昆明,,I,B738,,2017/7/9 5:55,,33-计划,,REG,REG,,PAX,,,0,YAG,BKK,,,,
SC4737,,SC4738,B7087,青岛-昆明,,D,B738,,2017/7/9 20:05,,33-计划,,REG,REG,,PAX,,,0,YAG,TAO,,,,
DR6516,,,B7088,天津-襄阳-昆明,XFN,D,B737,,2017/7/10 0:20,,33-计划,,REG,REG,,PAX,,,0,YAG,TSN,,,,
DR6510,,DR6515,B7088,版纳-昆明,,D,B737,,2017/7/9 11:40,,33-计划,,REG,REG,,PAX,,,0,YAG,JHG,,,,
KY8262,,,B7089,台州-重庆-昆明,CKG,D,B738,,2017/7/9 17:45,,33-计划,,REG,REG,,PAX,,,0,YAG,HYN,,,,
FU6509,,FU6510,B7105,福州-昆明,,D,B737,,2017/7/9 21:20,,33-计划,,REG,REG,,PAX,,,0,YAG,FOC,,,,
8L9892,,8L9583,B7167,大连-武汉-昆明,WUH,D,B738,,2017/7/9 22:40,,33-计划,,REG,REG,,PAX,,,0,YAG,DLC,,,,
MU5822,,,B7170,哈尔滨-东胜-昆明,DSN,D,B738,,2017/7/9 22:10,,33-计划,,REG,REG,,PAX,,,0,CES,HRB,,,,
MU5766,,,B7589,大连-郑州-昆明,CGO,D,B738,,2017/7/10 0:50,,33-计划,,REG,REG,,PAX,,,0,CES,DLC,,,,
MU7182,,MU5745,B7590,北京-昆明,,D,B738,,2017/7/9 18:00,,33-计划,,REG,REG,,PAX,,,0,CES,PEK,,,,
MU5746,,,B7590,三亚-昆明,,D,B738,,2017/7/10 0:15,,33-计划,,REG,REG,,PAX,,,0,CES,SYX,,,,
MU5782,,,B7591,厦门-昆明,,D,B738,,2017/7/9 23:05,,33-计划,,REG,REG,,PAX,,,0,CES,XMN,,,,
MU5762,,MU5781,B7591,深圳-昆明,,D,B738,,2017/7/9 15:15,,33-计划,,REG,REG,,PAX,,,0,CES,SZX,,,,
MU5854,,,B7592,成都-昆明,,D,B738,,2017/7/9 22:35,,33-计划,,REG,REG,,PAX,,,0,CES,CTU,,,,
MU5714,Y,MU5853,B7592,北京-昆明,,D,B738,,2017/7/9 16:45,,33-计划,,REG,REG,,PAX,,,0,CES,PEK,,,,
MU5824,,,B7599,郑州-昆明,,D,B738,,2017/7/10 0:10,,33-计划,,REG,REG,,PAX,,,0,CES,CGO,,,,
MU5852,,MU5759,B7599,成都-昆明,,D,B738,,2017/7/9 8:55,,33-计划,,REG,REG,,PAX,,,0,CES,CTU,,,,
MU5760,,MU5823,B7599,深圳-昆明,,D,B738,,2017/7/9 16:00,,33-计划,,REG,REG,,PAX,,,0,CES,SZX,,,,
MU5742,,MU5847,B7600,广州-昆明,,D,B738,,2017/7/9 18:50,,33-计划,,REG,REG,,PAX,,,0,CES,CAN,,,,
DZ6311,,DZ6313,B7631,珠海-昆明,,D,B738,,2017/7/9 8:55,,33-计划,,REG,REG,,PAX,,,0,YAG,ZUH,,,,
SC8835,,,B7668,青岛-景德镇-昆明,JDZ,D,B738,,2017/7/10 1:10,,33-计划,,REG,REG,,PAX,,,0,YAG,TAO,,,,
SC4695,,SC4696,B7668,青岛-南京-昆明,NKG,D,B738,,2017/7/9 12:35,,33-计划,,REG,REG,,PAX,,,0,YAG,TAO,,,,
DR6534,,,B7866,武汉-昆明,,D,B738,,2017/7/9 23:55,,33-计划,,REG,REG,,PAX,,,0,YAG,WUH,,,,
DR6562,,,B7867,沈阳-青岛-昆明,TAO,D,B738,,2017/7/10 1:40,,33-计划,,REG,REG,,PAX,,,0,YAG,SHE,,,,
KY8250,,,B7870,丽江-版纳-昆明,JHG,D,B737,,2017/7/10 0:40,,33-计划,,REG,REG,,PAX,,,0,YAG,LJG,,,,
KY8316,,KY8249,B7870,腾冲-昆明,,D,B737,,2017/7/9 19:10,,33-计划,,REG,REG,,PAX,,,0,YAG,TCZ,,,,
KY8232,,,B7871,丽江-昆明,,D,B737,,2017/7/10 0:45,,33-计划,,REG,REG,,PAX,,,0,YAG,LJG,,,,
KY8256,,KY8231,B7871,临沧-昆明,,D,B737,,2017/7/9 11:50,,33-计划,,REG,REG,,PAX,,,0,YAG,LNJ,,,,
KY8252,,KY8209,B7872,保山-昆明,,D,B737,,2017/7/9 10:45,,33-计划,,REG,REG,,PAX,,,0,YAG,BSD,,,,
KY8210,,,B7872,版纳-昆明,,D,B737,,2017/7/9 23:25,,33-计划,,REG,REG,,PAX,,,0,YAG,JHG,,,,
KY8234,,,B7873,太原-昆明,,D,B738,,2017/7/9 22:55,,33-计划,,REG,REG,,PAX,,,0,YAG,TYN,,,,
HU7235,,HU7236,B7886,广州-昆明,,D,B738,,2017/7/9 18:30,,33-计划,,REG,REG,,PAX,,,0,YAG,CAN,,,,
SC4925,,,B7975,济南-昆明,,D,B738,,2017/7/10 1:00,,33-计划,,REG,REG,,PAX,,,0,YAG,TNA,,,,
SC8844,,,B7976,大阪-济南-昆明,TNA,M,B738,,2017/7/10 0:10,,33-计划,,REG,REG,,PAX,,,0,YAG,KIX,,,,
8L9656,,8L9555,B7988,哈尔滨-忻州-昆明,WUT,D,B738,,2017/7/9 20:30,,33-计划,,REG,REG,,PAX,,,0,YAG,HRB,,,,
8L9958,,8L9855,B7989,武汉-昆明,,D,B738,,2017/7/9 12:40,,33-计划,,REG,REG,,PAX,,,0,YAG,WUH,,,,
8L9992,,,B7990,乌鲁-兰州-昆明,ZGC,D,B738,,2017/7/10 1:20,,33-计划,,REG,REG,,PAX,,,0,YAG,URC,,,,
8L9856,,8L9991,B7990,绵阳-昆明,,D,B738,,2017/7/9 8:35,,33-计划,,REG,REG,,PAX,,,0,YAG,MIG,,,,
8L9598,,,B7992,曼谷-昆明,,I,B738,,2017/7/10 0:30,,33-计划,,REG,REG,,PAX,,,0,YAG,BKK,,,,
8L9956,,8L9597,B7992,郑州-昆明,,D,B738,,2017/7/9 16:50,,33-计划,,REG,REG,,PAX,,,1,YAG,CGO,,,,
8L9884,,,B7993,南京-昆明,,D,B738,,2017/7/10 0:40,,33-计划,,REG,REG,,PAX,,,0,YAG,NKG,,,,
8L9640,,8L9883,B7993,甲米-昆明,,I,B738,,2017/7/9 16:25,,33-计划,,REG,REG,,PAX,,,0,YAG,KBV,,,,
MU2755,,MU2755,B8017,南京-昆明,,D,A319,,2017/7/9 20:10,,33-计划,,REG,REG,,PAX,,,0,CES,NKG,,,,
GS7875,,GS7876,B8075,天津-西安-昆明,XIY,D,A320,,2017/7/9 18:55,,33-计划,,REG,REG,,PAX,,,0,YAG,TSN,,,,
HAH701,,HAH702,B8116,北京-昆明,,D,CL30,,2017/7/9 7:45,,33-计划,,REG,REG,,SPE,,,0,UNK,PEK,,,,
JD5789,,JD5790,B8170,版纳-昆明,,D,A320,,2017/7/9 11:20,,33-计划,,REG,REG,,PAX,,,0,YAG,JHG,,,,
A67106,,,B8318,南昌-昆明,,D,A321,,2017/7/9 17:10,,33-计划,,REG,REG,,PAX,,,0,YAG,KHN,,,,
3U8554,,,B8329,乌鲁-重庆-昆明,CKG,D,A320,,2017/7/10 0:10,,33-计划,,REG,REG,,PAX,,,0,YAG,URC,,,,
3U8930,,3U8662,B8331,沈阳-长沙-昆明,HHA,D,A320,,2017/7/9 21:10,,33-计划,,REG,REG,,PAX,,,0,YAG,SHE,,,,
CA4276,,CA4275,B8338,哈尔滨-昆明,,D,A320,,2017/7/9 14:20,,33-计划,,REG,REG,,PAX,,,0,YAG,HRB,,,,
MU5437,,MU5438,B8379,上海-南充-昆明,NAO,D,A319,,2017/7/9 14:15,,33-计划,,REG,REG,,PAX,,,0,CES,PVG,,,,
MU5683,,MU5684,B8390,黎平-昆明,,D,A319,,2017/7/9 13:15,,33-计划,,REG,REG,,PAX,,,0,CES,HZH,,,,
TV6007,,TV6008,B8419,兰州-丽江-昆明,LJG,D,A320,,2017/7/9 11:45,,33-计划,,REG,REG,,PAX,,,0,YAG,ZGC,,,,
QW9855,,,B8443,青岛-屯溪-昆明,TXN,D,A320,,2017/7/10 0:10,,33-计划,,REG,REG,,PAX,,,0,YAG,TAO,,,,
8L9676,,,B8445,富国岛-昆明,,I,A320,,2017/7/10 0:45,,33-计划,,REG,REG,,PAX,,,0,YAG,PQC,,,,
8L9596,,8L9675,B8445,吉隆坡-昆明,,I,A320,,2017/7/9 16:55,,33-计划,,REG,REG,,PAX,,,0,YAG,KUL,,,,
8L9872,,,B8446,宁波-宜昌-昆明,YIH,D,A320,,2017/7/10 0:30,,33-计划,,REG,REG,,PAX,,,0,YAG,NGB,,,,
8L9988,,8L9871,B8446,北京-昆明,,D,A320,,2017/7/9 10:00,,33-计划,,REG,REG,,PAX,,,1,YAG,PEK,,,,
GJ8661,,,B8452,杭州-贵阳-昆明,KWE,D,A320,,2017/7/10 0:30,,33-计划,,REG,REG,,PAX,,,0,YAG,HGH,,,,
CA1751,,CA1956,B8493,杭州-昆明,,D,A320,,2017/7/9 10:30,,33-计划,,REG,REG,,PAX,,,1,YAG,HGH,,,,
3U8948,,3U8201,B8500,济南-昆明,,D,A320,,2017/7/9 13:55,,33-计划,,REG,REG,,PAX,,,0,YAG,TNA,,,,
3U8202,,,B8500,上海-昆明,,D,A320,,2017/7/9 23:45,,33-计划,,REG,REG,,PAX,,,0,YAG,PVG,,,,
GJ8837,,GJ8838,B8560,杭州-珠海-昆明,ZUH,D,A320,,2017/7/9 13:45,,33-计划,,REG,REG,,PAX,,,0,YAG,HGH,,,,
MU2177,,MU2178,B8570,宁波-昆明,,D,A325,,2017/7/9 17:20,,33-计划,,REG,REG,,PAX,,,0,CES,NGB,,,,
ZH9533,,ZH9534,B8633,无锡-昆明,,D,A322,,2017/7/9 14:05,,33-计划,,REG,REG,,PAX,,,0,YAG,WUX,,,,
CZ3431,,CZ3432,B8639,海口-昆明,,D,A321,,2017/7/9 9:48,,33-计划,,REG,REG,,PAX,,,0,YAG,HAK,,,,
CZ6597,,CZ6598,B8641,三亚-昆明,,D,A321,,2017/7/9 19:58,,33-计划,,REG,REG,,PAX,,,0,YAG,SYX,,,,
9C8827,,9C8828,B8647,上海-芷江-昆明,HJJ,D,A320,,2017/7/9 11:15,,33-计划,,REG,REG,,PAX,,,0,YAG,SHA,,,,
8L9986,,,B8731,呼和-太原-昆明,TYN,D,A320,,2017/7/10 1:35,,33-计划,,REG,REG,,PAX,,,0,YAG,HET,,,,
8L9862,,8L9985,B8731,合肥-昆明,,D,A320,,2017/7/9 13:30,,33-计划,,REG,REG,,PAX,,,0,YAG,HFE,,,,
8L9890,,,B8732,上海-昆明,,D,A320,,2017/7/10 0:50,,33-计划,,REG,REG,,PAX,,,0,YAG,PVG,,,,
8L9948,,8L9889,B8732,成都-昆明,,D,A320,,2017/7/9 15:05,,33-计划,,REG,REG,,PAX,,,0,YAG,CTU,,,,
8L9556,,8L9947,B8732,海口-昆明,,D,A320,,2017/7/9 8:50,,33-计划,,REG,REG,,PAX,,,0,YAG,HAK,,,,
GS7857,,GS7858,B8776,天津-西安-昆明,XIY,D,A330,,2017/7/9 13:10,,33-计划,,REG,REG,,PAX,,,0,YAG,TSN,,,,
CZ6799,,CZ6800,B8869,上海-昆明,,D,A321,,2017/7/9 18:13,,33-计划,,REG,REG,,PAX,,,0,YAG,PVG,,,,
MU2361,,MU2362,B8977,西安-昆明,,D,A325,,2017/7/9 20:30,,33-计划,,REG,REG,,PAX,,,0,CES,XIY,,,,
MU2207,,MU2208,B9907,西安-昆明,,D,A320,,2017/7/9 17:10,,33-计划,,REG,REG,,PAX,,,0,CES,XIY,,,,
GS7661,,GS7662,B9948,西安-昆明,,D,A320,,2017/7/9 21:50,,33-计划,,REG,REG,,PAX,,,0,YAG,XIY,,,,
GS7855,,GS7856,B9963,天津-昆明,,D,A320,,2017/7/9 12:05,,33-计划,,REG,REG,,PAX,,,0,YAG,TSN,,,,
KA760,,KA761,BHSR,香港-昆明,,R,A320,,2017/7/9 14:20,,33-计划,,REG,REG,,PAX,,,1,YAG,HKG,,,,
UO273,,UO274,BLCH,香港-昆明,,R,A320,,2017/7/9 11:25,,33-计划,,REG,REG,,PAX,,,0,YAG,HKG,,,,
KE885,,KE886,HL8240,首尔-昆明,,I,B738,,2017/7/9 22:05,,33-计划,,REG,REG,,PAX,,,0,YAG,ICN,,,,
FD582,,FD583,HSBBE,廊曼-昆明,,I,A320,,2017/7/9 11:25,,33-计划,,REG,REG,,PAX,,,0,YAG,DMK,,,,
QV815,,QV816,RDPL34223,万象-昆明,,I,A320,,2017/7/9 9:50,,33-计划,,REG,REG,,PAX,,,0,YAG,VTE,,,,
TG612,,TG613,,曼谷-清迈-昆明,CNX,I,B747,,2017/7/9 14:05,,33-计划,,REG,REG,,PAX,,,0,YAG,BKK,,,,
